<Qucs Dataset 1.0.0>
<indep frequency 1001>
  +1.00000000000000000000e+06
  +1.99900000000000000000e+06
  +2.99800000000000000000e+06
  +3.99700000000000000000e+06
  +4.99600000000000000000e+06
  +5.99500000000000000000e+06
  +6.99400000000000000000e+06
  +7.99300000000000000000e+06
  +8.99200000000000000000e+06
  +9.99100000000000000000e+06
  +1.09900000000000000000e+07
  +1.19890000000000000000e+07
  +1.29880000000000000000e+07
  +1.39870000000000000000e+07
  +1.49860000000000000000e+07
  +1.59850000000000000000e+07
  +1.69840000000000000000e+07
  +1.79830000000000000000e+07
  +1.89820000000000000000e+07
  +1.99810000000000000000e+07
  +2.09800000000000000000e+07
  +2.19790000000000000000e+07
  +2.29780000000000000000e+07
  +2.39770000000000000000e+07
  +2.49760000000000000000e+07
  +2.59750000000000000000e+07
  +2.69740000000000000000e+07
  +2.79730000000000000000e+07
  +2.89720000000000000000e+07
  +2.99710000000000000000e+07
  +3.09700000000000000000e+07
  +3.19690000000000000000e+07
  +3.29680000000000000000e+07
  +3.39670000000000000000e+07
  +3.49660000000000000000e+07
  +3.59650000000000000000e+07
  +3.69640000000000000000e+07
  +3.79630000000000000000e+07
  +3.89620000000000000000e+07
  +3.99610000000000000000e+07
  +4.09600000000000000000e+07
  +4.19590000000000000000e+07
  +4.29580000000000000000e+07
  +4.39570000000000000000e+07
  +4.49560000000000000000e+07
  +4.59550000000000000000e+07
  +4.69540000000000000000e+07
  +4.79530000000000000000e+07
  +4.89520000000000000000e+07
  +4.99510000000000000000e+07
  +5.09500000000000000000e+07
  +5.19490000000000000000e+07
  +5.29480000000000000000e+07
  +5.39470000000000000000e+07
  +5.49460000000000000000e+07
  +5.59450000000000000000e+07
  +5.69440000000000000000e+07
  +5.79430000000000000000e+07
  +5.89420000000000000000e+07
  +5.99410000000000000000e+07
  +6.09400000000000000000e+07
  +6.19390000000000000000e+07
  +6.29380000000000000000e+07
  +6.39370000000000000000e+07
  +6.49360000000000000000e+07
  +6.59350000000000000000e+07
  +6.69340000000000000000e+07
  +6.79330000000000000000e+07
  +6.89320000000000000000e+07
  +6.99310000000000000000e+07
  +7.09300000000000000000e+07
  +7.19290000000000000000e+07
  +7.29280000000000000000e+07
  +7.39270000000000000000e+07
  +7.49260000000000000000e+07
  +7.59250000000000000000e+07
  +7.69240000000000000000e+07
  +7.79230000000000000000e+07
  +7.89220000000000000000e+07
  +7.99210000000000000000e+07
  +8.09200000000000000000e+07
  +8.19190000000000000000e+07
  +8.29180000000000000000e+07
  +8.39170000000000000000e+07
  +8.49160000000000000000e+07
  +8.59150000000000000000e+07
  +8.69140000000000000000e+07
  +8.79130000000000000000e+07
  +8.89120000000000000000e+07
  +8.99110000000000000000e+07
  +9.09100000000000000000e+07
  +9.19090000000000000000e+07
  +9.29080000000000000000e+07
  +9.39070000000000000000e+07
  +9.49060000000000000000e+07
  +9.59050000000000000000e+07
  +9.69040000000000000000e+07
  +9.79030000000000000000e+07
  +9.89020000000000000000e+07
  +9.99010000000000000000e+07
  +1.00900000000000000000e+08
  +1.01899000000000000000e+08
  +1.02898000000000000000e+08
  +1.03897000000000000000e+08
  +1.04896000000000000000e+08
  +1.05895000000000000000e+08
  +1.06894000000000000000e+08
  +1.07893000000000000000e+08
  +1.08892000000000000000e+08
  +1.09891000000000000000e+08
  +1.10890000000000000000e+08
  +1.11889000000000000000e+08
  +1.12888000000000000000e+08
  +1.13887000000000000000e+08
  +1.14886000000000000000e+08
  +1.15885000000000000000e+08
  +1.16884000000000000000e+08
  +1.17883000000000000000e+08
  +1.18882000000000000000e+08
  +1.19881000000000000000e+08
  +1.20880000000000000000e+08
  +1.21879000000000000000e+08
  +1.22878000000000000000e+08
  +1.23877000000000000000e+08
  +1.24876000000000000000e+08
  +1.25875000000000000000e+08
  +1.26874000000000000000e+08
  +1.27873000000000000000e+08
  +1.28872000000000000000e+08
  +1.29871000000000000000e+08
  +1.30870000000000000000e+08
  +1.31869000000000000000e+08
  +1.32868000000000000000e+08
  +1.33867000000000000000e+08
  +1.34866000000000000000e+08
  +1.35865000000000000000e+08
  +1.36864000000000000000e+08
  +1.37863000000000000000e+08
  +1.38862000000000000000e+08
  +1.39861000000000000000e+08
  +1.40860000000000000000e+08
  +1.41859000000000000000e+08
  +1.42858000000000000000e+08
  +1.43857000000000000000e+08
  +1.44856000000000000000e+08
  +1.45855000000000000000e+08
  +1.46854000000000000000e+08
  +1.47853000000000000000e+08
  +1.48852000000000000000e+08
  +1.49851000000000000000e+08
  +1.50850000000000000000e+08
  +1.51849000000000000000e+08
  +1.52848000000000000000e+08
  +1.53847000000000000000e+08
  +1.54846000000000000000e+08
  +1.55845000000000000000e+08
  +1.56844000000000000000e+08
  +1.57843000000000000000e+08
  +1.58842000000000000000e+08
  +1.59841000000000000000e+08
  +1.60840000000000000000e+08
  +1.61839000000000000000e+08
  +1.62838000000000000000e+08
  +1.63837000000000000000e+08
  +1.64836000000000000000e+08
  +1.65835000000000000000e+08
  +1.66834000000000000000e+08
  +1.67833000000000000000e+08
  +1.68832000000000000000e+08
  +1.69831000000000000000e+08
  +1.70830000000000000000e+08
  +1.71829000000000000000e+08
  +1.72828000000000000000e+08
  +1.73827000000000000000e+08
  +1.74826000000000000000e+08
  +1.75825000000000000000e+08
  +1.76824000000000000000e+08
  +1.77823000000000000000e+08
  +1.78822000000000000000e+08
  +1.79821000000000000000e+08
  +1.80820000000000000000e+08
  +1.81819000000000000000e+08
  +1.82818000000000000000e+08
  +1.83817000000000000000e+08
  +1.84816000000000000000e+08
  +1.85815000000000000000e+08
  +1.86814000000000000000e+08
  +1.87813000000000000000e+08
  +1.88812000000000000000e+08
  +1.89811000000000000000e+08
  +1.90810000000000000000e+08
  +1.91809000000000000000e+08
  +1.92808000000000000000e+08
  +1.93807000000000000000e+08
  +1.94806000000000000000e+08
  +1.95805000000000000000e+08
  +1.96804000000000000000e+08
  +1.97803000000000000000e+08
  +1.98802000000000000000e+08
  +1.99801000000000000000e+08
  +2.00800000000000000000e+08
  +2.01799000000000000000e+08
  +2.02798000000000000000e+08
  +2.03797000000000000000e+08
  +2.04796000000000000000e+08
  +2.05795000000000000000e+08
  +2.06794000000000000000e+08
  +2.07793000000000000000e+08
  +2.08792000000000000000e+08
  +2.09791000000000000000e+08
  +2.10790000000000000000e+08
  +2.11789000000000000000e+08
  +2.12788000000000000000e+08
  +2.13787000000000000000e+08
  +2.14786000000000000000e+08
  +2.15785000000000000000e+08
  +2.16784000000000000000e+08
  +2.17783000000000000000e+08
  +2.18782000000000000000e+08
  +2.19781000000000000000e+08
  +2.20780000000000000000e+08
  +2.21779000000000000000e+08
  +2.22778000000000000000e+08
  +2.23777000000000000000e+08
  +2.24776000000000000000e+08
  +2.25775000000000000000e+08
  +2.26774000000000000000e+08
  +2.27773000000000000000e+08
  +2.28772000000000000000e+08
  +2.29771000000000000000e+08
  +2.30770000000000000000e+08
  +2.31769000000000000000e+08
  +2.32768000000000000000e+08
  +2.33767000000000000000e+08
  +2.34766000000000000000e+08
  +2.35765000000000000000e+08
  +2.36764000000000000000e+08
  +2.37763000000000000000e+08
  +2.38762000000000000000e+08
  +2.39761000000000000000e+08
  +2.40760000000000000000e+08
  +2.41759000000000000000e+08
  +2.42758000000000000000e+08
  +2.43757000000000000000e+08
  +2.44756000000000000000e+08
  +2.45755000000000000000e+08
  +2.46754000000000000000e+08
  +2.47753000000000000000e+08
  +2.48752000000000000000e+08
  +2.49751000000000000000e+08
  +2.50750000000000000000e+08
  +2.51749000000000000000e+08
  +2.52748000000000000000e+08
  +2.53747000000000000000e+08
  +2.54746000000000000000e+08
  +2.55745000000000000000e+08
  +2.56744000000000000000e+08
  +2.57743000000000000000e+08
  +2.58742000000000000000e+08
  +2.59741000000000000000e+08
  +2.60740000000000000000e+08
  +2.61739000000000000000e+08
  +2.62738000000000000000e+08
  +2.63737000000000000000e+08
  +2.64736000000000000000e+08
  +2.65735000000000000000e+08
  +2.66734000000000000000e+08
  +2.67733000000000000000e+08
  +2.68732000000000000000e+08
  +2.69731000000000000000e+08
  +2.70730000000000000000e+08
  +2.71729000000000000000e+08
  +2.72728000000000000000e+08
  +2.73727000000000000000e+08
  +2.74726000000000000000e+08
  +2.75725000000000000000e+08
  +2.76724000000000000000e+08
  +2.77723000000000000000e+08
  +2.78722000000000000000e+08
  +2.79721000000000000000e+08
  +2.80720000000000000000e+08
  +2.81719000000000000000e+08
  +2.82718000000000000000e+08
  +2.83717000000000000000e+08
  +2.84716000000000000000e+08
  +2.85715000000000000000e+08
  +2.86714000000000000000e+08
  +2.87713000000000000000e+08
  +2.88712000000000000000e+08
  +2.89711000000000000000e+08
  +2.90710000000000000000e+08
  +2.91709000000000000000e+08
  +2.92708000000000000000e+08
  +2.93707000000000000000e+08
  +2.94706000000000000000e+08
  +2.95705000000000000000e+08
  +2.96704000000000000000e+08
  +2.97703000000000000000e+08
  +2.98702000000000000000e+08
  +2.99701000000000000000e+08
  +3.00700000000000000000e+08
  +3.01699000000000000000e+08
  +3.02698000000000000000e+08
  +3.03697000000000000000e+08
  +3.04696000000000000000e+08
  +3.05695000000000000000e+08
  +3.06694000000000000000e+08
  +3.07693000000000000000e+08
  +3.08692000000000000000e+08
  +3.09691000000000000000e+08
  +3.10690000000000000000e+08
  +3.11689000000000000000e+08
  +3.12688000000000000000e+08
  +3.13687000000000000000e+08
  +3.14686000000000000000e+08
  +3.15685000000000000000e+08
  +3.16684000000000000000e+08
  +3.17683000000000000000e+08
  +3.18682000000000000000e+08
  +3.19681000000000000000e+08
  +3.20680000000000000000e+08
  +3.21679000000000000000e+08
  +3.22678000000000000000e+08
  +3.23677000000000000000e+08
  +3.24676000000000000000e+08
  +3.25675000000000000000e+08
  +3.26674000000000000000e+08
  +3.27673000000000000000e+08
  +3.28672000000000000000e+08
  +3.29671000000000000000e+08
  +3.30670000000000000000e+08
  +3.31669000000000000000e+08
  +3.32668000000000000000e+08
  +3.33667000000000000000e+08
  +3.34666000000000000000e+08
  +3.35665000000000000000e+08
  +3.36664000000000000000e+08
  +3.37663000000000000000e+08
  +3.38662000000000000000e+08
  +3.39661000000000000000e+08
  +3.40660000000000000000e+08
  +3.41659000000000000000e+08
  +3.42658000000000000000e+08
  +3.43657000000000000000e+08
  +3.44656000000000000000e+08
  +3.45655000000000000000e+08
  +3.46654000000000000000e+08
  +3.47653000000000000000e+08
  +3.48652000000000000000e+08
  +3.49651000000000000000e+08
  +3.50650000000000000000e+08
  +3.51649000000000000000e+08
  +3.52648000000000000000e+08
  +3.53647000000000000000e+08
  +3.54646000000000000000e+08
  +3.55645000000000000000e+08
  +3.56644000000000000000e+08
  +3.57643000000000000000e+08
  +3.58642000000000000000e+08
  +3.59641000000000000000e+08
  +3.60640000000000000000e+08
  +3.61639000000000000000e+08
  +3.62638000000000000000e+08
  +3.63637000000000000000e+08
  +3.64636000000000000000e+08
  +3.65635000000000000000e+08
  +3.66634000000000000000e+08
  +3.67633000000000000000e+08
  +3.68632000000000000000e+08
  +3.69631000000000000000e+08
  +3.70630000000000000000e+08
  +3.71629000000000000000e+08
  +3.72628000000000000000e+08
  +3.73627000000000000000e+08
  +3.74626000000000000000e+08
  +3.75625000000000000000e+08
  +3.76624000000000000000e+08
  +3.77623000000000000000e+08
  +3.78622000000000000000e+08
  +3.79621000000000000000e+08
  +3.80620000000000000000e+08
  +3.81619000000000000000e+08
  +3.82618000000000000000e+08
  +3.83617000000000000000e+08
  +3.84616000000000000000e+08
  +3.85615000000000000000e+08
  +3.86614000000000000000e+08
  +3.87613000000000000000e+08
  +3.88612000000000000000e+08
  +3.89611000000000000000e+08
  +3.90610000000000000000e+08
  +3.91609000000000000000e+08
  +3.92608000000000000000e+08
  +3.93607000000000000000e+08
  +3.94606000000000000000e+08
  +3.95605000000000000000e+08
  +3.96604000000000000000e+08
  +3.97603000000000000000e+08
  +3.98602000000000000000e+08
  +3.99601000000000000000e+08
  +4.00600000000000000000e+08
  +4.01599000000000000000e+08
  +4.02598000000000000000e+08
  +4.03597000000000000000e+08
  +4.04596000000000000000e+08
  +4.05595000000000000000e+08
  +4.06594000000000000000e+08
  +4.07593000000000000000e+08
  +4.08592000000000000000e+08
  +4.09591000000000000000e+08
  +4.10590000000000000000e+08
  +4.11589000000000000000e+08
  +4.12588000000000000000e+08
  +4.13587000000000000000e+08
  +4.14586000000000000000e+08
  +4.15585000000000000000e+08
  +4.16584000000000000000e+08
  +4.17583000000000000000e+08
  +4.18582000000000000000e+08
  +4.19581000000000000000e+08
  +4.20580000000000000000e+08
  +4.21579000000000000000e+08
  +4.22578000000000000000e+08
  +4.23577000000000000000e+08
  +4.24576000000000000000e+08
  +4.25575000000000000000e+08
  +4.26574000000000000000e+08
  +4.27573000000000000000e+08
  +4.28572000000000000000e+08
  +4.29571000000000000000e+08
  +4.30570000000000000000e+08
  +4.31569000000000000000e+08
  +4.32568000000000000000e+08
  +4.33567000000000000000e+08
  +4.34566000000000000000e+08
  +4.35565000000000000000e+08
  +4.36564000000000000000e+08
  +4.37563000000000000000e+08
  +4.38562000000000000000e+08
  +4.39561000000000000000e+08
  +4.40560000000000000000e+08
  +4.41559000000000000000e+08
  +4.42558000000000000000e+08
  +4.43557000000000000000e+08
  +4.44556000000000000000e+08
  +4.45555000000000000000e+08
  +4.46554000000000000000e+08
  +4.47553000000000000000e+08
  +4.48552000000000000000e+08
  +4.49551000000000000000e+08
  +4.50550000000000000000e+08
  +4.51549000000000000000e+08
  +4.52548000000000000000e+08
  +4.53547000000000000000e+08
  +4.54546000000000000000e+08
  +4.55545000000000000000e+08
  +4.56544000000000000000e+08
  +4.57543000000000000000e+08
  +4.58542000000000000000e+08
  +4.59541000000000000000e+08
  +4.60540000000000000000e+08
  +4.61539000000000000000e+08
  +4.62538000000000000000e+08
  +4.63537000000000000000e+08
  +4.64536000000000000000e+08
  +4.65535000000000000000e+08
  +4.66534000000000000000e+08
  +4.67533000000000000000e+08
  +4.68532000000000000000e+08
  +4.69531000000000000000e+08
  +4.70530000000000000000e+08
  +4.71529000000000000000e+08
  +4.72528000000000000000e+08
  +4.73527000000000000000e+08
  +4.74526000000000000000e+08
  +4.75525000000000000000e+08
  +4.76524000000000000000e+08
  +4.77523000000000000000e+08
  +4.78522000000000000000e+08
  +4.79521000000000000000e+08
  +4.80520000000000000000e+08
  +4.81519000000000000000e+08
  +4.82518000000000000000e+08
  +4.83517000000000000000e+08
  +4.84516000000000000000e+08
  +4.85515000000000000000e+08
  +4.86514000000000000000e+08
  +4.87513000000000000000e+08
  +4.88512000000000000000e+08
  +4.89511000000000000000e+08
  +4.90510000000000000000e+08
  +4.91509000000000000000e+08
  +4.92508000000000000000e+08
  +4.93507000000000000000e+08
  +4.94506000000000000000e+08
  +4.95505000000000000000e+08
  +4.96504000000000000000e+08
  +4.97503000000000000000e+08
  +4.98502000000000000000e+08
  +4.99501000000000000000e+08
  +5.00500000000000000000e+08
  +5.01499000000000000000e+08
  +5.02498000000000000000e+08
  +5.03497000000000000000e+08
  +5.04496000000000000000e+08
  +5.05495000000000000000e+08
  +5.06494000000000000000e+08
  +5.07493000000000000000e+08
  +5.08492000000000000000e+08
  +5.09491000000000000000e+08
  +5.10490000000000000000e+08
  +5.11489000000000000000e+08
  +5.12488000000000000000e+08
  +5.13487000000000000000e+08
  +5.14486000000000000000e+08
  +5.15485000000000000000e+08
  +5.16484000000000000000e+08
  +5.17483000000000000000e+08
  +5.18482000000000000000e+08
  +5.19481000000000000000e+08
  +5.20480000000000000000e+08
  +5.21479000000000000000e+08
  +5.22478000000000000000e+08
  +5.23477000000000000000e+08
  +5.24476000000000000000e+08
  +5.25475000000000000000e+08
  +5.26474000000000000000e+08
  +5.27473000000000000000e+08
  +5.28472000000000000000e+08
  +5.29471000000000000000e+08
  +5.30470000000000000000e+08
  +5.31469000000000000000e+08
  +5.32468000000000000000e+08
  +5.33467000000000000000e+08
  +5.34466000000000000000e+08
  +5.35465000000000000000e+08
  +5.36464000000000000000e+08
  +5.37463000000000000000e+08
  +5.38462000000000000000e+08
  +5.39461000000000000000e+08
  +5.40460000000000000000e+08
  +5.41459000000000000000e+08
  +5.42458000000000000000e+08
  +5.43457000000000000000e+08
  +5.44456000000000000000e+08
  +5.45455000000000000000e+08
  +5.46454000000000000000e+08
  +5.47453000000000000000e+08
  +5.48452000000000000000e+08
  +5.49451000000000000000e+08
  +5.50450000000000000000e+08
  +5.51449000000000000000e+08
  +5.52448000000000000000e+08
  +5.53447000000000000000e+08
  +5.54446000000000000000e+08
  +5.55445000000000000000e+08
  +5.56444000000000000000e+08
  +5.57443000000000000000e+08
  +5.58442000000000000000e+08
  +5.59441000000000000000e+08
  +5.60440000000000000000e+08
  +5.61439000000000000000e+08
  +5.62438000000000000000e+08
  +5.63437000000000000000e+08
  +5.64436000000000000000e+08
  +5.65435000000000000000e+08
  +5.66434000000000000000e+08
  +5.67433000000000000000e+08
  +5.68432000000000000000e+08
  +5.69431000000000000000e+08
  +5.70430000000000000000e+08
  +5.71429000000000000000e+08
  +5.72428000000000000000e+08
  +5.73427000000000000000e+08
  +5.74426000000000000000e+08
  +5.75425000000000000000e+08
  +5.76424000000000000000e+08
  +5.77423000000000000000e+08
  +5.78422000000000000000e+08
  +5.79421000000000000000e+08
  +5.80420000000000000000e+08
  +5.81419000000000000000e+08
  +5.82418000000000000000e+08
  +5.83417000000000000000e+08
  +5.84416000000000000000e+08
  +5.85415000000000000000e+08
  +5.86414000000000000000e+08
  +5.87413000000000000000e+08
  +5.88412000000000000000e+08
  +5.89411000000000000000e+08
  +5.90410000000000000000e+08
  +5.91409000000000000000e+08
  +5.92408000000000000000e+08
  +5.93407000000000000000e+08
  +5.94406000000000000000e+08
  +5.95405000000000000000e+08
  +5.96404000000000000000e+08
  +5.97403000000000000000e+08
  +5.98402000000000000000e+08
  +5.99401000000000000000e+08
  +6.00400000000000000000e+08
  +6.01399000000000000000e+08
  +6.02398000000000000000e+08
  +6.03397000000000000000e+08
  +6.04396000000000000000e+08
  +6.05395000000000000000e+08
  +6.06394000000000000000e+08
  +6.07393000000000000000e+08
  +6.08392000000000000000e+08
  +6.09391000000000000000e+08
  +6.10390000000000000000e+08
  +6.11389000000000000000e+08
  +6.12388000000000000000e+08
  +6.13387000000000000000e+08
  +6.14386000000000000000e+08
  +6.15385000000000000000e+08
  +6.16384000000000000000e+08
  +6.17383000000000000000e+08
  +6.18382000000000000000e+08
  +6.19381000000000000000e+08
  +6.20380000000000000000e+08
  +6.21379000000000000000e+08
  +6.22378000000000000000e+08
  +6.23377000000000000000e+08
  +6.24376000000000000000e+08
  +6.25375000000000000000e+08
  +6.26374000000000000000e+08
  +6.27373000000000000000e+08
  +6.28372000000000000000e+08
  +6.29371000000000000000e+08
  +6.30370000000000000000e+08
  +6.31369000000000000000e+08
  +6.32368000000000000000e+08
  +6.33367000000000000000e+08
  +6.34366000000000000000e+08
  +6.35365000000000000000e+08
  +6.36364000000000000000e+08
  +6.37363000000000000000e+08
  +6.38362000000000000000e+08
  +6.39361000000000000000e+08
  +6.40360000000000000000e+08
  +6.41359000000000000000e+08
  +6.42358000000000000000e+08
  +6.43357000000000000000e+08
  +6.44356000000000000000e+08
  +6.45355000000000000000e+08
  +6.46354000000000000000e+08
  +6.47353000000000000000e+08
  +6.48352000000000000000e+08
  +6.49351000000000000000e+08
  +6.50350000000000000000e+08
  +6.51349000000000000000e+08
  +6.52348000000000000000e+08
  +6.53347000000000000000e+08
  +6.54346000000000000000e+08
  +6.55345000000000000000e+08
  +6.56344000000000000000e+08
  +6.57343000000000000000e+08
  +6.58342000000000000000e+08
  +6.59341000000000000000e+08
  +6.60340000000000000000e+08
  +6.61339000000000000000e+08
  +6.62338000000000000000e+08
  +6.63337000000000000000e+08
  +6.64336000000000000000e+08
  +6.65335000000000000000e+08
  +6.66334000000000000000e+08
  +6.67333000000000000000e+08
  +6.68332000000000000000e+08
  +6.69331000000000000000e+08
  +6.70330000000000000000e+08
  +6.71329000000000000000e+08
  +6.72328000000000000000e+08
  +6.73327000000000000000e+08
  +6.74326000000000000000e+08
  +6.75325000000000000000e+08
  +6.76324000000000000000e+08
  +6.77323000000000000000e+08
  +6.78322000000000000000e+08
  +6.79321000000000000000e+08
  +6.80320000000000000000e+08
  +6.81319000000000000000e+08
  +6.82318000000000000000e+08
  +6.83317000000000000000e+08
  +6.84316000000000000000e+08
  +6.85315000000000000000e+08
  +6.86314000000000000000e+08
  +6.87313000000000000000e+08
  +6.88312000000000000000e+08
  +6.89311000000000000000e+08
  +6.90310000000000000000e+08
  +6.91309000000000000000e+08
  +6.92308000000000000000e+08
  +6.93307000000000000000e+08
  +6.94306000000000000000e+08
  +6.95305000000000000000e+08
  +6.96304000000000000000e+08
  +6.97303000000000000000e+08
  +6.98302000000000000000e+08
  +6.99301000000000000000e+08
  +7.00300000000000000000e+08
  +7.01299000000000000000e+08
  +7.02298000000000000000e+08
  +7.03297000000000000000e+08
  +7.04296000000000000000e+08
  +7.05295000000000000000e+08
  +7.06294000000000000000e+08
  +7.07293000000000000000e+08
  +7.08292000000000000000e+08
  +7.09291000000000000000e+08
  +7.10290000000000000000e+08
  +7.11289000000000000000e+08
  +7.12288000000000000000e+08
  +7.13287000000000000000e+08
  +7.14286000000000000000e+08
  +7.15285000000000000000e+08
  +7.16284000000000000000e+08
  +7.17283000000000000000e+08
  +7.18282000000000000000e+08
  +7.19281000000000000000e+08
  +7.20280000000000000000e+08
  +7.21279000000000000000e+08
  +7.22278000000000000000e+08
  +7.23277000000000000000e+08
  +7.24276000000000000000e+08
  +7.25275000000000000000e+08
  +7.26274000000000000000e+08
  +7.27273000000000000000e+08
  +7.28272000000000000000e+08
  +7.29271000000000000000e+08
  +7.30270000000000000000e+08
  +7.31269000000000000000e+08
  +7.32268000000000000000e+08
  +7.33267000000000000000e+08
  +7.34266000000000000000e+08
  +7.35265000000000000000e+08
  +7.36264000000000000000e+08
  +7.37263000000000000000e+08
  +7.38262000000000000000e+08
  +7.39261000000000000000e+08
  +7.40260000000000000000e+08
  +7.41259000000000000000e+08
  +7.42258000000000000000e+08
  +7.43257000000000000000e+08
  +7.44256000000000000000e+08
  +7.45255000000000000000e+08
  +7.46254000000000000000e+08
  +7.47253000000000000000e+08
  +7.48252000000000000000e+08
  +7.49251000000000000000e+08
  +7.50250000000000000000e+08
  +7.51249000000000000000e+08
  +7.52248000000000000000e+08
  +7.53247000000000000000e+08
  +7.54246000000000000000e+08
  +7.55245000000000000000e+08
  +7.56244000000000000000e+08
  +7.57243000000000000000e+08
  +7.58242000000000000000e+08
  +7.59241000000000000000e+08
  +7.60240000000000000000e+08
  +7.61239000000000000000e+08
  +7.62238000000000000000e+08
  +7.63237000000000000000e+08
  +7.64236000000000000000e+08
  +7.65235000000000000000e+08
  +7.66234000000000000000e+08
  +7.67233000000000000000e+08
  +7.68232000000000000000e+08
  +7.69231000000000000000e+08
  +7.70230000000000000000e+08
  +7.71229000000000000000e+08
  +7.72228000000000000000e+08
  +7.73227000000000000000e+08
  +7.74226000000000000000e+08
  +7.75225000000000000000e+08
  +7.76224000000000000000e+08
  +7.77223000000000000000e+08
  +7.78222000000000000000e+08
  +7.79221000000000000000e+08
  +7.80220000000000000000e+08
  +7.81219000000000000000e+08
  +7.82218000000000000000e+08
  +7.83217000000000000000e+08
  +7.84216000000000000000e+08
  +7.85215000000000000000e+08
  +7.86214000000000000000e+08
  +7.87213000000000000000e+08
  +7.88212000000000000000e+08
  +7.89211000000000000000e+08
  +7.90210000000000000000e+08
  +7.91209000000000000000e+08
  +7.92208000000000000000e+08
  +7.93207000000000000000e+08
  +7.94206000000000000000e+08
  +7.95205000000000000000e+08
  +7.96204000000000000000e+08
  +7.97203000000000000000e+08
  +7.98202000000000000000e+08
  +7.99201000000000000000e+08
  +8.00200000000000000000e+08
  +8.01199000000000000000e+08
  +8.02198000000000000000e+08
  +8.03197000000000000000e+08
  +8.04196000000000000000e+08
  +8.05195000000000000000e+08
  +8.06194000000000000000e+08
  +8.07193000000000000000e+08
  +8.08192000000000000000e+08
  +8.09191000000000000000e+08
  +8.10190000000000000000e+08
  +8.11189000000000000000e+08
  +8.12188000000000000000e+08
  +8.13187000000000000000e+08
  +8.14186000000000000000e+08
  +8.15185000000000000000e+08
  +8.16184000000000000000e+08
  +8.17183000000000000000e+08
  +8.18182000000000000000e+08
  +8.19181000000000000000e+08
  +8.20180000000000000000e+08
  +8.21179000000000000000e+08
  +8.22178000000000000000e+08
  +8.23177000000000000000e+08
  +8.24176000000000000000e+08
  +8.25175000000000000000e+08
  +8.26174000000000000000e+08
  +8.27173000000000000000e+08
  +8.28172000000000000000e+08
  +8.29171000000000000000e+08
  +8.30170000000000000000e+08
  +8.31169000000000000000e+08
  +8.32168000000000000000e+08
  +8.33167000000000000000e+08
  +8.34166000000000000000e+08
  +8.35165000000000000000e+08
  +8.36164000000000000000e+08
  +8.37163000000000000000e+08
  +8.38162000000000000000e+08
  +8.39161000000000000000e+08
  +8.40160000000000000000e+08
  +8.41159000000000000000e+08
  +8.42158000000000000000e+08
  +8.43157000000000000000e+08
  +8.44156000000000000000e+08
  +8.45155000000000000000e+08
  +8.46154000000000000000e+08
  +8.47153000000000000000e+08
  +8.48152000000000000000e+08
  +8.49151000000000000000e+08
  +8.50150000000000000000e+08
  +8.51149000000000000000e+08
  +8.52148000000000000000e+08
  +8.53147000000000000000e+08
  +8.54146000000000000000e+08
  +8.55145000000000000000e+08
  +8.56144000000000000000e+08
  +8.57143000000000000000e+08
  +8.58142000000000000000e+08
  +8.59141000000000000000e+08
  +8.60140000000000000000e+08
  +8.61139000000000000000e+08
  +8.62138000000000000000e+08
  +8.63137000000000000000e+08
  +8.64136000000000000000e+08
  +8.65135000000000000000e+08
  +8.66134000000000000000e+08
  +8.67133000000000000000e+08
  +8.68132000000000000000e+08
  +8.69131000000000000000e+08
  +8.70130000000000000000e+08
  +8.71129000000000000000e+08
  +8.72128000000000000000e+08
  +8.73127000000000000000e+08
  +8.74126000000000000000e+08
  +8.75125000000000000000e+08
  +8.76124000000000000000e+08
  +8.77123000000000000000e+08
  +8.78122000000000000000e+08
  +8.79121000000000000000e+08
  +8.80120000000000000000e+08
  +8.81119000000000000000e+08
  +8.82118000000000000000e+08
  +8.83117000000000000000e+08
  +8.84116000000000000000e+08
  +8.85115000000000000000e+08
  +8.86114000000000000000e+08
  +8.87113000000000000000e+08
  +8.88112000000000000000e+08
  +8.89111000000000000000e+08
  +8.90110000000000000000e+08
  +8.91109000000000000000e+08
  +8.92108000000000000000e+08
  +8.93107000000000000000e+08
  +8.94106000000000000000e+08
  +8.95105000000000000000e+08
  +8.96104000000000000000e+08
  +8.97103000000000000000e+08
  +8.98102000000000000000e+08
  +8.99101000000000000000e+08
  +9.00100000000000000000e+08
  +9.01099000000000000000e+08
  +9.02098000000000000000e+08
  +9.03097000000000000000e+08
  +9.04096000000000000000e+08
  +9.05095000000000000000e+08
  +9.06094000000000000000e+08
  +9.07093000000000000000e+08
  +9.08092000000000000000e+08
  +9.09091000000000000000e+08
  +9.10090000000000000000e+08
  +9.11089000000000000000e+08
  +9.12088000000000000000e+08
  +9.13087000000000000000e+08
  +9.14086000000000000000e+08
  +9.15085000000000000000e+08
  +9.16084000000000000000e+08
  +9.17083000000000000000e+08
  +9.18082000000000000000e+08
  +9.19081000000000000000e+08
  +9.20080000000000000000e+08
  +9.21079000000000000000e+08
  +9.22078000000000000000e+08
  +9.23077000000000000000e+08
  +9.24076000000000000000e+08
  +9.25075000000000000000e+08
  +9.26074000000000000000e+08
  +9.27073000000000000000e+08
  +9.28072000000000000000e+08
  +9.29071000000000000000e+08
  +9.30070000000000000000e+08
  +9.31069000000000000000e+08
  +9.32068000000000000000e+08
  +9.33067000000000000000e+08
  +9.34066000000000000000e+08
  +9.35065000000000000000e+08
  +9.36064000000000000000e+08
  +9.37063000000000000000e+08
  +9.38062000000000000000e+08
  +9.39061000000000000000e+08
  +9.40060000000000000000e+08
  +9.41059000000000000000e+08
  +9.42058000000000000000e+08
  +9.43057000000000000000e+08
  +9.44056000000000000000e+08
  +9.45055000000000000000e+08
  +9.46054000000000000000e+08
  +9.47053000000000000000e+08
  +9.48052000000000000000e+08
  +9.49051000000000000000e+08
  +9.50050000000000000000e+08
  +9.51049000000000000000e+08
  +9.52048000000000000000e+08
  +9.53047000000000000000e+08
  +9.54046000000000000000e+08
  +9.55045000000000000000e+08
  +9.56044000000000000000e+08
  +9.57043000000000000000e+08
  +9.58042000000000000000e+08
  +9.59041000000000000000e+08
  +9.60040000000000000000e+08
  +9.61039000000000000000e+08
  +9.62038000000000000000e+08
  +9.63037000000000000000e+08
  +9.64036000000000000000e+08
  +9.65035000000000000000e+08
  +9.66034000000000000000e+08
  +9.67033000000000000000e+08
  +9.68032000000000000000e+08
  +9.69031000000000000000e+08
  +9.70030000000000000000e+08
  +9.71029000000000000000e+08
  +9.72028000000000000000e+08
  +9.73027000000000000000e+08
  +9.74026000000000000000e+08
  +9.75025000000000000000e+08
  +9.76024000000000000000e+08
  +9.77023000000000000000e+08
  +9.78022000000000000000e+08
  +9.79021000000000000000e+08
  +9.80020000000000000000e+08
  +9.81019000000000000000e+08
  +9.82018000000000000000e+08
  +9.83017000000000000000e+08
  +9.84016000000000000000e+08
  +9.85015000000000000000e+08
  +9.86014000000000000000e+08
  +9.87013000000000000000e+08
  +9.88012000000000000000e+08
  +9.89011000000000000000e+08
  +9.90010000000000000000e+08
  +9.91009000000000000000e+08
  +9.92008000000000000000e+08
  +9.93007000000000000000e+08
  +9.94006000000000000000e+08
  +9.95005000000000000000e+08
  +9.96004000000000000000e+08
  +9.97003000000000000000e+08
  +9.98002000000000000000e+08
  +9.99001000000000000000e+08
  +1.00000000000000000000e+09
</indep>
<dep dBS12 frequency>
  -7.39781388170835896290e+01
  -8.00898869421686470105e+01
  -8.37063628072532850410e+01
  -8.63013496901398013961e+01
  -8.83369478593081112194e+01
  -9.00190420837029279255e+01
  -9.14574792279059636257e+01
  -9.27178406627370890192e+01
  -9.38424367733878881381e+01
  -9.48601641677276461451e+01
  -9.57916400574736002227e+01
  -9.66520932820684919307e+01
  -9.74530942461037028579e+01
  -9.82036419784003413724e+01
  -9.89108752747806221350e+01
  -9.95805538820953728418e+01
  -1.00217393564485973911e+02
  -1.00825305264672380190e+02
  -1.01407569527712141166e+02
  -1.01966966142666109363e+02
  -1.02505872130411688659e+02
  -1.03026336924462185607e+02
  -1.03530140834863402688e+02
  -1.04018841068802743166e+02
  -1.04493808358893573995e+02
  -1.04956256411658429784e+02
  -1.05407265803666817305e+02
  -1.05847803538088044206e+02
  -1.06278739176364013019e+02
  -1.06700858242366138029e+02
  -1.07114873436317040500e+02
  -1.07521434076234584154e+02
  -1.07921134094565161377e+02
  -1.08314518849264530331e+02
  -1.08702090955773115866e+02
  -1.09084315305692484799e+02
  -1.09461623406103640832e+02
  -1.09834417148335006686e+02
  -1.10203072095209520853e+02
  -1.10567940359952260110e+02
  -1.10929353137108449801e+02
  -1.11287622935628178311e+02
  -1.11643045555845276340e+02
  -1.11995901845153753129e+02
  -1.12346459261614938896e+02
  -1.12694973269913447211e+02
  -1.13041688590158457828e+02
  -1.13386840316711229093e+02
  -1.13730654921290792458e+02
  -1.14073351152152156374e+02
  -1.14414318874122756142e+02
  -1.14749352807299345614e+02
  -1.15078621705715505641e+02
  -1.15402051342069086104e+02
  -1.15719528103486780424e+02
  -1.16031771440923876071e+02
  -1.16338928485071605223e+02
  -1.16641141922733098113e+02
  -1.16938550326854780792e+02
  -1.17230927949395308474e+02
  -1.17518771566555159325e+02
  -1.17802261241797495472e+02
  -1.18081521193800810465e+02
  -1.18356672617111669865e+02
  -1.18627833841459334963e+02
  -1.18895120471874349732e+02
  -1.19158645511696732910e+02
  -1.19418519470263930771e+02
  -1.19674850456989517511e+02
  -1.19927744263421828919e+02
  -1.20177304434689744994e+02
  -1.20423632331633839954e+02
  -1.20666827184864118294e+02
  -1.20906986141803230339e+02
  -1.21144204307718879932e+02
  -1.21378170565601692488e+02
  -1.21609324683000338041e+02
  -1.21837770196556022029e+02
  -1.22063595740929002886e+02
  -1.22286888069864957629e+02
  -1.22507732073058917877e+02
  -1.22726066565088402172e+02
  -1.22941560653310233420e+02
  -1.23154815681792726423e+02
  -1.23365910715491168048e+02
  -1.23574923024226066559e+02
  -1.23781601588880519671e+02
  -1.23985793337616087229e+02
  -1.24188095095029140680e+02
  -1.24388578565056690195e+02
  -1.24586987697833620814e+02
  -1.24783030205249886535e+02
  -1.24977435331351074410e+02
  -1.25170269337979789270e+02
  -1.25360783730282193460e+02
  -1.25549535342440037766e+02
  -1.25736885348339143320e+02
  -1.25922363567121692540e+02
  -1.26105869236315939474e+02
  -1.26288135297080032160e+02
  -1.26468734517239255410e+02
  -1.26647385395805770258e+02
  -1.26824951273461664414e+02
  -1.27000821634614325717e+02
  -1.27174993058831347525e+02
  -1.27348226790772258710e+02
  -1.27519512775767921653e+02
  -1.27689564702762154980e+02
  -1.27858673680448447385e+02
  -1.28025660546211895507e+02
  -1.28191937883090361083e+02
  -1.28356670684217164080e+02
  -1.28520083802443110699e+02
  -1.28682747298564976290e+02
  -1.28843406861097093952e+02
  -1.29003568838175823430e+02
  -1.29162053355009220468e+02
  -1.29319651340738857925e+02
  -1.29476166057940758947e+02
  -1.29631305011728727550e+02
  -1.29785884450461765027e+02
  -1.29938667445761950603e+02
  -1.30091224285055460541e+02
  -1.30241873192898310663e+02
  -1.30392249095731472153e+02
  -1.30541053927622442643e+02
  -1.30689346578261222476e+02
  -1.30836338597897054115e+02
  -1.30982643907801843852e+02
  -1.31127853556567913529e+02
  -1.31272265689896755703e+02
  -1.31415722677335594426e+02
  -1.31558334072058272568e+02
  -1.31700067457138288773e+02
  -1.31840968842781848025e+02
  -1.31981007106726508482e+02
  -1.32120287519527835229e+02
  -1.32258658630963168434e+02
  -1.32396405427230831719e+02
  -1.32533136900298302407e+02
  -1.32669435768541916332e+02
  -1.32804554714636651624e+02
  -1.32939489687092532222e+02
  -1.33073022860770350917e+02
  -1.33206676324782449683e+02
  -1.33338650164372040763e+02
  -1.33470809184104325595e+02
  -1.33601543537491693314e+02
  -1.33732169003919921124e+02
  -1.33861808022337186230e+02
  -1.33990925563171458634e+02
  -1.34119546832028277095e+02
  -1.34247181886041914822e+02
  -1.34374861389040290760e+02
  -1.34501039227976690427e+02
  -1.34627412577244712111e+02
  -1.34752597109262978847e+02
  -1.34877536624761546591e+02
  -1.35001953347670593075e+02
  -1.35125483871567155347e+02
  -1.35249204090463450711e+02
  -1.35371350370620234571e+02
  -1.35493698786844333881e+02
  -1.35615230546216338325e+02
  -1.35736216877473481190e+02
  -1.35857217224074020123e+02
  -1.35976865988836607357e+02
  -1.36096723442172930163e+02
  -1.36215737328195245937e+02
  -1.36334278698557028520e+02
  -1.36452920570348396723e+02
  -1.36570170259090389209e+02
  -1.36687633679788604013e+02
  -1.36804486269697690659e+02
  -1.36920679035579382798e+02
  -1.37037092992013043613e+02
  -1.37152259888931837395e+02
  -1.37267423906342202145e+02
  -1.37382461470307532636e+02
  -1.37496399952076274076e+02
  -1.37610562633825168177e+02
  -1.37724104956236260477e+02
  -1.37837062647198592913e+02
  -1.37950250754008550302e+02
  -1.38062398555916075793e+02
  -1.38174402073476898067e+02
  -1.38286641815199004668e+02
  -1.38397495002251133656e+02
  -1.38508570469342856768e+02
  -1.38619609386522057548e+02
  -1.38729545290232465504e+02
  -1.38839718424428582466e+02
  -1.38949644879507559381e+02
  -1.39058698881228735900e+02
  -1.39167995077728505748e+02
  -1.39276906367970610745e+02
  -1.39385103895136182928e+02
  -1.39493548304338077060e+02
  -1.39601541015270555590e+02
  -1.39708907292460452254e+02
  -1.39816524892732331864e+02
  -1.39923694929457269609e+02
  -1.40030255048350284142e+02
  -1.40137070714629970780e+02
  -1.40243513334800837811e+02
  -1.40349292320361257680e+02
  -1.40455330889102157244e+02
  -1.40561140738182842824e+02
  -1.40666163611628576291e+02
  -1.40771449942692385093e+02
  -1.40876721091951935705e+02
  -1.40981012931040794456e+02
  -1.41085571966988766235e+02
  -1.41190397954747993481e+02
  -1.41293983951861548576e+02
  -1.41397840775208294417e+02
  -1.41501976875302659664e+02
  -1.41605220170201306473e+02
  -1.41708400059051314201e+02
  -1.41811862665365453040e+02
  -1.41914865064627463198e+02
  -1.42017393547218119920e+02
  -1.42120208133564489117e+02
  -1.42223062258189372642e+02
  -1.42324965166766673974e+02
  -1.42427157534401942485e+02
  -1.42529647647882427464e+02
  -1.42631259208537926497e+02
  -1.42732855539488241448e+02
  -1.42834752881548013193e+02
  -1.42936420497782734174e+02
  -1.43037447408562684359e+02
  -1.43138778617618925182e+02
  -1.43240422385708910724e+02
  -1.43341079167312415166e+02
  -1.43441871393575723914e+02
  -1.43542979443319353550e+02
  -1.43643897793099625915e+02
  -1.43744178754523204589e+02
  -1.43844778878548737566e+02
  -1.43945706435534418688e+02
  -1.44045849449905858819e+02
  -1.44145970089463077102e+02
  -1.44246421547026557164e+02
  -1.44347033640878294136e+02
  -1.44446703946561740395e+02
  -1.44546708583992625563e+02
  -1.44647055871069682098e+02
  -1.44747133015064918027e+02
  -1.44846720908797749416e+02
  -1.44946655083653269003e+02
  -1.45046943971667559481e+02
  -1.45146613882706986942e+02
  -1.45246166072782841638e+02
  -1.45346076767807289798e+02
  -1.45446354529743416606e+02
  -1.45545747417701704762e+02
  -1.45645312231235607214e+02
  -1.45745248108632893036e+02
  -1.45845560302680723908e+02
  -1.45944812616369659963e+02
  -1.46044440247466127403e+02
  -1.46144451900972740077e+02
  -1.46244743165418100261e+02
  -1.46344097373954298291e+02
  -1.46443840150121303623e+02
  -1.46543980376006174993e+02
  -1.46644389322824281408e+02
  -1.46743899652652999066e+02
  -1.46843812322904852863e+02
  -1.46944136413527985496e+02
  -1.47044805422968096309e+02
  -1.47144528756749963350e+02
  -1.47244668805391654587e+02
  -1.47345234869378089115e+02
  -1.47446236442529880151e+02
  -1.47546306732608940138e+02
  -1.47646734723228405528e+02
  -1.47747604036959756968e+02
  -1.47848924422645382037e+02
  -1.47949569913810478283e+02
  -1.48050349868689920640e+02
  -1.48151587264509146280e+02
  -1.48253292133420643495e+02
  -1.48354670634736095280e+02
  -1.48455870455809304076e+02
  -1.48557544753190342135e+02
  -1.48659703873700379972e+02
  -1.48761979139727515076e+02
  -1.48863671078045001650e+02
  -1.48965855565080147471e+02
  -1.49068543297213381038e+02
  -1.49171745216837877024e+02
  -1.49274146901339548776e+02
  -1.49376919875117209813e+02
  -1.49480215725499533619e+02
  -1.49584045798060117249e+02
  -1.49687716130887451982e+02
  -1.49791161506924481728e+02
  -1.49895150755346918459e+02
  -1.49999695670299161065e+02
  -1.50104808332791861858e+02
  -1.50209030799823153757e+02
  -1.50313805209852716871e+02
  -1.50419158321084580621e+02
  -1.50525102733222013285e+02
  -1.50631007863066741947e+02
  -1.50736666491737480555e+02
  -1.50842928651930662909e+02
  -1.50949807522388965708e+02
  -1.51057316620942344798e+02
  -1.51164256408890310013e+02
  -1.51271536925382292793e+02
  -1.51379461660398959566e+02
  -1.51488044804477794969e+02
  -1.51597135556338031392e+02
  -1.51705553291068270028e+02
  -1.51814645130564088049e+02
  -1.51924426020005654436e+02
  -1.52034911311982000370e+02
  -1.52145592997437802296e+02
  -1.52255984329574005187e+02
  -1.52367098147006487352e+02
  -1.52478950684838537200e+02
  -1.52591558636691615902e+02
  -1.52704158308211844997e+02
  -1.52816753301093484652e+02
  -1.52930124629073389997e+02
  -1.53044290022384984695e+02
  -1.53159267730457344214e+02
  -1.53274145359828878554e+02
  -1.53389202408764191432e+02
  -1.53505096081747808512e+02
  -1.53621845851914940795e+02
  -1.53739471784139482224e+02
  -1.53857026110705106703e+02
  -1.53974837121599705370e+02
  -1.54093552667370119025e+02
  -1.54213194265531654992e+02
  -1.54333784112852299586e+02
  -1.54454459808551177957e+02
  -1.54575356548698437109e+02
  -1.54697234810335032762e+02
  -1.54820118525265939979e+02
  -1.54944032411037767361e+02
  -1.55068328931724067843e+02
  -1.55192690881587054719e+02
  -1.55318122217663614038e+02
  -1.55444649743896860628e+02
  -1.55572301180745199645e+02
  -1.55700783798038628447e+02
  -1.55829047941507752739e+02
  -1.55958482467943412075e+02
  -1.56089117625280920265e+02
  -1.56220984740146150216e+02
  -1.56354116270358900920e+02
  -1.56486971562743462982e+02
  -1.56620932059371284595e+02
  -1.56756214325141115751e+02
  -1.56892854054886925042e+02
  -1.57030888290122760509e+02
  -1.57169415507933194931e+02
  -1.57308513834508403306e+02
  -1.57449075586482308609e+02
  -1.57591141798984153866e+02
  -1.57734755127154414822e+02
  -1.57879837961587583095e+02
  -1.58024796136868957319e+02
  -1.58171384834351698601e+02
  -1.58319651681681591526e+02
  -1.58469646276883480596e+02
  -1.58621420297605254746e+02
  -1.58774001072137139090e+02
  -1.58927508060804200340e+02
  -1.59082900359078848851e+02
  -1.59240236239307535016e+02
  -1.59399576537644747987e+02
  -1.59560984803832667467e+02
  -1.59722670324511739182e+02
  -1.59886303420458773417e+02
  -1.60052140577428218648e+02
  -1.60220254211535461764e+02
  -1.60390720129486282985e+02
  -1.60563188783555148120e+02
  -1.60736421237104849524e+02
  -1.60912175358220423504e+02
  -1.61090538336460298297e+02
  -1.61271601640142364431e+02
  -1.61455461286810475485e+02
  -1.61641285921936173509e+02
  -1.61828702233308433733e+02
  -1.62019137584699990384e+02
  -1.62212703563900504378e+02
  -1.62409517540675892633e+02
  -1.62609703038919747087e+02
  -1.62812086793723324263e+02
  -1.63016866847197405832e+02
  -1.63225313949595204122e+02
  -1.63437572790963315583e+02
  -1.63653795829760355218e+02
  -1.63874143768896033180e+02
  -1.64097273292806050904e+02
  -1.64323587083645492157e+02
  -1.64554417909518775787e+02
  -1.64789953973546204224e+02
  -1.65030393391482306242e+02
  -1.65275944631025367926e+02
  -1.65525315376124012801e+02
  -1.65778623227893092462e+02
  -1.66037548739208148163e+02
  -1.66302329997769447800e+02
  -1.66573215119095863201e+02
  -1.66850461835489454643e+02
  -1.67133124376961006874e+02
  -1.67420314156827856777e+02
  -1.67714440729133087871e+02
  -1.68015765717375757049e+02
  -1.68324548426657571554e+02
  -1.68641040768263735572e+02
  -1.68965032725043727169e+02
  -1.69293416214273520382e+02
  -1.69629806322530328089e+02
  -1.69974301597244220829e+02
  -1.70326927733278012056e+02
  -1.70687611581195653798e+02
  -1.71056147820262026471e+02
  -1.71428167391303588829e+02
  -1.71805491669212244688e+02
  -1.72188311827953782540e+02
  -1.72575336157725843123e+02
  -1.72964815324574487931e+02
  -1.73354438099650394633e+02
  -1.73739028828281021788e+02
  -1.74112492073157284267e+02
  -1.74474313425216820406e+02
  -1.74819032060674430795e+02
  -1.75140344279116249027e+02
  -1.75431257815159852953e+02
  -1.75684396663670497674e+02
  -1.75886762470442988615e+02
  -1.76036556090632387850e+02
  -1.76130215995576861587e+02
  -1.76164797093538709305e+02
  -1.76139688392830123576e+02
  -1.76056693731781251699e+02
  -1.75918887497963169153e+02
  -1.75729511533009628010e+02
  -1.75499783324969087062e+02
  -1.75236795972644785024e+02
  -1.74947491677553898626e+02
  -1.74638296436761095265e+02
  -1.74314903654897022989e+02
  -1.73981230635262846818e+02
  -1.73641638695473091047e+02
  -1.73300628916043734762e+02
  -1.72960691594497404822e+02
  -1.72623750935865018619e+02
  -1.72291261761182170176e+02
  -1.71964297024164380900e+02
  -1.71643040633252297766e+02
  -1.71328497771131480931e+02
  -1.71021359100706547451e+02
  -1.70721766349349621805e+02
  -1.70429756398629166370e+02
  -1.70145287235325270103e+02
  -1.69868258328790233236e+02
  -1.69598106572756563537e+02
  -1.69335022094115913660e+02
  -1.69078997852306372351e+02
  -1.68829806123713154875e+02
  -1.68587214613242650785e+02
  -1.68350990226992394128e+02
  -1.68120901869270198858e+02
  -1.67896354372172822877e+02
  -1.67677378917488823618e+02
  -1.67463958163094503107e+02
  -1.67255873813277389672e+02
  -1.67052916551197597528e+02
  -1.66854886052385637640e+02
  -1.66661590879140874222e+02
  -1.66472535560140357802e+02
  -1.66287612303828751692e+02
  -1.66106961670087997618e+02
  -1.65930419128088573189e+02
  -1.65757828349492740472e+02
  -1.65589040781208723274e+02
  -1.65423915230223002482e+02
  -1.65262136980650240048e+02
  -1.65103284146135194987e+02
  -1.64947759145577634854e+02
  -1.64795442252527692517e+02
  -1.64646219674898702579e+02
  -1.64499983199356876185e+02
  -1.64356629858771100317e+02
  -1.64216061621319340702e+02
  -1.64077506080678176659e+02
  -1.63941519346821905856e+02
  -1.63808089894552495025e+02
  -1.63677133976012157746e+02
  -1.63548571731557501607e+02
  -1.63422326961191345163e+02
  -1.63298326911827871299e+02
  -1.63176140441004548620e+02
  -1.63055609757376430480e+02
  -1.62937159991896351130e+02
  -1.62820728222744747882e+02
  -1.62706254262088833684e+02
  -1.62593680502830807200e+02
  -1.62482951775778929004e+02
  -1.62374015216353825508e+02
  -1.62266054528112675825e+02
  -1.62159676660632953826e+02
  -1.62054976036193664868e+02
  -1.61951906284072776998e+02
  -1.61850422890055881453e+02
  -1.61750483099535273368e+02
  -1.61652045826862689637e+02
  -1.61554928493785752153e+02
  -1.61458418333235897535e+02
  -1.61363325278968233079e+02
  -1.61269612869684635825e+02
  -1.61177246007880228262e+02
  -1.61086190893025218429e+02
  -1.60996414958722596111e+02
  -1.60907886813675247595e+02
  -1.60820237945417488845e+02
  -1.60733111434131529904e+02
  -1.60647170113567767658e+02
  -1.60562385826535461320e+02
  -1.60478731389497824011e+02
  -1.60396180548320387516e+02
  -1.60314707936528321852e+02
  -1.60234289035855340444e+02
  -1.60154483547813697442e+02
  -1.60075070554646572418e+02
  -1.59996663880807261648e+02
  -1.59919241367300969614e+02
  -1.59842781564445033382e+02
  -1.59767263702018283311e+02
  -1.59692667660974962018e+02
  -1.59618973946609798986e+02
  -1.59545803230681826790e+02
  -1.59472825955088808314e+02
  -1.59400713344389373560e+02
  -1.59329447722885845451e+02
  -1.59259011938000043074e+02
  -1.59189389339979015858e+02
  -1.59120563762573937083e+02
  -1.59052519504634830128e+02
  -1.58985070440064959030e+02
  -1.58917550891542930458e+02
  -1.58850780418335318700e+02
  -1.58784744828762143243e+02
  -1.58719430317172765399e+02
  -1.58654823450303467780e+02
  -1.58590911154179991627e+02
  -1.58527680701635688365e+02
  -1.58465119700307440098e+02
  -1.58402438376407502574e+02
  -1.58340294958997759522e+02
  -1.58278791384973601453e+02
  -1.58217916580156838791e+02
  -1.58157659741245566920e+02
  -1.58098010327335600778e+02
  -1.58038958051773533953e+02
  -1.57980492874292281158e+02
  -1.57922291770520615728e+02
  -1.57864273496620398873e+02
  -1.57806810555481689562e+02
  -1.57749894234207260979e+02
  -1.57693516006805879215e+02
  -1.57637667529309084102e+02
  -1.57582340635048808508e+02
  -1.57527527330023644936e+02
  -1.57473219788454088075e+02
  -1.57419076020328304821e+02
  -1.57365371420305109496e+02
  -1.57312135735986004192e+02
  -1.57259362550975339445e+02
  -1.57207045559712270233e+02
  -1.57155178565545128322e+02
  -1.57103755478859966388e+02
  -1.57052770315182272043e+02
  -1.57002251525099524088e+02
  -1.56952260609159168325e+02
  -1.56902659616342333493e+02
  -1.56853444225189861072e+02
  -1.56804610158358173067e+02
  -1.56756153183140781948e+02
  -1.56708069111886970859e+02
  -1.56660353802342001472e+02
  -1.56613003157924595143e+02
  -1.56566402978684749314e+02
  -1.56520680733933460260e+02
  -1.56475259898708657147e+02
  -1.56430138330247245904e+02
  -1.56385313868548621485e+02
  -1.56340784338723494784e+02
  -1.56296547553199872027e+02
  -1.56252601313791330995e+02
  -1.56208943413638138509e+02
  -1.56166569631000584195e+02
  -1.56125555327863423827e+02
  -1.56084744809281659172e+02
  -1.56044138150946139376e+02
  -1.56003735358472681582e+02
  -1.55963536370821003629e+02
  -1.55923541063605910040e+02
  -1.55883749252263186236e+02
  -1.55844160695086173973e+02
  -1.55806277759684718376e+02
  -1.55770868630002780719e+02
  -1.55735551320183077451e+02
  -1.55700328106280238671e+02
  -1.55665201157370574947e+02
  -1.55630172539029786094e+02
  -1.55595244216702639051e+02
  -1.55560418058985050038e+02
  -1.55525695840812744564e+02
  -1.55492175501407587035e+02
  -1.55463840027255997711e+02
  -1.55435468186405501001e+02
  -1.55407064149031839406e+02
  -1.55378631972082189350e+02
  -1.55350175601298531092e+02
  -1.55321698873298572607e+02
  -1.55293205517630354962e+02
  -1.55264699158811254165e+02
  -1.55236183318399440623e+02
  -1.55215346826088449461e+02
  -1.55196026485162349218e+02
  -1.55176537153309681116e+02
  -1.55156883895172313714e+02
  -1.55137071701920064015e+02
  -1.55117105490851713512e+02
  -1.55096990105066765864e+02
  -1.55076730313221418101e+02
  -1.55056330809348850153e+02
  -1.55040099548502780635e+02
  -1.55032528976791013520e+02
  -1.55024664026605364597e+02
  -1.55016509038348203831e+02
  -1.55008068359330280828e+02
  -1.54999346341509522063e+02
  -1.54990347339244124214e+02
  -1.54981075707149443588e+02
  -1.54971535797943261059e+02
  -1.54961731960403341191e+02
  -1.54963441027566261710e+02
  -1.54970156300085648127e+02
  -1.54976507522919092708e+02
  -1.54982496218065790572e+02
  -1.54988123983653252935e+02
  -1.54993392492756697720e+02
  -1.54998303492148863825e+02
  -1.55002858800998779998e+02
  -1.55007060309544073107e+02
  -1.55010909977692278972e+02
  -1.55032609764109253092e+02
  -1.55055922679016049415e+02
  -1.55078900997858511346e+02
  -1.55101542435013840304e+02
  -1.55123844762860187529e+02
  -1.55145805813416160390e+02
  -1.55167423479943636266e+02
  -1.55188695718528833822e+02
  -1.55209620549621206465e+02
  -1.55230196059533170683e+02
  -1.55270548592963592682e+02
  -1.55311310432549305460e+02
  -1.55351895418649917247e+02
  -1.55392299376813753042e+02
  -1.55432518088580849280e+02
  -1.55472547292385115725e+02
  -1.55512382684552903811e+02
  -1.55552019920315530044e+02
  -1.55591454614937276801e+02
  -1.55630682344872383283e+02
  -1.55685234622980573249e+02
  -1.55741760817483168466e+02
  -1.55798360508840517014e+02
  -1.55855032085320118540e+02
  -1.55911773861576278932e+02
  -1.55968584076508420821e+02
  -1.56025460891064199132e+02
  -1.56082402385965849589e+02
  -1.56139406559436650923e+02
  -1.56196471324829389005e+02
  -1.56260309244305545917e+02
  -1.56327915440034274752e+02
  -1.56395823086151352754e+02
  -1.56464035670526811828e+02
  -1.56532556728945479563e+02
  -1.56601389845755875285e+02
  -1.56670538654534936995e+02
  -1.56740006838731716243e+02
  -1.56809798132328666043e+02
  -1.56879916320486046288e+02
  -1.56950564606925922817e+02
  -1.57022110278453396859e+02
  -1.57094026511837284943e+02
  -1.57166318468248249474e+02
  -1.57238991408236813641e+02
  -1.57312050694272016926e+02
  -1.57385501793373180135e+02
  -1.57459350279817073215e+02
  -1.57533601837941176882e+02
  -1.57608262265021380699e+02
  -1.57683337474242733833e+02
  -1.57752869688174200746e+02
  -1.57820374747143915783e+02
  -1.57888102205379482257e+02
  -1.57956052514741884352e+02
  -1.58024226066309665839e+02
  -1.58092623187030085319e+02
  -1.58161244136196899035e+02
  -1.58230089101788053085e+02
  -1.58299158196638074969e+02
  -1.58368451454435160031e+02
  -1.58437690685334587215e+02
  -1.58493167496237703062e+02
  -1.58548566731100265770e+02
  -1.58603882499799254902e+02
  -1.58659108757902885145e+02
  -1.58714239304662953600e+02
  -1.58769267781124511885e+02
  -1.58824187668297270193e+02
  -1.58878992285450181043e+02
  -1.58933674788467271810e+02
  -1.58988228168374917004e+02
  -1.59040166568439929051e+02
  -1.59078239534477120287e+02
  -1.59115947068532335607e+02
  -1.59153282280803580306e+02
  -1.59190238284840518190e+02
  -1.59226808202468021136e+02
  -1.59262985168827356119e+02
  -1.59298762337571105263e+02
  -1.59334132886155856568e+02
  -1.59369090021266089252e+02
  -1.59403626984338700368e+02
  -1.59435909989361704220e+02
  -1.59454899787694415636e+02
  -1.59473395442432462232e+02
  -1.59491394958476519150e+02
  -1.59508896494639202501e+02
  -1.59525898365734889239e+02
  -1.59542399044485790682e+02
  -1.59558397163269916064e+02
  -1.59573891515697255272e+02
  -1.59588881058003806857e+02
  -1.59603364910272745192e+02
  -1.59617342357476502457e+02
  -1.59620193460393068108e+02
  -1.59621781162108845820e+02
  -1.59622925820524244500e+02
  -1.59623630765250368313e+02
  -1.59623899432854386760e+02
  -1.59623735363638019180e+02
  -1.59623142198335841613e+02
  -1.59622123674775224345e+02
  -1.59620683624471610074e+02
  -1.59618825969183120606e+02
  -1.59616554717414970810e+02
  -1.59609384133038588516e+02
  -1.59598413371242628500e+02
  -1.59587143107158425437e+02
  -1.59575578530575683089e+02
  -1.59563724826488510189e+02
  -1.59551587172376912349e+02
  -1.59539170735555330793e+02
  -1.59526480670585272037e+02
  -1.59513522116812225704e+02
  -1.59500300195919436419e+02
  -1.59486820009636886653e+02
  -1.59472947363961196743e+02
  -1.59453925167991343415e+02
  -1.59434751853228561913e+02
  -1.59415431853262987261e+02
  -1.59395969540705607415e+02
  -1.59376369226858514594e+02
  -1.59356635161390585154e+02
  -1.59336771532114767069e+02
  -1.59316782464789781670e+02
  -1.59296672023006266272e+02
  -1.59276444208100315336e+02
  -1.59256102959129123064e+02
  -1.59234707887100796597e+02
  -1.59211215350925471057e+02
  -1.59187687338272809257e+02
  -1.59164126613808321054e+02
  -1.59140535880969508753e+02
  -1.59116917782819598415e+02
  -1.59093274902905761792e+02
  -1.59069609766125154238e+02
  -1.59045924839589957855e+02
  -1.59022222533504532294e+02
  -1.58998505202034124295e+02
  -1.58974775144194097720e+02
  -1.58950348712816577290e+02
  -1.58925034108125828425e+02
  -1.58899755916761222352e+02
  -1.58874515452862766551e+02
  -1.58849313989871973263e+02
  -1.58824152761429161274e+02
  -1.58799032962279824233e+02
  -1.58773955749164741746e+02
  -1.58748922241660068266e+02
  -1.58723933523057752382e+02
  -1.58698990641184394690e+02
  -1.58674094609230877495e+02
  -1.58648976583767733928e+02
  -1.58623451181123982678e+02
  -1.58598000715047135145e+02
  -1.58572625546519219597e+02
  -1.58547326015328678750e+02
  -1.58522102440650854760e+02
  -1.58496955121653797960e+02
  -1.58471884338069685327e+02
  -1.58446890350744837406e+02
  -1.58421973402202070247e+02
  -1.58397133717158453692e+02
  -1.58372371503050203501e+02
  -1.58347659121835107499e+02
  -1.58322816646221752990e+02
  -1.58298066284923379499e+02
  -1.58273407863790737338e+02
  -1.58248841200407525776e+02
  -1.58224366104404793987e+02
  -1.58199982377761330099e+02
  -1.58175689815094955293e+02
  -1.58151488203975475244e+02
  -1.58127377325171892153e+02
  -1.58103356952937645019e+02
  -1.58079426855278057928e+02
  -1.58055586794194056210e+02
  -1.58031860971008654815e+02
  -1.58008242389936754080e+02
  -1.57984720343410003807e+02
  -1.57961294394018466392e+02
  -1.57937964103444016928e+02
  -1.57914729032595914759e+02
  -1.57891588741717214361e+02
  -1.57868542790517835783e+02
  -1.57845590738263638286e+02
  -1.57822732143904971736e+02
  -1.57799966566173878846e+02
  -1.57777293563671406673e+02
  -1.57754722912822728631e+02
  -1.57732407897211089676e+02
  -1.57710187618319878311e+02
  -1.57688061537600276552e+02
  -1.57666029119069378339e+02
  -1.57644089829339577591e+02
  -1.57622243137626355747e+02
  -1.57600488515790345900e+02
  -1.57578825438350378363e+02
  -1.57557253382501187389e+02
  -1.57535771828137143302e+02
  -1.57514380257866946522e+02
  -1.57493078157026957342e+02
  -1.57471921261458049912e+02
  -1.57451024631033902779e+02
  -1.57430217317798678778e+02
  -1.57409498767674080000e+02
  -1.57388868430593163339e+02
  -1.57368325760434800031e+02
  -1.57347870215036039099e+02
  -1.57327501256160132925e+02
  -1.57307218349480478992e+02
  -1.57287020964537703094e+02
  -1.57266908574751170136e+02
  -1.57246880657367825052e+02
  -1.57226936693461993855e+02
  -1.57207132420616602531e+02
  -1.57187586985742939305e+02
  -1.57168124292996481017e+02
  -1.57148743813314183626e+02
  -1.57129445021947873329e+02
  -1.57110227398461006487e+02
  -1.57091090426655910051e+02
  -1.57072033594561958125e+02
  -1.57053056394380377014e+02
  -1.57034158322458608836e+02
  -1.57015338879249867432e+02
  -1.56996597569267578365e+02
  -1.56977933901055621391e+02
  -1.56959355928672636082e+02
  -1.56941053410563881698e+02
  -1.56922826954462493632e+02
  -1.56904676072420585342e+02
  -1.56886600280678038644e+02
  -1.56868599099599293822e+02
  -1.56850672053656353455e+02
  -1.56832818671362559826e+02
  -1.56815038485256394551e+02
  -1.56797331031831163273e+02
  -1.56779695851521125860e+02
  -1.56762132488642350836e+02
  -1.56744640491366993729e+02
  -1.56727219411663440951e+02
  -1.56709974755190160067e+02
  -1.56692859366153300016e+02
  -1.56675813323418452683e+02
  -1.56658836187839568765e+02
  -1.56641927524057166465e+02
  -1.56625086900474315144e+02
  -1.56608313889197006574e+02
  -1.56591608066009968070e+02
  -1.56574969010330079300e+02
  -1.56558396305169821972e+02
  -1.56541889537093140916e+02
  -1.56525448296179718000e+02
  -1.56509072176000557874e+02
  -1.56492765041948018734e+02
  -1.56476630692283009694e+02
  -1.56460560092880740513e+02
  -1.56444552847162583475e+02
  -1.56428608561948976785e+02
  -1.56412726847431571287e+02
  -1.56396907317125368309e+02
  -1.56381149587843111703e+02
  -1.56365453279659448071e+02
  -1.56349818015865793086e+02
  -1.56334243422946258306e+02
  -1.56318729130536354432e+02
  -1.56303274771390192655e+02
  -1.56287879981350897651e+02
  -1.56272556533899120268e+02
  -1.56257332625061422959e+02
  -1.56242167221154744539e+02
  -1.56227059966689949988e+02
  -1.56212010509183471640e+02
  -1.56197018499108253309e+02
  -1.56182083589876555152e+02
  -1.56167205437806984492e+02
  -1.56152383702084762263e+02
  -1.56137618044739213019e+02
  -1.56122908130611762090e+02
  -1.56108253627320578971e+02
  -1.56093654205234741994e+02
  -1.56079109537452069389e+02
  -1.56064616432633471277e+02
  -1.56050167019012036462e+02
  -1.56035771651936840954e+02
  -1.56021430010972437685e+02
  -1.56007141778336347215e+02
  -1.55992906638847244949e+02
  -1.55978724279940138331e+02
  -1.55964594391591731437e+02
  -1.55950516666325313508e+02
  -1.55936490799174094946e+02
  -1.55922516487655059336e+02
  -1.55908593431734431078e+02
  -1.55894721333825685861e+02
  -1.55880899898733645159e+02
  -1.55867128833650212982e+02
  -1.55853322849413501672e+02
  -1.55839565934076915710e+02
  -1.55825859068240106353e+02
  -1.55812201962886064166e+02
  -1.55798594331330264140e+02
  -1.55785035889189288127e+02
  -1.55771526354368518241e+02
  -1.55758065447017202132e+02
  -1.55744652889535018403e+02
  -1.55731288406519468026e+02
  -1.55717971724772894504e+02
  -1.55704702573246294151e+02
  -1.55691480683044147781e+02
  -1.55678305787389888337e+02
  -1.55665086453250296472e+02
  -1.55651837412021393448e+02
  -1.55638635454176977646e+02
  -1.55625480313882007977e+02
  -1.55612371727395213838e+02
  -1.55599309433058039076e+02
  -1.55586293171257892709e+02
  -1.55573322684418997142e+02
  -1.55560397716977803384e+02
  -1.55547518015366989630e+02
  -1.55534683327987210077e+02
  -1.55521893405194703064e+02
  -1.55509147999274517815e+02
  -1.55496446864426104639e+02
  -1.55483789756745636623e+02
  -1.55470945957502124202e+02
  -1.55458116028987177515e+02
  -1.55445330656094881761e+02
  -1.55432589592866349903e+02
  -1.55419892595232539634e+02
  -1.55407239420999758295e+02
  -1.55394629829840283719e+02
  -1.55382063583269570017e+02
  -1.55369540444611232033e+02
  -1.55357060179011114087e+02
  -1.55344622553390792064e+02
  -1.55332227336445100718e+02
  -1.55319874298619112096e+02
  -1.55307563212089945637e+02
  -1.55295293850757559539e+02
</dep>
<dep dBS22 frequency>
  +6.57985841171953467210e-01
  +6.28703172701299495273e-01
  +5.99983116593114762516e-01
  +5.71802864981200142935e-01
  +5.44164599897766554371e-01
  +5.17074522281620541087e-01
  +4.90539841636358220356e-01
  +4.64568015044027393667e-01
  +4.39166486549411538842e-01
  +4.14342576840183995923e-01
  +3.90103427720930040490e-01
  +3.66455969551021609742e-01
  +3.43406899421860534183e-01
  +3.20962664845045930750e-01
  +2.99129450528425655520e-01
  +2.77913167040795827667e-01
  +2.57319440741838545428e-01
  +2.37353604642562554528e-01
  +2.18020690013046025690e-01
  +1.99325418635176776494e-01
  +1.81272195647005890384e-01
  +1.63865102950016161554e-01
  +1.47107893169214715146e-01
  +1.31003984162098324751e-01
  +1.15556454081053000538e-01
  +1.00768036994345722146e-01
  +8.66411190734259345492e-02
  +7.31777353534648761224e-02
  +6.03795670754270971670e-02
  +4.82479396142647815049e-02
  +3.67838209995083528780e-02
  +2.59878210307556423153e-02
  +1.58601909900600961112e-02
  +6.40082395136380277040e-03
  -2.39074431559461965044e-03
  -1.05153338501689924689e-02
  -1.79741184205480797331e-02
  -2.47686228659677737385e-02
  -3.09007198709791361391e-02
  -3.63726261833340128171e-02
  -4.11868982885938428318e-02
  -4.53464275561972218753e-02
  -4.88544348743143036495e-02
  -5.17144647908343996212e-02
  -5.39303791806422100352e-02
  -5.55063504599774271142e-02
  -5.64468543702787567407e-02
  -5.67566623545958104380e-02
  -5.64408335512487924213e-02
  -5.55047064297327225058e-02
  -5.40529778173583844159e-02
  -5.26269697989548493333e-02
  -5.12336228945282981528e-02
  -4.99036964990864848057e-02
  -4.86674828399849129790e-02
  -4.74662719486032558258e-02
  -4.63026832273272792584e-02
  -4.51784974475652328918e-02
  -4.40947781469968325130e-02
  -4.30833882021494085635e-02
  -4.21106907707498173687e-02
  -4.11719906022704126847e-02
  -4.02669410046379711021e-02
  -3.93948930330959012913e-02
  -3.85549527462325861138e-02
  -3.77460314826314549674e-02
  -3.69668898512286805969e-02
  -3.62161760654782297064e-02
  -3.54924591942075706719e-02
  -3.47942578500281540776e-02
  -3.41200647889318003925e-02
  -3.34683678517147462084e-02
  -3.28376676386199564672e-02
  -3.22264922730298303266e-02
  -3.16334095773775705873e-02
  -3.10790966510540202228e-02
  -3.05417969717163180488e-02
  -3.00193007447098272888e-02
  -2.95102142543067838543e-02
  -2.90132310845115301556e-02
  -2.85271334468908954740e-02
  -2.80576089216670737647e-02
  -2.76218856768547516012e-02
  -2.71935108616801167469e-02
  -2.67714947770604783095e-02
  -2.63549433124006839135e-02
  -2.59567982193515678357e-02
  -2.55843404068497419501e-02
  -2.52141387149353995989e-02
  -2.48455755026289228093e-02
  -2.44907068551673441636e-02
  -2.41614128943625980361e-02
  -2.38309343666225567637e-02
  -2.34989323411884942772e-02
  -2.31939133755838314266e-02
  -2.28960708315918415323e-02
  -2.25943578028309985384e-02
  -2.23064536158350916473e-02
  -2.20358700585137172456e-02
  -2.17593906764871995729e-02
  -2.14924149701270494894e-02
  -2.12439800431661676705e-02
  -2.09879617345072391754e-02
  -2.07444268867659036004e-02
  -2.05134258178615996870e-02
  -2.02734906133326328592e-02
  -2.00548696642228289899e-02
  -1.98370611329446375204e-02
  -1.96132764001531942344e-02
  -1.94162362077320779785e-02
  -1.92078912492554161606e-02
  -1.90116210494140625009e-02
  -1.88213826650653268113e-02
  -1.86235598021844903083e-02
  -1.84500891344887285594e-02
  -1.82636923679028000123e-02
  -1.80941301067089298227e-02
  -1.79221713811152406903e-02
  -1.77534535668483588189e-02
  -1.75946911082618603905e-02
  -1.74278649439820847167e-02
  -1.72810794461292112356e-02
  -1.71196926150581386905e-02
  -1.69810560430417138711e-02
  -1.68298039427896665987e-02
  -1.66942529258215718868e-02
  -1.65520685335925205051e-02
  -1.64202325252183339854e-02
  -1.62860908539885981816e-02
  -1.61585033700281446856e-02
  -1.60314254226803197534e-02
  -1.59085336949722488953e-02
  -1.57875893777197698342e-02
  -1.56697631843588126854e-02
  -1.55540733156476762566e-02
  -1.54416130526605684808e-02
  -1.53303505895642962209e-02
  -1.52234946440367828469e-02
  -1.51158852352433429461e-02
  -1.50148167153135916191e-02
  -1.49101386781883872568e-02
  -1.48149915511509525784e-02
  -1.47125753597194437738e-02
  -1.46234400455188835039e-02
  -1.45226674066186844242e-02
  -1.44395958705180738058e-02
  -1.43445005197717564971e-02
  -1.42629088413819184872e-02
  -1.41745194690091041306e-02
  -1.40928475757101795418e-02
  -1.40111186806919155168e-02
  -1.39289015348643598763e-02
  -1.38537637223649038459e-02
  -1.37705825263760572863e-02
  -1.37019458626893193831e-02
  -1.36235886980499362742e-02
  -1.35551827845538548634e-02
  -1.34837178556531361168e-02
  -1.34130189196534650026e-02
  -1.33482969993931489122e-02
  -1.32750254587379427906e-02
  -1.32168865240587449228e-02
  -1.31504458955104472362e-02
  -1.30890754562899939983e-02
  -1.30294707131299262320e-02
  -1.29644807342514916532e-02
  -1.29115137081620753173e-02
  -1.28510677022059521118e-02
  -1.27962150670731661384e-02
  -1.27425819426534130130e-02
  -1.26832424100523817601e-02
  -1.26361976449344635270e-02
  -1.25824096999148163367e-02
  -1.25316086509222844592e-02
  -1.24845221029243873961e-02
  -1.24310315461748123467e-02
  -1.23879081408764194633e-02
  -1.23411968476982714105e-02
  -1.22923147980468633333e-02
  -1.22521275305331658195e-02
  -1.22061589177671989820e-02
  -1.21635988015074275603e-02
  -1.21241896340538654608e-02
  -1.20792861902324025897e-02
  -1.20422982514417839517e-02
  -1.20039645308770408921e-02
  -1.19604081006632369244e-02
  -1.19282777993655712823e-02
  -1.18912793018494996472e-02
  -1.18520777218586361584e-02
  -1.18213639408013548859e-02
  -1.17859265389084772596e-02
  -1.17505402368220986803e-02
  -1.17213527261889206149e-02
  -1.16876717542452220056e-02
  -1.16554974905492651771e-02
  -1.16280164613580261346e-02
  -1.15962598029322166288e-02
  -1.15667291426649158914e-02
  -1.15411095022460007814e-02
  -1.15114204219669800933e-02
  -1.14839992503576893840e-02
  -1.14603732383553418017e-02
  -1.14328729785353119808e-02
  -1.14070607441285089279e-02
  -1.13855403500284849128e-02
  -1.13603305111682206796e-02
  -1.13356592361618570969e-02
  -1.13163384161354459850e-02
  -1.12935031389017892511e-02
  -1.12695362312064447513e-02
  -1.12524929407580472074e-02
  -1.12321009058269274256e-02
  -1.12084318025771206839e-02
  -1.11937298602982227697e-02
  -1.11758361212321837702e-02
  -1.11547510090716731762e-02
  -1.11397775857129260890e-02
  -1.11244252490051570570e-02
  -1.11060301588763420122e-02
  -1.10903686284052095667e-02
  -1.10775903937709360031e-02
  -1.10619101983162049230e-02
  -1.10452408525569811815e-02
  -1.10350604257039835304e-02
  -1.10221114308286932681e-02
  -1.10063941782202936309e-02
  -1.09965717805918551664e-02
  -1.09863629978242897250e-02
  -1.09735123196517472821e-02
  -1.09618689668720455804e-02
  -1.09544032815833500966e-02
  -1.09444154496381711866e-02
  -1.09319057223877628970e-02
  -1.09259800519417270281e-02
  -1.09188466441818166769e-02
  -1.09093048062815049792e-02
  -1.09008503787322141160e-02
  -1.08965592478876653615e-02
  -1.08899672375861820278e-02
  -1.08810745494777247333e-02
  -1.08773164946524662777e-02
  -1.08736537371717442713e-02
  -1.08677922330075032997e-02
  -1.08608909335690829306e-02
  -1.08601351493866592202e-02
  -1.08572772569939385301e-02
  -1.08523174161975852897e-02
  -1.08491916238765383207e-02
  -1.08493090999394990737e-02
  -1.08474162370191633264e-02
  -1.08435131783262365263e-02
  -1.08436762368677875462e-02
  -1.08448173807667233581e-02
  -1.08440351803354324833e-02
  -1.08413297634297987881e-02
  -1.08443180150586161725e-02
  -1.08466201203269267672e-02
  -1.08470813581713933227e-02
  -1.08457223076186375088e-02
  -1.08510738967426585699e-02
  -1.08546627218952980443e-02
  -1.08564888809447208928e-02
  -1.08572083691235166114e-02
  -1.08638882156318825056e-02
  -1.08688794641043015576e-02
  -1.08721822005135686229e-02
  -1.08745768801041756829e-02
  -1.08826958571570167611e-02
  -1.08891965691907972175e-02
  -1.08940790911969138249e-02
  -1.08977634834764476601e-02
  -1.09074249125782219566e-02
  -1.09155347797919299868e-02
  -1.09220931499632474548e-02
  -1.09271000900211627538e-02
  -1.09379988648118653405e-02
  -1.09478114778442520150e-02
  -1.09561358491277165833e-02
  -1.09629720360551775882e-02
  -1.09743383324902542275e-02
  -1.09859423719718442281e-02
  -1.09961181676908239385e-02
  -1.10048657682444879502e-02
  -1.10163623912646040787e-02
  -1.10298427722687088226e-02
  -1.10419518202433640519e-02
  -1.10526895756577620000e-02
  -1.10639894834765103310e-02
  -1.10794284636207898687e-02
  -1.10935500944934328088e-02
  -1.11063544090553197041e-02
  -1.11178414417734822139e-02
  -1.11346161802360101023e-02
  -1.11508283003558718999e-02
  -1.11657743050695042186e-02
  -1.11794542217727634753e-02
  -1.11953236749027205954e-02
  -1.12137038243514761821e-02
  -1.12308664262148073104e-02
  -1.12468115013677275038e-02
  -1.12615390719615297149e-02
  -1.12820957728959527649e-02
  -1.13015507009043957715e-02
  -1.13198341649383971141e-02
  -1.13369461810122820755e-02
  -1.13559241765462774765e-02
  -1.13777490359600608194e-02
  -1.13984461217748814232e-02
  -1.14180154442927225128e-02
  -1.14364570149182945974e-02
  -1.14593840609925681773e-02
  -1.14825730716342968435e-02
  -1.15046757504896103586e-02
  -1.15256921035814668963e-02
  -1.15463773481904573986e-02
  -1.15721407592851155410e-02
  -1.15968571287099909278e-02
  -1.16205264574698319269e-02
  -1.16431487475285033728e-02
  -1.16670726440855597461e-02
  -1.16944884680367823526e-02
  -1.17208945004971722831e-02
  -1.17462907386735281035e-02
  -1.17706771806546199588e-02
  -1.17974945724724153417e-02
  -1.18267277770270160669e-02
  -1.18549864948855089575e-02
  -1.18822707196280814151e-02
  -1.19085804456500483212e-02
  -1.19379513060869878183e-02
  -1.19691691592584623094e-02
  -1.19994459786091287046e-02
  -1.20287817542411648586e-02
  -1.20571764770232049691e-02
  -1.20887621758884004908e-02
  -1.21221360044837626890e-02
  -1.21546004878813288658e-02
  -1.21861556128482536460e-02
  -1.22168013668587111670e-02
  -1.22502601158704597234e-02
  -1.22859671667514096238e-02
  -1.23207948789616338753e-02
  -1.23547432360390247591e-02
  -1.23878122221922886553e-02
  -1.24227935396848017391e-02
  -1.24610189732469942014e-02
  -1.24983934694523658726e-02
  -1.25349170087089584885e-02
  -1.25705895720586782738e-02
  -1.26067275623243952448e-02
  -1.26476666122294911787e-02
  -1.26877815927291144604e-02
  -1.27270724811882687821e-02
  -1.27655392555543131805e-02
  -1.28031818943623448837e-02
  -1.28463047810871630605e-02
  -1.28893664519405710955e-02
  -1.29316294294037036072e-02
  -1.29730936883927141373e-02
  -1.30137592043775805750e-02
  -1.30573474282945790198e-02
  -1.31035771141338793638e-02
  -1.31490321013868795286e-02
  -1.31937123619858091839e-02
  -1.32376178683726100638e-02
  -1.32812263625026270170e-02
  -1.33308634260696761559e-02
  -1.33797484400127574683e-02
  -1.34278813732853306157e-02
  -1.34752621953221785739e-02
  -1.35218908760462250968e-02
  -1.35716935568859237843e-02
  -1.36242679973069963362e-02
  -1.36761117109323281082e-02
  -1.37272246641821291102e-02
  -1.37776068239373952751e-02
  -1.38272581575520601971e-02
  -1.38830981586601596295e-02
  -1.39389359286636246860e-02
  -1.39940630466601906301e-02
  -1.40484794764607519302e-02
  -1.41021851823178012014e-02
  -1.41567581681092940354e-02
  -1.42169027127503865005e-02
  -1.42763555169548982809e-02
  -1.43351165414134264220e-02
  -1.43931857472246356455e-02
  -1.44505630959054949536e-02
  -1.45105686869549284357e-02
  -1.45746931112778772138e-02
  -1.46381435093723873131e-02
  -1.47009198391111744336e-02
  -1.47630220587561533652e-02
  -1.48244501269575515434e-02
  -1.48896686890174489992e-02
  -1.49581934058446667374e-02
  -1.50260606879072805553e-02
  -1.50932704900943737147e-02
  -1.51598227676745384018e-02
  -1.52257174762848168648e-02
  -1.52958920831862341116e-02
  -1.53692810158909641538e-02
  -1.54420280170196756037e-02
  -1.55141330383027804818e-02
  -1.55855960318272840359e-02
  -1.56564169500291172632e-02
  -1.57312335673949407755e-02
  -1.58100021119393398250e-02
  -1.58881431710222002784e-02
  -1.59656566929863609483e-02
  -1.60425426265168036277e-02
  -1.61188009206300816856e-02
  -1.61978624107538549115e-02
  -1.62825867935171703094e-02
  -1.63666971080169282304e-02
  -1.64501932989454639766e-02
  -1.65330753113171052826e-02
  -1.66153430904677941460e-02
  -1.66981351104052468115e-02
  -1.67894634530719941146e-02
  -1.68801901412422850068e-02
  -1.69703151156428179436e-02
  -1.70598383173075351937e-02
  -1.71487596875883781256e-02
  -1.72370791681306645415e-02
  -1.73332713909753084736e-02
  -1.74313466479188196312e-02
  -1.75288316203908271784e-02
  -1.76257262450818796840e-02
  -1.77220304589707292053e-02
  -1.78177441993403566645e-02
  -1.79168702817058198007e-02
  -1.80231271108597657093e-02
  -1.81288041260492492623e-02
  -1.82339012591780091910e-02
  -1.83384184424278638692e-02
  -1.84423556082728666572e-02
  -1.85457126894702055420e-02
  -1.86587355533932922058e-02
  -1.87735563945852917955e-02
  -1.88878068812732974324e-02
  -1.90014869403279246241e-02
  -1.91145964989007689783e-02
  -1.92271354844118988470e-02
  -1.93416195253056297232e-02
  -1.94666785579057886879e-02
  -1.95911758472505290185e-02
  -1.97151113142881723173e-02
  -1.98384848802374211263e-02
  -1.99612964665748550408e-02
  -2.00835459950442773991e-02
  -2.02120204186103102906e-02
  -2.03480282965649711402e-02
  -2.04834820651341315001e-02
  -2.06183816388745867754e-02
  -2.07527269325973109937e-02
  -2.08865178613738648739e-02
  -2.10197543405302202102e-02
  -2.11626548581554489725e-02
  -2.13110940116879865602e-02
  -2.14589858135075077505e-02
  -2.16063301709028578179e-02
  -2.17531269914095631846e-02
  -2.18993761828114273660e-02
  -2.20450776531445173656e-02
  -2.22027140331228223236e-02
  -2.23653099531122279142e-02
  -2.25273644398397004940e-02
  -2.26888773922812939099e-02
  -2.28498487096540602026e-02
  -2.30102782914244317902e-02
  -2.31701660372884941930e-02
  -2.33426251018816234561e-02
  -2.35213974950277543430e-02
  -2.36996335861867600536e-02
  -2.38773332647886048219e-02
  -2.40544964205055764039e-02
  -2.42311229432339916845e-02
  -2.44072127231156760230e-02
  -2.45942181517403227198e-02
  -2.47915441488078258647e-02
  -2.49883382638129251940e-02
  -2.51846003751681583871e-02
  -2.53803303615175515628e-02
  -2.55755281017246323405e-02
  -2.57701934748891109406e-02
  -2.59709045899524613998e-02
  -2.61895971125292170711e-02
  -2.64077615739690477192e-02
  -2.66253978398996900279e-02
  -2.68425057761755535279e-02
  -2.70590852488686584021e-02
  -2.72751361242697734633e-02
  -2.74906582688876251208e-02
  -2.77312658973511774740e-02
  -2.79741463966036406352e-02
  -2.82165020750944593730e-02
  -2.84583327837783714442e-02
  -2.86996383738265872787e-02
  -2.89404186966119511548e-02
  -2.91806736037309999432e-02
  -2.94343237450041123049e-02
  -2.97059206740495594656e-02
  -2.99769959741998069658e-02
  -3.02475494790037865989e-02
  -3.05175810222046706155e-02
  -3.07870904377576110056e-02
  -3.10560775598114381657e-02
  -3.13245422227205819188e-02
  -3.16239098111096988974e-02
  -3.19285110080101131036e-02
  -3.22325937731030159883e-02
  -3.25361579197301492572e-02
  -3.28392032614181345052e-02
  -3.31417296118888884959e-02
  -3.34437367850525663071e-02
  -3.37515095271567686086e-02
  -3.40954364947460980551e-02
  -3.44388491431819737665e-02
  -3.47817472618785275551e-02
  -3.51241306404313433087e-02
  -3.54659990686060633269e-02
  -3.58073523363421075683e-02
  -3.61481902337552479798e-02
  -3.65050563584307166676e-02
  -3.68948250763424245857e-02
  -3.72840849344629465811e-02
  -3.76728356943884581942e-02
  -3.80610771178646750679e-02
  -3.84488089667905791336e-02
  -3.88360310032244693268e-02
  -3.92227429893751144974e-02
  -3.96322151792303928319e-02
  -4.00763728697585974725e-02
  -4.05200299258178311956e-02
  -4.09631860766052346978e-02
  -4.14058410514397540192e-02
  -4.18479945797668104190e-02
  -4.22896463911615894116e-02
  -4.27307962153161552399e-02
  -4.31951939771871920581e-02
  -4.37041414230142505337e-02
  -4.42126010599873386919e-02
  -4.47205725801059356117e-02
  -4.52280556754499143968e-02
  -4.57350500381871055700e-02
  -4.62415553605722146058e-02
  -4.67475713349442406619e-02
  -4.72669972739318267063e-02
  -4.78533791293438426351e-02
  -4.84392933155543131685e-02
  -4.90247394829661925497e-02
  -4.96097172820147425121e-02
  -5.01942263631654436717e-02
  -5.07782663769123787656e-02
  -5.13618369737917704332e-02
  -5.19449378043588816389e-02
  -5.26118222104697899622e-02
  -5.32905039056958892973e-02
  -5.39687489634694955720e-02
  -5.46465569899119985031e-02
  -5.53239275911026132104e-02
  -5.60008603730762499762e-02
  -5.66773549418214256379e-02
  -5.73534109032859742983e-02
  -5.80806158725993212921e-02
  -5.88704048768063439856e-02
  -5.96598056161461026692e-02
  -6.04488176541113503282e-02
  -6.12374405540430516437e-02
  -6.20256738791487988172e-02
  -6.28135171924806140487e-02
  -6.36009700569517971713e-02
  -6.43880320353280299894e-02
  -6.52969087377632539937e-02
  -6.62190129349855272078e-02
  -6.71408016870042867463e-02
  -6.80622745251169003478e-02
  -6.89834309803392525806e-02
  -6.99042705834291289158e-02
  -7.08247928648562674603e-02
  -7.17449973548296565662e-02
  -7.27001612835205812679e-02
  -7.37793275264792686174e-02
  -7.48582868496700387650e-02
  -7.59370387797132784247e-02
  -7.70155828428096961291e-02
  -7.80939185647486350250e-02
  -7.91720454709001070226e-02
  -8.02499630862108237483e-02
  -8.13276709352213217352e-02
  -8.24809718452655660226e-02
  -8.37427728133959686785e-02
  -8.50045220864166645169e-02
  -8.62662192404920757927e-02
  -8.75278638512561601992e-02
  -8.87894554937966457020e-02
  -9.00509937426621775991e-02
  -9.13124781718632899663e-02
  -9.25739083548651198186e-02
  -9.39319201485788041195e-02
  -9.53998588614088233184e-02
  -9.68679581536248668350e-02
  -9.83362177430235906428e-02
  -9.98046373468332997936e-02
  -1.01273216681733474465e-01
  -1.02741955463835882290e-01
  -1.04210853408683273846e-01
  -1.05679910231265480891e-01
  -1.07234104583325273730e-01
  -1.08921511945137661215e-01
  -1.10609347439180896733e-01
  -1.12297611050307666325e-01
  -1.13986302763027666507e-01
  -1.15675422561484664286e-01
  -1.17364970429475176661e-01
  -1.19054946350429180502e-01
  -1.20745350307424587077e-01
  -1.22472006522759899183e-01
  -1.24368016930637648176e-01
  -1.26264745946161882628e-01
  -1.28162193930066697911e-01
  -1.30060361243237387896e-01
  -1.31959248246704102803e-01
  -1.33858855301653645320e-01
  -1.35759182769411068659e-01
  -1.37660231011456107852e-01
  -1.39562000389419266222e-01
  -1.41583939985649331916e-01
  -1.43632833893154704397e-01
  -1.45682671722092704769e-01
  -1.47733454171134759303e-01
  -1.49785181939679323815e-01
  -1.51837855727849330156e-01
  -1.53891476236496960173e-01
  -1.55946044167195541075e-01
  -1.58001560222256309807e-01
  -1.60062955487506070051e-01
  -1.62135499552964801318e-01
  -1.64208992768511252702e-01
  -1.66283435822665026649e-01
  -1.68358829404641419103e-01
  -1.70435174204336709058e-01
  -1.72512470912342230633e-01
  -1.74590720219939377067e-01
  -1.76669922819106151035e-01
  -1.78750079402503647685e-01
  -1.80693005933762917969e-01
  -1.82573721769103997081e-01
  -1.84455022562341086623e-01
  -1.86336908424393737915e-01
  -1.88219379465900227277e-01
  -1.90102435797213947799e-01
  -1.91986077528403381587e-01
  -1.93870304769255041855e-01
  -1.95755117629263064583e-01
  -1.97640516217640893615e-01
  -1.99092746731793529547e-01
  -2.00498515167502916468e-01
  -2.01904172117140401355e-01
  -2.03309716958666675257e-01
  -2.04715149069234353396e-01
  -2.06120467825189862543e-01
  -2.07525672602079158668e-01
  -2.08930762774631795242e-01
  -2.10335737716776716155e-01
  -2.11740596801635871937e-01
  -2.12426312118093429948e-01
  -2.13090389336991870017e-01
  -2.13753701876872925780e-01
  -2.14416249151873627987e-01
  -2.15078030576364737092e-01
  -2.15739045564952408585e-01
  -2.16399293532475833768e-01
  -2.17058773894013068428e-01
  -2.17717486064883530839e-01
  -2.18375429460643366575e-01
  -2.18263217762648342735e-01
  -2.18055300321784384376e-01
  -2.17846494062177736817e-01
  -2.17636799212778120349e-01
  -2.17426216003168970570e-01
  -2.17214744663582814965e-01
  -2.17002385424870769537e-01
  -2.16789138518518775811e-01
  -2.16575004176651653154e-01
  -2.16359982632022579407e-01
  -2.15628772469030227654e-01
  -2.14627614457662679870e-01
  -2.13626051706961334054e-01
  -2.12624084845146554823e-01
  -2.11621714500069252329e-01
  -2.10618941299204942563e-01
  -2.09615765869653775111e-01
  -2.08612188838138756797e-01
  -2.07608210831013439979e-01
  -2.06603832474256732255e-01
  -2.05453312813489941124e-01
  -2.03905862839939971964e-01
  -2.02358678342308667686e-01
  -2.00811759489016972147e-01
  -1.99265106448021145358e-01
  -1.97718719386818120309e-01
  -1.96172598472439341233e-01
  -1.94626743871449847667e-01
  -1.93081155749963373491e-01
  -1.91535834273623445378e-01
  -1.89990779607620674518e-01
  -1.88263319886609631348e-01
  -1.86466742154594189440e-01
  -1.84670845885435419564e-01
  -1.82875630694423807476e-01
  -1.81081096197122426439e-01
  -1.79287242009363634310e-01
  -1.77494067747245437561e-01
  -1.75701573027135377059e-01
  -1.73909757465669806420e-01
  -1.72118620679754114056e-01
  -1.70327885611369383989e-01
  -1.68524096444005039297e-01
  -1.66721043049769035438e-01
  -1.64918724941398697759e-01
  -1.63117141632089734937e-01
  -1.61316292635498570451e-01
  -1.59516177465732156282e-01
  -1.57716795637355133852e-01
  -1.55918146665389417693e-01
  -1.54120230065312474599e-01
  -1.52323045353050245954e-01
  -1.50547330059656564449e-01
  -1.48886014435738012196e-01
  -1.47225258805789405159e-01
  -1.45565062907036524287e-01
  -1.43905426476828912641e-01
  -1.42246349252650394757e-01
  -1.40587830972103866589e-01
  -1.38929871372928420703e-01
  -1.37272470192985662774e-01
  -1.35615627170270647284e-01
  -1.33959342042897361358e-01
  -1.32328922700721440808e-01
  -1.30876608271604411016e-01
  -1.29424608626051818039e-01
  -1.27972923770033220059e-01
  -1.26521553709330908388e-01
  -1.25070498449551426035e-01
  -1.23619757996118170840e-01
  -1.22169332354280263386e-01
  -1.20719221529101958246e-01
  -1.19269425525473843352e-01
  -1.17819944348102195741e-01
  -1.16370778001524746714e-01
  -1.15124757442256489548e-01
  -1.13894405761846867486e-01
  -1.12664147919916163287e-01
  -1.11433984099062591278e-01
  -1.10203914481606102260e-01
  -1.08973939249580209498e-01
  -1.07744058584738774953e-01
  -1.06514272668563073077e-01
  -1.05284581682242917022e-01
  -1.04054985806695671213e-01
  -1.02825485222554746656e-01
  -1.01712032149137418524e-01
  -1.00688252342927817007e-01
  -9.96644008387835428353e-02
  -9.86404778953333394309e-02
  -9.76164837709624366724e-02
  -9.65924187238187126336e-02
  -9.55682830118032150546e-02
  -9.45440768925853436411e-02
  -9.35198006235810619380e-02
  -9.24954544619688984186e-02
  -9.14710386646964135338e-02
  -9.04515109914441894912e-02
  -8.96080124556951490566e-02
  -8.87643310521610134911e-02
  -8.79204670488996919975e-02
  -8.70764207138205181824e-02
  -8.62321923146705665575e-02
  -8.53877821190483082825e-02
  -8.45431903943849455407e-02
  -8.36984174079709319916e-02
  -8.28534634269303682519e-02
  -8.20083287182352127509e-02
  -8.11630135487034221065e-02
  -8.03662728604313120195e-02
  -7.96744277695633495995e-02
  -7.89823312257516285673e-02
  -7.82899834730410026928e-02
  -7.75973847554122797554e-02
  -7.69045353167605860722e-02
  -7.62114354009177513705e-02
  -7.55180852516357109527e-02
  -7.48244851125964699490e-02
  -7.41306352274023611093e-02
  -7.34365358395871886676e-02
  -7.27421871926038632328e-02
  -7.21027354199526987477e-02
  -7.15362302021490537030e-02
  -7.09694343862380533361e-02
  -7.04023481802615591629e-02
  -6.98349717922454871211e-02
  -6.92673054302015006600e-02
  -6.86993493021315210223e-02
  -6.81311036160269084538e-02
  -6.75625685798571656848e-02
  -6.69937444015889504989e-02
  -6.64246312891648149623e-02
  -6.58552294505232171939e-02
  -6.53240980477810262439e-02
  -6.48603487160629432751e-02
  -6.43962888123439936017e-02
  -6.39319185075994111944e-02
  -6.34672379728338925675e-02
  -6.30022473790785575432e-02
  -6.25369468973982212123e-02
  -6.20713366988794659762e-02
  -6.16054169546368934895e-02
  -6.11391878358081772293e-02
  -6.06726495135680582438e-02
  -6.02058021591082084822e-02
  -5.97486710218405117634e-02
  -5.93690101363059385964e-02
  -5.89890305921511176601e-02
  -5.86087325269183945231e-02
  -5.82281160781938159077e-02
  -5.78471813836225964844e-02
  -5.74659285808992864597e-02
  -5.70843578077691038430e-02
  -5.67024692020293499817e-02
  -5.63202629015316924566e-02
  -5.59377390441732902371e-02
  -5.55548977679089298065e-02
  -5.51717392107406445767e-02
  -5.48378035787811038415e-02
  -5.45268017357221218555e-02
  -5.42154802768176347083e-02
  -5.39038393112645994321e-02
  -5.35918789483315685662e-02
  -5.32795992973517928970e-02
  -5.29670004677241373914e-02
  -5.26540825689085362216e-02
  -5.23408457104386631853e-02
  -5.20272900019076861566e-02
  -5.17134155529711050936e-02
  -5.13992224733564040395e-02
  -5.10883125887016190103e-02
  -5.08342102697793007948e-02
  -5.05797911206246619820e-02
  -5.03250552270005299671e-02
  -5.00700026747562601526e-02
  -4.98146335497993281161e-02
  -4.95589479381211145403e-02
  -4.93029459257837074371e-02
  -4.90466275989139763314e-02
  -4.87899930437176443387e-02
  -4.85330423464728349936e-02
  -4.82757755935257215629e-02
  -4.80181928712981598295e-02
  -4.77729492024103474801e-02
  -4.75658498958779415999e-02
  -4.73584384975094044301e-02
  -4.71507150740381048015e-02
  -4.69426796922659539391e-02
  -4.67343324190740566637e-02
  -4.65256733214202619631e-02
  -4.63167024663317591915e-02
  -4.61074199209172350122e-02
  -4.58978257523551327890e-02
  -4.56879200279038111265e-02
  -4.54777028148956458109e-02
  -4.52671741807350730413e-02
  -4.50668854479103278554e-02
  -4.48992437709082453656e-02
  -4.47312953421747233618e-02
  -4.45630402129322950033e-02
  -4.43944784344788637154e-02
  -4.42256100581871827715e-02
  -4.40564351355058544946e-02
  -4.38869537179606972188e-02
  -4.37171658571522681047e-02
  -4.35470716047621775324e-02
  -4.33766710125389406971e-02
  -4.32059641323120080525e-02
  -4.30349510159893436367e-02
  -4.28651778749324086082e-02
  -4.27310955051721230724e-02
  -4.25967115442263746794e-02
  -4.24620260305899749342e-02
  -4.23270390028277487815e-02
  -4.21917504995886066821e-02
  -4.20561605595865251050e-02
  -4.19202692216180949902e-02
  -4.17840765245546391649e-02
  -4.16475825073412408983e-02
  -4.15107872089957308237e-02
  -4.13736906686184360837e-02
  -4.12362929253784205041e-02
  -4.10985940185233239452e-02
  -4.09816885612706086062e-02
  -4.08763187592203897092e-02
  -4.07706518721782096293e-02
  -4.06646879281058123978e-02
  -4.05584269550339840404e-02
  -4.04518689810688600317e-02
  -4.03450140343967339485e-02
  -4.02378621432723654339e-02
  -4.01304133360291803712e-02
  -4.00226676410705139997e-02
  -3.99146250868763763364e-02
  -3.98062857020083024628e-02
  -3.96976495150849900684e-02
  -3.95898307541891064654e-02
  -3.95100532498905976375e-02
  -3.94299821042023435069e-02
  -3.93496173360294160259e-02
  -3.92689589643599040736e-02
  -3.91880070082465600811e-02
  -3.91067614868212468093e-02
  -3.90252224192857433138e-02
  -3.89433898249224308419e-02
  -3.88612637230752941409e-02
  -3.87788441331722716354e-02
  -3.86961310747116690734e-02
  -3.86131245672654832557e-02
  -3.85298246304760366732e-02
  -3.84524271205528150874e-02
  -3.83955087854942062053e-02
  -3.83382989748815294906e-02
  -3.82807976997223825544e-02
  -3.82230049711017455527e-02
  -3.81649208001707401783e-02
  -3.81065451981578845464e-02
  -3.80478781763617449063e-02
  -3.79889197461606431538e-02
  -3.79296699189990496603e-02
  -3.78701287063934327604e-02
  -3.78102961199404535853e-02
  -3.77501721713014715132e-02
  -3.76897568722170672739e-02
  -3.76344676573189887425e-02
  -3.75988690172229383935e-02
  -3.75629795220199722006e-02
  -3.75267991754541091476e-02
  -3.74903279813443082724e-02
  -3.74535659435820678098e-02
  -3.74165130661289757619e-02
  -3.73791693530230520470e-02
  -3.73415348083704495830e-02
  -3.73036094363556683384e-02
  -3.72653932412337976499e-02
  -3.72268862273319317557e-02
  -3.71880883990467689393e-02
  -3.71489997608572403154e-02
  -3.71096203173050323554e-02
  -3.70943279996319222325e-02
  -3.70791072867212301301e-02
  -3.70635945263205549005e-02
  -3.70477897151891555350e-02
  -3.70316928501593853329e-02
  -3.70153039281400850213e-02
  -3.69986229461044396905e-02
  -3.69816499011123359097e-02
  -3.69643847902841188313e-02
  -3.69468276108244411682e-02
  -3.69289783600032506250e-02
  -3.69108370351689460409e-02
  -3.68924036337386629381e-02
  -3.68736781532079810342e-02
  -3.68682691066912759936e-02
  -3.68740374814181259833e-02
  -3.68795104721898331368e-02
  -3.68846880684281994145e-02
  -3.68895702596356497849e-02
  -3.68941570353884598643e-02
  -3.68984483853343550597e-02
  -3.69024442992031548316e-02
  -3.69061447667907993608e-02
  -3.69095497779714648567e-02
  -3.69126593226971194683e-02
  -3.69154733909892174282e-02
  -3.69179919729504396608e-02
  -3.69202150587520094849e-02
  -3.69221426386448919876e-02
  -3.69472542158582953342e-02
  -3.69752084597525371157e-02
  -3.70028613806532291619e-02
  -3.70302129598436349789e-02
  -3.70572631786815140376e-02
  -3.70840120186122432222e-02
  -3.71104594611464735920e-02
  -3.71366054878825013752e-02
  -3.71624500804873456050e-02
  -3.71879932207093699681e-02
  -3.72132348903753754077e-02
  -3.72381750713862980096e-02
  -3.72628137457248972964e-02
  -3.72871508954432523408e-02
  -3.73111865026806363566e-02
</dep>
<dep dBS21 frequency>
  -7.39781388170835896290e+01
  -8.00898869421686470105e+01
  -8.37063628072532850410e+01
  -8.63013496901398013961e+01
  -8.83369478593081112194e+01
  -9.00190420837029279255e+01
  -9.14574792279059636257e+01
  -9.27178406627370890192e+01
  -9.38424367733878881381e+01
  -9.48601641677276461451e+01
  -9.57916400574736002227e+01
  -9.66520932820684919307e+01
  -9.74530942461037028579e+01
  -9.82036419784003413724e+01
  -9.89108752747806221350e+01
  -9.95805538820953728418e+01
  -1.00217393564485973911e+02
  -1.00825305264672380190e+02
  -1.01407569527712141166e+02
  -1.01966966142666109363e+02
  -1.02505872130411688659e+02
  -1.03026336924462185607e+02
  -1.03530140834863402688e+02
  -1.04018841068802743166e+02
  -1.04493808358893573995e+02
  -1.04956256411658429784e+02
  -1.05407265803666817305e+02
  -1.05847803538088044206e+02
  -1.06278739176364013019e+02
  -1.06700858242366138029e+02
  -1.07114873436317040500e+02
  -1.07521434076234584154e+02
  -1.07921134094565161377e+02
  -1.08314518849264530331e+02
  -1.08702090955773115866e+02
  -1.09084315305692484799e+02
  -1.09461623406103640832e+02
  -1.09834417148335006686e+02
  -1.10203072095209520853e+02
  -1.10567940359952260110e+02
  -1.10929353137108449801e+02
  -1.11287622935628178311e+02
  -1.11643045555845276340e+02
  -1.11995901845153753129e+02
  -1.12346459261614938896e+02
  -1.12694973269913447211e+02
  -1.13041688590158457828e+02
  -1.13386840316711229093e+02
  -1.13730654921290792458e+02
  -1.14073351152152156374e+02
  -1.14414318874122756142e+02
  -1.14749352807299345614e+02
  -1.15078621705715505641e+02
  -1.15402051342069086104e+02
  -1.15719528103486780424e+02
  -1.16031771440923876071e+02
  -1.16338928485071605223e+02
  -1.16641141922733098113e+02
  -1.16938550326854780792e+02
  -1.17230927949395308474e+02
  -1.17518771566555159325e+02
  -1.17802261241797495472e+02
  -1.18081521193800810465e+02
  -1.18356672617111669865e+02
  -1.18627833841459334963e+02
  -1.18895120471874349732e+02
  -1.19158645511696732910e+02
  -1.19418519470263930771e+02
  -1.19674850456989517511e+02
  -1.19927744263421828919e+02
  -1.20177304434689744994e+02
  -1.20423632331633839954e+02
  -1.20666827184864118294e+02
  -1.20906986141803230339e+02
  -1.21144204307718879932e+02
  -1.21378170565601692488e+02
  -1.21609324683000338041e+02
  -1.21837770196556022029e+02
  -1.22063595740929002886e+02
  -1.22286888069864957629e+02
  -1.22507732073058917877e+02
  -1.22726066565088402172e+02
  -1.22941560653310233420e+02
  -1.23154815681792726423e+02
  -1.23365910715491168048e+02
  -1.23574923024226066559e+02
  -1.23781601588880519671e+02
  -1.23985793337616087229e+02
  -1.24188095095029140680e+02
  -1.24388578565056690195e+02
  -1.24586987697833620814e+02
  -1.24783030205249886535e+02
  -1.24977435331351074410e+02
  -1.25170269337979789270e+02
  -1.25360783730282193460e+02
  -1.25549535342440037766e+02
  -1.25736885348339143320e+02
  -1.25922363567121692540e+02
  -1.26105869236315939474e+02
  -1.26288135297080032160e+02
  -1.26468734517239255410e+02
  -1.26647385395805770258e+02
  -1.26824951273461664414e+02
  -1.27000821634614325717e+02
  -1.27174993058831347525e+02
  -1.27348226790772258710e+02
  -1.27519512775767921653e+02
  -1.27689564702762154980e+02
  -1.27858673680448447385e+02
  -1.28025660546211895507e+02
  -1.28191937883090361083e+02
  -1.28356670684217164080e+02
  -1.28520083802443110699e+02
  -1.28682747298564976290e+02
  -1.28843406861097093952e+02
  -1.29003568838175823430e+02
  -1.29162053355009220468e+02
  -1.29319651340738857925e+02
  -1.29476166057940758947e+02
  -1.29631305011728727550e+02
  -1.29785884450461765027e+02
  -1.29938667445761950603e+02
  -1.30091224285055460541e+02
  -1.30241873192898310663e+02
  -1.30392249095731472153e+02
  -1.30541053927622442643e+02
  -1.30689346578261222476e+02
  -1.30836338597897054115e+02
  -1.30982643907801843852e+02
  -1.31127853556567913529e+02
  -1.31272265689896755703e+02
  -1.31415722677335594426e+02
  -1.31558334072058272568e+02
  -1.31700067457138288773e+02
  -1.31840968842781848025e+02
  -1.31981007106726508482e+02
  -1.32120287519527835229e+02
  -1.32258658630963168434e+02
  -1.32396405427230831719e+02
  -1.32533136900298302407e+02
  -1.32669435768541916332e+02
  -1.32804554714636651624e+02
  -1.32939489687092532222e+02
  -1.33073022860770350917e+02
  -1.33206676324782449683e+02
  -1.33338650164372040763e+02
  -1.33470809184104325595e+02
  -1.33601543537491693314e+02
  -1.33732169003919921124e+02
  -1.33861808022337186230e+02
  -1.33990925563171458634e+02
  -1.34119546832028277095e+02
  -1.34247181886041914822e+02
  -1.34374861389040290760e+02
  -1.34501039227976690427e+02
  -1.34627412577244712111e+02
  -1.34752597109262978847e+02
  -1.34877536624761546591e+02
  -1.35001953347670593075e+02
  -1.35125483871567155347e+02
  -1.35249204090463450711e+02
  -1.35371350370620234571e+02
  -1.35493698786844333881e+02
  -1.35615230546216338325e+02
  -1.35736216877473481190e+02
  -1.35857217224074020123e+02
  -1.35976865988836607357e+02
  -1.36096723442172930163e+02
  -1.36215737328195245937e+02
  -1.36334278698557028520e+02
  -1.36452920570348396723e+02
  -1.36570170259090389209e+02
  -1.36687633679788604013e+02
  -1.36804486269697690659e+02
  -1.36920679035579382798e+02
  -1.37037092992013043613e+02
  -1.37152259888931837395e+02
  -1.37267423906342202145e+02
  -1.37382461470307532636e+02
  -1.37496399952076274076e+02
  -1.37610562633825168177e+02
  -1.37724104956236260477e+02
  -1.37837062647198592913e+02
  -1.37950250754008550302e+02
  -1.38062398555916075793e+02
  -1.38174402073476898067e+02
  -1.38286641815199004668e+02
  -1.38397495002251133656e+02
  -1.38508570469342856768e+02
  -1.38619609386522057548e+02
  -1.38729545290232465504e+02
  -1.38839718424428582466e+02
  -1.38949644879507559381e+02
  -1.39058698881228735900e+02
  -1.39167995077728505748e+02
  -1.39276906367970610745e+02
  -1.39385103895136182928e+02
  -1.39493548304338077060e+02
  -1.39601541015270555590e+02
  -1.39708907292460452254e+02
  -1.39816524892732331864e+02
  -1.39923694929457269609e+02
  -1.40030255048350284142e+02
  -1.40137070714629970780e+02
  -1.40243513334800837811e+02
  -1.40349292320361257680e+02
  -1.40455330889102157244e+02
  -1.40561140738182842824e+02
  -1.40666163611628576291e+02
  -1.40771449942692385093e+02
  -1.40876721091951935705e+02
  -1.40981012931040794456e+02
  -1.41085571966988766235e+02
  -1.41190397954747993481e+02
  -1.41293983951861548576e+02
  -1.41397840775208294417e+02
  -1.41501976875302659664e+02
  -1.41605220170201306473e+02
  -1.41708400059051314201e+02
  -1.41811862665365453040e+02
  -1.41914865064627463198e+02
  -1.42017393547218119920e+02
  -1.42120208133564489117e+02
  -1.42223062258189372642e+02
  -1.42324965166766673974e+02
  -1.42427157534401942485e+02
  -1.42529647647882427464e+02
  -1.42631259208537926497e+02
  -1.42732855539488241448e+02
  -1.42834752881548013193e+02
  -1.42936420497782734174e+02
  -1.43037447408562684359e+02
  -1.43138778617618925182e+02
  -1.43240422385708910724e+02
  -1.43341079167312415166e+02
  -1.43441871393575723914e+02
  -1.43542979443319353550e+02
  -1.43643897793099625915e+02
  -1.43744178754523204589e+02
  -1.43844778878548737566e+02
  -1.43945706435534418688e+02
  -1.44045849449905858819e+02
  -1.44145970089463077102e+02
  -1.44246421547026557164e+02
  -1.44347033640878294136e+02
  -1.44446703946561740395e+02
  -1.44546708583992625563e+02
  -1.44647055871069682098e+02
  -1.44747133015064918027e+02
  -1.44846720908797749416e+02
  -1.44946655083653269003e+02
  -1.45046943971667559481e+02
  -1.45146613882706986942e+02
  -1.45246166072782841638e+02
  -1.45346076767807289798e+02
  -1.45446354529743416606e+02
  -1.45545747417701704762e+02
  -1.45645312231235607214e+02
  -1.45745248108632893036e+02
  -1.45845560302680723908e+02
  -1.45944812616369659963e+02
  -1.46044440247466127403e+02
  -1.46144451900972740077e+02
  -1.46244743165418100261e+02
  -1.46344097373954298291e+02
  -1.46443840150121303623e+02
  -1.46543980376006174993e+02
  -1.46644389322824281408e+02
  -1.46743899652652999066e+02
  -1.46843812322904852863e+02
  -1.46944136413527985496e+02
  -1.47044805422968096309e+02
  -1.47144528756749963350e+02
  -1.47244668805391654587e+02
  -1.47345234869378089115e+02
  -1.47446236442529880151e+02
  -1.47546306732608940138e+02
  -1.47646734723228405528e+02
  -1.47747604036959756968e+02
  -1.47848924422645382037e+02
  -1.47949569913810478283e+02
  -1.48050349868689920640e+02
  -1.48151587264509146280e+02
  -1.48253292133420643495e+02
  -1.48354670634736095280e+02
  -1.48455870455809304076e+02
  -1.48557544753190342135e+02
  -1.48659703873700379972e+02
  -1.48761979139727515076e+02
  -1.48863671078045001650e+02
  -1.48965855565080147471e+02
  -1.49068543297213381038e+02
  -1.49171745216837877024e+02
  -1.49274146901339548776e+02
  -1.49376919875117209813e+02
  -1.49480215725499533619e+02
  -1.49584045798060117249e+02
  -1.49687716130887451982e+02
  -1.49791161506924481728e+02
  -1.49895150755346918459e+02
  -1.49999695670299161065e+02
  -1.50104808332791861858e+02
  -1.50209030799823153757e+02
  -1.50313805209852716871e+02
  -1.50419158321084580621e+02
  -1.50525102733222013285e+02
  -1.50631007863066741947e+02
  -1.50736666491737480555e+02
  -1.50842928651930662909e+02
  -1.50949807522388965708e+02
  -1.51057316620942344798e+02
  -1.51164256408890310013e+02
  -1.51271536925382292793e+02
  -1.51379461660398959566e+02
  -1.51488044804477794969e+02
  -1.51597135556338031392e+02
  -1.51705553291068270028e+02
  -1.51814645130564088049e+02
  -1.51924426020005654436e+02
  -1.52034911311982000370e+02
  -1.52145592997437802296e+02
  -1.52255984329574005187e+02
  -1.52367098147006487352e+02
  -1.52478950684838537200e+02
  -1.52591558636691615902e+02
  -1.52704158308211844997e+02
  -1.52816753301093484652e+02
  -1.52930124629073389997e+02
  -1.53044290022384984695e+02
  -1.53159267730457344214e+02
  -1.53274145359828878554e+02
  -1.53389202408764191432e+02
  -1.53505096081747808512e+02
  -1.53621845851914940795e+02
  -1.53739471784139482224e+02
  -1.53857026110705106703e+02
  -1.53974837121599705370e+02
  -1.54093552667370119025e+02
  -1.54213194265531654992e+02
  -1.54333784112852299586e+02
  -1.54454459808551177957e+02
  -1.54575356548698437109e+02
  -1.54697234810335032762e+02
  -1.54820118525265939979e+02
  -1.54944032411037767361e+02
  -1.55068328931724067843e+02
  -1.55192690881587054719e+02
  -1.55318122217663614038e+02
  -1.55444649743896860628e+02
  -1.55572301180745199645e+02
  -1.55700783798038628447e+02
  -1.55829047941507752739e+02
  -1.55958482467943412075e+02
  -1.56089117625280920265e+02
  -1.56220984740146150216e+02
  -1.56354116270358900920e+02
  -1.56486971562743462982e+02
  -1.56620932059371284595e+02
  -1.56756214325141115751e+02
  -1.56892854054886925042e+02
  -1.57030888290122760509e+02
  -1.57169415507933194931e+02
  -1.57308513834508403306e+02
  -1.57449075586482308609e+02
  -1.57591141798984153866e+02
  -1.57734755127154414822e+02
  -1.57879837961587583095e+02
  -1.58024796136868957319e+02
  -1.58171384834351698601e+02
  -1.58319651681681591526e+02
  -1.58469646276883480596e+02
  -1.58621420297605254746e+02
  -1.58774001072137139090e+02
  -1.58927508060804200340e+02
  -1.59082900359078848851e+02
  -1.59240236239307535016e+02
  -1.59399576537644747987e+02
  -1.59560984803832667467e+02
  -1.59722670324511739182e+02
  -1.59886303420458773417e+02
  -1.60052140577428218648e+02
  -1.60220254211535461764e+02
  -1.60390720129486282985e+02
  -1.60563188783555148120e+02
  -1.60736421237104849524e+02
  -1.60912175358220423504e+02
  -1.61090538336460298297e+02
  -1.61271601640142364431e+02
  -1.61455461286810475485e+02
  -1.61641285921936173509e+02
  -1.61828702233308433733e+02
  -1.62019137584699990384e+02
  -1.62212703563900504378e+02
  -1.62409517540675892633e+02
  -1.62609703038919747087e+02
  -1.62812086793723324263e+02
  -1.63016866847197405832e+02
  -1.63225313949595204122e+02
  -1.63437572790963315583e+02
  -1.63653795829760355218e+02
  -1.63874143768896033180e+02
  -1.64097273292806050904e+02
  -1.64323587083645492157e+02
  -1.64554417909518775787e+02
  -1.64789953973546204224e+02
  -1.65030393391482306242e+02
  -1.65275944631025367926e+02
  -1.65525315376124012801e+02
  -1.65778623227893092462e+02
  -1.66037548739208148163e+02
  -1.66302329997769447800e+02
  -1.66573215119095863201e+02
  -1.66850461835489454643e+02
  -1.67133124376961006874e+02
  -1.67420314156827856777e+02
  -1.67714440729133087871e+02
  -1.68015765717375757049e+02
  -1.68324548426657571554e+02
  -1.68641040768263735572e+02
  -1.68965032725043727169e+02
  -1.69293416214273520382e+02
  -1.69629806322530328089e+02
  -1.69974301597244220829e+02
  -1.70326927733278012056e+02
  -1.70687611581195653798e+02
  -1.71056147820262026471e+02
  -1.71428167391303588829e+02
  -1.71805491669212244688e+02
  -1.72188311827953782540e+02
  -1.72575336157725843123e+02
  -1.72964815324574487931e+02
  -1.73354438099650394633e+02
  -1.73739028828281021788e+02
  -1.74112492073157284267e+02
  -1.74474313425216820406e+02
  -1.74819032060674430795e+02
  -1.75140344279116249027e+02
  -1.75431257815159852953e+02
  -1.75684396663670497674e+02
  -1.75886762470442988615e+02
  -1.76036556090632387850e+02
  -1.76130215995576861587e+02
  -1.76164797093538709305e+02
  -1.76139688392830123576e+02
  -1.76056693731781251699e+02
  -1.75918887497963169153e+02
  -1.75729511533009628010e+02
  -1.75499783324969087062e+02
  -1.75236795972644785024e+02
  -1.74947491677553898626e+02
  -1.74638296436761095265e+02
  -1.74314903654897022989e+02
  -1.73981230635262846818e+02
  -1.73641638695473091047e+02
  -1.73300628916043734762e+02
  -1.72960691594497404822e+02
  -1.72623750935865018619e+02
  -1.72291261761182170176e+02
  -1.71964297024164380900e+02
  -1.71643040633252297766e+02
  -1.71328497771131480931e+02
  -1.71021359100706547451e+02
  -1.70721766349349621805e+02
  -1.70429756398629166370e+02
  -1.70145287235325270103e+02
  -1.69868258328790233236e+02
  -1.69598106572756563537e+02
  -1.69335022094115913660e+02
  -1.69078997852306372351e+02
  -1.68829806123713154875e+02
  -1.68587214613242650785e+02
  -1.68350990226992394128e+02
  -1.68120901869270198858e+02
  -1.67896354372172822877e+02
  -1.67677378917488823618e+02
  -1.67463958163094503107e+02
  -1.67255873813277389672e+02
  -1.67052916551197597528e+02
  -1.66854886052385637640e+02
  -1.66661590879140874222e+02
  -1.66472535560140357802e+02
  -1.66287612303828751692e+02
  -1.66106961670087997618e+02
  -1.65930419128088573189e+02
  -1.65757828349492740472e+02
  -1.65589040781208723274e+02
  -1.65423915230223002482e+02
  -1.65262136980650240048e+02
  -1.65103284146135194987e+02
  -1.64947759145577634854e+02
  -1.64795442252527692517e+02
  -1.64646219674898702579e+02
  -1.64499983199356876185e+02
  -1.64356629858771100317e+02
  -1.64216061621319340702e+02
  -1.64077506080678176659e+02
  -1.63941519346821905856e+02
  -1.63808089894552495025e+02
  -1.63677133976012157746e+02
  -1.63548571731557501607e+02
  -1.63422326961191345163e+02
  -1.63298326911827871299e+02
  -1.63176140441004548620e+02
  -1.63055609757376430480e+02
  -1.62937159991896351130e+02
  -1.62820728222744747882e+02
  -1.62706254262088833684e+02
  -1.62593680502830807200e+02
  -1.62482951775778929004e+02
  -1.62374015216353825508e+02
  -1.62266054528112675825e+02
  -1.62159676660632953826e+02
  -1.62054976036193664868e+02
  -1.61951906284072776998e+02
  -1.61850422890055881453e+02
  -1.61750483099535273368e+02
  -1.61652045826862689637e+02
  -1.61554928493785752153e+02
  -1.61458418333235897535e+02
  -1.61363325278968233079e+02
  -1.61269612869684635825e+02
  -1.61177246007880228262e+02
  -1.61086190893025218429e+02
  -1.60996414958722596111e+02
  -1.60907886813675247595e+02
  -1.60820237945417488845e+02
  -1.60733111434131529904e+02
  -1.60647170113567767658e+02
  -1.60562385826535461320e+02
  -1.60478731389497824011e+02
  -1.60396180548320387516e+02
  -1.60314707936528321852e+02
  -1.60234289035855340444e+02
  -1.60154483547813697442e+02
  -1.60075070554646572418e+02
  -1.59996663880807261648e+02
  -1.59919241367300969614e+02
  -1.59842781564445033382e+02
  -1.59767263702018283311e+02
  -1.59692667660974962018e+02
  -1.59618973946609798986e+02
  -1.59545803230681826790e+02
  -1.59472825955088808314e+02
  -1.59400713344389373560e+02
  -1.59329447722885845451e+02
  -1.59259011938000043074e+02
  -1.59189389339979015858e+02
  -1.59120563762573937083e+02
  -1.59052519504634830128e+02
  -1.58985070440064959030e+02
  -1.58917550891542930458e+02
  -1.58850780418335318700e+02
  -1.58784744828762143243e+02
  -1.58719430317172765399e+02
  -1.58654823450303467780e+02
  -1.58590911154179991627e+02
  -1.58527680701635688365e+02
  -1.58465119700307440098e+02
  -1.58402438376407502574e+02
  -1.58340294958997759522e+02
  -1.58278791384973601453e+02
  -1.58217916580156838791e+02
  -1.58157659741245566920e+02
  -1.58098010327335600778e+02
  -1.58038958051773533953e+02
  -1.57980492874292281158e+02
  -1.57922291770520615728e+02
  -1.57864273496620398873e+02
  -1.57806810555481689562e+02
  -1.57749894234207260979e+02
  -1.57693516006805879215e+02
  -1.57637667529309084102e+02
  -1.57582340635048808508e+02
  -1.57527527330023644936e+02
  -1.57473219788454088075e+02
  -1.57419076020328304821e+02
  -1.57365371420305109496e+02
  -1.57312135735986004192e+02
  -1.57259362550975339445e+02
  -1.57207045559712270233e+02
  -1.57155178565545128322e+02
  -1.57103755478859966388e+02
  -1.57052770315182272043e+02
  -1.57002251525099524088e+02
  -1.56952260609159168325e+02
  -1.56902659616342333493e+02
  -1.56853444225189861072e+02
  -1.56804610158358173067e+02
  -1.56756153183140781948e+02
  -1.56708069111886970859e+02
  -1.56660353802342001472e+02
  -1.56613003157924595143e+02
  -1.56566402978684749314e+02
  -1.56520680733933460260e+02
  -1.56475259898708657147e+02
  -1.56430138330247245904e+02
  -1.56385313868548621485e+02
  -1.56340784338723494784e+02
  -1.56296547553199872027e+02
  -1.56252601313791330995e+02
  -1.56208943413638138509e+02
  -1.56166569631000584195e+02
  -1.56125555327863423827e+02
  -1.56084744809281659172e+02
  -1.56044138150946139376e+02
  -1.56003735358472681582e+02
  -1.55963536370821003629e+02
  -1.55923541063605910040e+02
  -1.55883749252263186236e+02
  -1.55844160695086173973e+02
  -1.55806277759684718376e+02
  -1.55770868630002780719e+02
  -1.55735551320183077451e+02
  -1.55700328106280238671e+02
  -1.55665201157370574947e+02
  -1.55630172539029786094e+02
  -1.55595244216702639051e+02
  -1.55560418058985050038e+02
  -1.55525695840812744564e+02
  -1.55492175501407587035e+02
  -1.55463840027255997711e+02
  -1.55435468186405501001e+02
  -1.55407064149031839406e+02
  -1.55378631972082189350e+02
  -1.55350175601298531092e+02
  -1.55321698873298572607e+02
  -1.55293205517630354962e+02
  -1.55264699158811254165e+02
  -1.55236183318399440623e+02
  -1.55215346826088449461e+02
  -1.55196026485162349218e+02
  -1.55176537153309681116e+02
  -1.55156883895172313714e+02
  -1.55137071701920064015e+02
  -1.55117105490851713512e+02
  -1.55096990105066765864e+02
  -1.55076730313221418101e+02
  -1.55056330809348850153e+02
  -1.55040099548502780635e+02
  -1.55032528976791013520e+02
  -1.55024664026605364597e+02
  -1.55016509038348203831e+02
  -1.55008068359330280828e+02
  -1.54999346341509522063e+02
  -1.54990347339244124214e+02
  -1.54981075707149443588e+02
  -1.54971535797943261059e+02
  -1.54961731960403341191e+02
  -1.54963441027566261710e+02
  -1.54970156300085648127e+02
  -1.54976507522919092708e+02
  -1.54982496218065790572e+02
  -1.54988123983653252935e+02
  -1.54993392492756697720e+02
  -1.54998303492148863825e+02
  -1.55002858800998779998e+02
  -1.55007060309544073107e+02
  -1.55010909977692278972e+02
  -1.55032609764109253092e+02
  -1.55055922679016049415e+02
  -1.55078900997858511346e+02
  -1.55101542435013840304e+02
  -1.55123844762860187529e+02
  -1.55145805813416160390e+02
  -1.55167423479943636266e+02
  -1.55188695718528833822e+02
  -1.55209620549621206465e+02
  -1.55230196059533170683e+02
  -1.55270548592963592682e+02
  -1.55311310432549305460e+02
  -1.55351895418649917247e+02
  -1.55392299376813753042e+02
  -1.55432518088580849280e+02
  -1.55472547292385115725e+02
  -1.55512382684552903811e+02
  -1.55552019920315530044e+02
  -1.55591454614937276801e+02
  -1.55630682344872383283e+02
  -1.55685234622980573249e+02
  -1.55741760817483168466e+02
  -1.55798360508840517014e+02
  -1.55855032085320118540e+02
  -1.55911773861576278932e+02
  -1.55968584076508420821e+02
  -1.56025460891064199132e+02
  -1.56082402385965849589e+02
  -1.56139406559436650923e+02
  -1.56196471324829389005e+02
  -1.56260309244305545917e+02
  -1.56327915440034274752e+02
  -1.56395823086151352754e+02
  -1.56464035670526811828e+02
  -1.56532556728945479563e+02
  -1.56601389845755875285e+02
  -1.56670538654534936995e+02
  -1.56740006838731716243e+02
  -1.56809798132328666043e+02
  -1.56879916320486046288e+02
  -1.56950564606925922817e+02
  -1.57022110278453396859e+02
  -1.57094026511837284943e+02
  -1.57166318468248249474e+02
  -1.57238991408236813641e+02
  -1.57312050694272016926e+02
  -1.57385501793373180135e+02
  -1.57459350279817073215e+02
  -1.57533601837941176882e+02
  -1.57608262265021380699e+02
  -1.57683337474242733833e+02
  -1.57752869688174200746e+02
  -1.57820374747143915783e+02
  -1.57888102205379482257e+02
  -1.57956052514741884352e+02
  -1.58024226066309665839e+02
  -1.58092623187030085319e+02
  -1.58161244136196899035e+02
  -1.58230089101788053085e+02
  -1.58299158196638074969e+02
  -1.58368451454435160031e+02
  -1.58437690685334587215e+02
  -1.58493167496237703062e+02
  -1.58548566731100265770e+02
  -1.58603882499799254902e+02
  -1.58659108757902885145e+02
  -1.58714239304662953600e+02
  -1.58769267781124511885e+02
  -1.58824187668297270193e+02
  -1.58878992285450181043e+02
  -1.58933674788467271810e+02
  -1.58988228168374917004e+02
  -1.59040166568439929051e+02
  -1.59078239534477120287e+02
  -1.59115947068532335607e+02
  -1.59153282280803580306e+02
  -1.59190238284840518190e+02
  -1.59226808202468021136e+02
  -1.59262985168827356119e+02
  -1.59298762337571105263e+02
  -1.59334132886155856568e+02
  -1.59369090021266089252e+02
  -1.59403626984338700368e+02
  -1.59435909989361704220e+02
  -1.59454899787694415636e+02
  -1.59473395442432462232e+02
  -1.59491394958476519150e+02
  -1.59508896494639202501e+02
  -1.59525898365734889239e+02
  -1.59542399044485790682e+02
  -1.59558397163269916064e+02
  -1.59573891515697255272e+02
  -1.59588881058003806857e+02
  -1.59603364910272745192e+02
  -1.59617342357476502457e+02
  -1.59620193460393068108e+02
  -1.59621781162108845820e+02
  -1.59622925820524244500e+02
  -1.59623630765250368313e+02
  -1.59623899432854386760e+02
  -1.59623735363638019180e+02
  -1.59623142198335841613e+02
  -1.59622123674775224345e+02
  -1.59620683624471610074e+02
  -1.59618825969183120606e+02
  -1.59616554717414970810e+02
  -1.59609384133038588516e+02
  -1.59598413371242628500e+02
  -1.59587143107158425437e+02
  -1.59575578530575683089e+02
  -1.59563724826488510189e+02
  -1.59551587172376912349e+02
  -1.59539170735555330793e+02
  -1.59526480670585272037e+02
  -1.59513522116812225704e+02
  -1.59500300195919436419e+02
  -1.59486820009636886653e+02
  -1.59472947363961196743e+02
  -1.59453925167991343415e+02
  -1.59434751853228561913e+02
  -1.59415431853262987261e+02
  -1.59395969540705607415e+02
  -1.59376369226858514594e+02
  -1.59356635161390585154e+02
  -1.59336771532114767069e+02
  -1.59316782464789781670e+02
  -1.59296672023006266272e+02
  -1.59276444208100315336e+02
  -1.59256102959129123064e+02
  -1.59234707887100796597e+02
  -1.59211215350925471057e+02
  -1.59187687338272809257e+02
  -1.59164126613808321054e+02
  -1.59140535880969508753e+02
  -1.59116917782819598415e+02
  -1.59093274902905761792e+02
  -1.59069609766125154238e+02
  -1.59045924839589957855e+02
  -1.59022222533504532294e+02
  -1.58998505202034124295e+02
  -1.58974775144194097720e+02
  -1.58950348712816577290e+02
  -1.58925034108125828425e+02
  -1.58899755916761222352e+02
  -1.58874515452862766551e+02
  -1.58849313989871973263e+02
  -1.58824152761429161274e+02
  -1.58799032962279824233e+02
  -1.58773955749164741746e+02
  -1.58748922241660068266e+02
  -1.58723933523057752382e+02
  -1.58698990641184394690e+02
  -1.58674094609230877495e+02
  -1.58648976583767733928e+02
  -1.58623451181123982678e+02
  -1.58598000715047135145e+02
  -1.58572625546519219597e+02
  -1.58547326015328678750e+02
  -1.58522102440650854760e+02
  -1.58496955121653797960e+02
  -1.58471884338069685327e+02
  -1.58446890350744837406e+02
  -1.58421973402202070247e+02
  -1.58397133717158453692e+02
  -1.58372371503050203501e+02
  -1.58347659121835107499e+02
  -1.58322816646221752990e+02
  -1.58298066284923379499e+02
  -1.58273407863790737338e+02
  -1.58248841200407525776e+02
  -1.58224366104404793987e+02
  -1.58199982377761330099e+02
  -1.58175689815094955293e+02
  -1.58151488203975475244e+02
  -1.58127377325171892153e+02
  -1.58103356952937645019e+02
  -1.58079426855278057928e+02
  -1.58055586794194056210e+02
  -1.58031860971008654815e+02
  -1.58008242389936754080e+02
  -1.57984720343410003807e+02
  -1.57961294394018466392e+02
  -1.57937964103444016928e+02
  -1.57914729032595914759e+02
  -1.57891588741717214361e+02
  -1.57868542790517835783e+02
  -1.57845590738263638286e+02
  -1.57822732143904971736e+02
  -1.57799966566173878846e+02
  -1.57777293563671406673e+02
  -1.57754722912822728631e+02
  -1.57732407897211089676e+02
  -1.57710187618319878311e+02
  -1.57688061537600276552e+02
  -1.57666029119069378339e+02
  -1.57644089829339577591e+02
  -1.57622243137626355747e+02
  -1.57600488515790345900e+02
  -1.57578825438350378363e+02
  -1.57557253382501187389e+02
  -1.57535771828137143302e+02
  -1.57514380257866946522e+02
  -1.57493078157026957342e+02
  -1.57471921261458049912e+02
  -1.57451024631033902779e+02
  -1.57430217317798678778e+02
  -1.57409498767674080000e+02
  -1.57388868430593163339e+02
  -1.57368325760434800031e+02
  -1.57347870215036039099e+02
  -1.57327501256160132925e+02
  -1.57307218349480478992e+02
  -1.57287020964537703094e+02
  -1.57266908574751170136e+02
  -1.57246880657367825052e+02
  -1.57226936693461993855e+02
  -1.57207132420616602531e+02
  -1.57187586985742939305e+02
  -1.57168124292996481017e+02
  -1.57148743813314183626e+02
  -1.57129445021947873329e+02
  -1.57110227398461006487e+02
  -1.57091090426655910051e+02
  -1.57072033594561958125e+02
  -1.57053056394380377014e+02
  -1.57034158322458608836e+02
  -1.57015338879249867432e+02
  -1.56996597569267578365e+02
  -1.56977933901055621391e+02
  -1.56959355928672636082e+02
  -1.56941053410563881698e+02
  -1.56922826954462493632e+02
  -1.56904676072420585342e+02
  -1.56886600280678038644e+02
  -1.56868599099599293822e+02
  -1.56850672053656353455e+02
  -1.56832818671362559826e+02
  -1.56815038485256394551e+02
  -1.56797331031831163273e+02
  -1.56779695851521125860e+02
  -1.56762132488642350836e+02
  -1.56744640491366993729e+02
  -1.56727219411663440951e+02
  -1.56709974755190160067e+02
  -1.56692859366153300016e+02
  -1.56675813323418452683e+02
  -1.56658836187839568765e+02
  -1.56641927524057166465e+02
  -1.56625086900474315144e+02
  -1.56608313889197006574e+02
  -1.56591608066009968070e+02
  -1.56574969010330079300e+02
  -1.56558396305169821972e+02
  -1.56541889537093140916e+02
  -1.56525448296179718000e+02
  -1.56509072176000557874e+02
  -1.56492765041948018734e+02
  -1.56476630692283009694e+02
  -1.56460560092880740513e+02
  -1.56444552847162583475e+02
  -1.56428608561948976785e+02
  -1.56412726847431571287e+02
  -1.56396907317125368309e+02
  -1.56381149587843111703e+02
  -1.56365453279659448071e+02
  -1.56349818015865793086e+02
  -1.56334243422946258306e+02
  -1.56318729130536354432e+02
  -1.56303274771390192655e+02
  -1.56287879981350897651e+02
  -1.56272556533899120268e+02
  -1.56257332625061422959e+02
  -1.56242167221154744539e+02
  -1.56227059966689949988e+02
  -1.56212010509183471640e+02
  -1.56197018499108253309e+02
  -1.56182083589876555152e+02
  -1.56167205437806984492e+02
  -1.56152383702084762263e+02
  -1.56137618044739213019e+02
  -1.56122908130611762090e+02
  -1.56108253627320578971e+02
  -1.56093654205234741994e+02
  -1.56079109537452069389e+02
  -1.56064616432633471277e+02
  -1.56050167019012036462e+02
  -1.56035771651936840954e+02
  -1.56021430010972437685e+02
  -1.56007141778336347215e+02
  -1.55992906638847244949e+02
  -1.55978724279940138331e+02
  -1.55964594391591731437e+02
  -1.55950516666325313508e+02
  -1.55936490799174094946e+02
  -1.55922516487655059336e+02
  -1.55908593431734431078e+02
  -1.55894721333825685861e+02
  -1.55880899898733645159e+02
  -1.55867128833650212982e+02
  -1.55853322849413501672e+02
  -1.55839565934076915710e+02
  -1.55825859068240106353e+02
  -1.55812201962886064166e+02
  -1.55798594331330264140e+02
  -1.55785035889189288127e+02
  -1.55771526354368518241e+02
  -1.55758065447017202132e+02
  -1.55744652889535018403e+02
  -1.55731288406519468026e+02
  -1.55717971724772894504e+02
  -1.55704702573246294151e+02
  -1.55691480683044147781e+02
  -1.55678305787389888337e+02
  -1.55665086453250296472e+02
  -1.55651837412021393448e+02
  -1.55638635454176977646e+02
  -1.55625480313882007977e+02
  -1.55612371727395213838e+02
  -1.55599309433058039076e+02
  -1.55586293171257892709e+02
  -1.55573322684418997142e+02
  -1.55560397716977803384e+02
  -1.55547518015366989630e+02
  -1.55534683327987210077e+02
  -1.55521893405194703064e+02
  -1.55509147999274517815e+02
  -1.55496446864426104639e+02
  -1.55483789756745636623e+02
  -1.55470945957502124202e+02
  -1.55458116028987177515e+02
  -1.55445330656094881761e+02
  -1.55432589592866349903e+02
  -1.55419892595232539634e+02
  -1.55407239420999758295e+02
  -1.55394629829840283719e+02
  -1.55382063583269570017e+02
  -1.55369540444611232033e+02
  -1.55357060179011114087e+02
  -1.55344622553390792064e+02
  -1.55332227336445100718e+02
  -1.55319874298619112096e+02
  -1.55307563212089945637e+02
  -1.55295293850757559539e+02
</dep>
<dep dBS11 frequency>
  -1.03481993240627092519e-07
  -2.57914039397175871566e-08
  -1.14169308491283411117e-08
  -6.39308126878051211175e-09
  -4.07144360370709642193e-09
  -2.81238776822582149440e-09
  -2.05450497177880382813e-09
  -1.56345592502080011835e-09
  -1.22737815954432980370e-09
  -9.87411537559888578717e-10
  -8.10182131918980816222e-10
  -6.75628556160317313166e-10
  -5.71104137718137038285e-10
  -4.88326267979106296120e-10
  -4.21663756700493395381e-10
  -3.67211077641683485218e-10
  -3.22171198985270871160e-10
  -2.84498300010535619274e-10
  -2.52682243904575336037e-10
  -2.25568248526003659881e-10
  -2.02286008336127533018e-10
  -1.82147475687470642765e-10
  -1.64612145034965601269e-10
  -1.49261016094349127192e-10
  -1.35742109340295005614e-10
  -1.23776251971211005630e-10
  -1.13144541652171025385e-10
  -1.03649291252517079924e-10
  -9.51419943423892823133e-11
  -8.74857164215284955315e-11
  -8.05801674334067691193e-11
  -7.43265038126971914749e-11
  -6.86475793620713991063e-11
  -6.34725160127344519404e-11
  -5.87492400814899999494e-11
  -5.44247135576754410830e-11
  -5.04574703602273140774e-11
  -4.68127947003483452074e-11
  -4.34530778068417744345e-11
  -4.03493898557100696789e-11
  -3.74776226602886585710e-11
  -3.48184896712458379788e-11
  -3.23560794853829694588e-11
  -3.00604979512363787686e-11
  -2.79264412677397055368e-11
  -2.59389623591610544809e-11
  -2.40758816937693783275e-11
  -2.23400922539641827768e-11
  -2.07132718178807243463e-11
  -1.91881879295196959486e-11
  -1.77629119339478762180e-11
  -1.64673379826284288715e-11
  -1.52812151987635473884e-11
  -1.42045435823531477583e-11
  -1.32238225488653573518e-11
  -1.23192833852357137638e-11
  -1.14981585474633399049e-11
  -1.07363398488842934844e-11
  -1.00396132542978767081e-11
  -9.39640683410539469159e-12
  -8.80479193337371331086e-12
  -8.25898258730348027692e-12
  -7.75753230469484580452e-12
  -7.28983348341569176480e-12
  -6.85781477839911512332e-12
  -6.45617238857905600786e-12
  -6.08587064142205886221e-12
  -5.73678409852929393531e-12
  -5.41614521589991483375e-12
  -5.11768586500130916357e-12
  -4.84044171836692197963e-12
  -4.57476950133120302292e-12
  -4.33465196215918809251e-12
  -4.10417769765272907568e-12
  -3.89298998247736492237e-12
  -3.69289203316738304189e-12
  -3.50774115958899836796e-12
  -3.33223356067616193358e-12
  -3.16781572762870373306e-12
  -3.01400549671334467824e-12
  -2.87032070419680729657e-12
  -2.73049322154649050318e-12
  -2.60079117729499417126e-12
  -2.47928591650920881443e-12
  -2.36838825785551896824e-12
  -2.26279440026787728126e-12
  -2.16009352507990002576e-12
  -2.06221428722469386081e-12
  -1.96819235923570505297e-12
  -1.88333154217897772250e-12
  -1.80281019872174441391e-12
  -1.72807482006383431371e-12
  -1.65478593260575582341e-12
  -1.58197920888095561346e-12
  -1.51640494115530860621e-12
  -1.45468798329587713855e-12
  -1.39538184410283061031e-12
  -1.34089734224255274924e-12
  -1.28593067664899862730e-12
  -1.23385699345510590761e-12
  -1.18708711132725872181e-12
  -1.14417453906562566195e-12
  -1.09499383827139555620e-12
  -1.05834939454236156170e-12
  -1.01495465854745325071e-12
  -9.77828051085143197293e-13
  -9.43112262289217073564e-13
  -9.07432146026737923221e-13
  -8.74645012163919468308e-13
  -8.44268696967484943082e-13
  -8.14374545504327284573e-13
  -7.82069575374786201248e-13
  -7.59407879910780129853e-13
  -7.27585073514516014219e-13
  -7.04441214317233379029e-13
  -6.82261682586504275326e-13
  -6.54296186056454588555e-13
  -6.33563145525555883054e-13
  -6.15723087394317469085e-13
  -5.92579228197035338767e-13
  -5.73774842599243696236e-13
  -5.54488293268175489911e-13
  -5.38094726336767474144e-13
  -5.19772504472252900279e-13
  -5.02414610074291655950e-13
  -4.89396189275820798434e-13
  -4.72520458611136420822e-13
  -4.58537710346112233769e-13
  -4.42144143414704672386e-13
  -4.29125722616233966331e-13
  -4.14660810617933215484e-13
  -4.02124553552739325659e-13
  -3.91516951420652195882e-13
  -3.82355840488395161385e-13
  -3.70301747156478037302e-13
  -3.57765490091284248452e-13
  -3.46193560492643890112e-13
  -3.36550285827110241333e-13
  -3.26424847428299927786e-13
  -3.19192391429149754311e-13
  -3.09549116763616156019e-13
  -2.98459350898252613909e-13
  -2.93637713565485865250e-13
  -2.81101456500292278348e-13
  -2.74833327967695535384e-13
  -2.68565199435098741933e-13
  -2.60850579702672004663e-13
  -2.54100287436798596931e-13
  -2.47832158904201853966e-13
  -2.40117539171775116697e-13
  -2.33367246905901759451e-13
  -2.26616954640028376962e-13
  -2.20830989840708374497e-13
  -2.15527188774665011557e-13
  -2.09259060242068344324e-13
  -2.02990931709471677090e-13
  -1.98169294376705029406e-13
  -1.95276311977045040795e-13
  -1.90454674644278342624e-13
  -1.85150873578235080658e-13
  -1.80811399978745097741e-13
  -1.73096780246318486690e-13
  -1.70685961579935162847e-13
  -1.65864324247168540406e-13
  -1.65382160513891900882e-13
  -1.59596195714571923660e-13
  -1.58149704514741954598e-13
  -1.52363739715422053107e-13
  -1.48988593582485424972e-13
  -1.43684792516442163006e-13
  -1.39345318916952230577e-13
  -1.38380991450398901040e-13
  -1.31630699184525695256e-13
  -1.29702044251419061426e-13
  -1.28737716784865731889e-13
  -1.25362570651929128997e-13
  -1.25362570651929128997e-13
  -1.21987424518992526105e-13
  -1.19094442119332587981e-13
  -1.13790641053289376502e-13
  -1.10415494920352773610e-13
  -1.11379822386906077903e-13
  -1.06076021320862891668e-13
  -1.04147366387756257838e-13
  -1.03183038921202940923e-13
  -1.00772220254819654946e-13
  -9.64327466553297856256e-14
  -9.73970741218831025407e-14
  -9.16111093225632515370e-14
  -8.96824543894566303285e-14
  -9.01646181227332698534e-14
  -8.96824543894566303285e-14
  -8.77537994563500091200e-14
  -8.29321621235834876532e-14
  -8.19678346570301707381e-14
  -8.00391797239235747731e-14
  -7.71461973242636492713e-14
  -7.95570159906469100047e-14
  -7.52175423911570533063e-14
  -7.42532149246037237694e-14
  -7.23245599914971278045e-14
  -6.99137413251138796929e-14
  -7.37710511913270842445e-14
  -7.08780687916671713644e-14
  -6.75029226587306189595e-14
  -6.79850863920072711061e-14
  -6.60564314589006751412e-14
  -6.55742677256240103727e-14
  -6.36456127925174144078e-14
  -6.21991215926874705895e-14
  -5.93061391930275577094e-14
  -5.97883029263042098561e-14
  -5.49666655935377136329e-14
  -5.49666655935377136329e-14
  -5.88239754597509055628e-14
  -5.40023381269844156504e-14
  -5.20736831938778196854e-14
  -5.30380106604311113570e-14
  -5.06271919940478695563e-14
  -5.11093557273245217030e-14
  -4.91807007942179257380e-14
  -4.82163733276646214447e-14
  -4.91807007942179257380e-14
  -5.01450282607712174096e-14
  -4.96628645274945652629e-14
  -4.72520458611113297731e-14
  -4.48412271947280816614e-14
  -4.62877183945580254797e-14
  -4.43590634614514358256e-14
  -4.58055546612813796439e-14
  -4.09839173285148960424e-14
  -4.24304085283448398607e-14
  -3.80909349288550020950e-14
  -4.33947359948981378432e-14
  -4.24304085283448398607e-14
  -3.90552623954083000775e-14
  -3.80909349288550020950e-14
  -3.95374261286849522242e-14
  -3.66444437290250645876e-14
  -3.56801162624717666052e-14
  -3.47157887959184686227e-14
  -3.71266074623017104234e-14
  -3.85730986621316542417e-14
  -3.51979525291951207694e-14
  -3.51979525291951207694e-14
  -3.18228063962585872970e-14
  -3.51979525291951207694e-14
  -3.18228063962585872970e-14
  -3.27871338628118852795e-14
  -3.13406426629819477721e-14
  -3.08584789297052956254e-14
  -3.03763151964286497897e-14
  -3.42336250626418290978e-14
  -3.23049701295352394437e-14
  -2.79654965300454142998e-14
  -2.84476602633220601356e-14
  -2.89298239965987059714e-14
  -2.70011690634921226282e-14
  -2.89298239965987059714e-14
  -2.94119877298753581181e-14
  -2.84476602633220601356e-14
  -2.79654965300454142998e-14
  -2.84476602633220601356e-14
  -2.50725141303855392850e-14
  -2.60368415969388309566e-14
  -2.36260229305555986222e-14
  -2.45903503971088902938e-14
  -2.41081866638322444580e-14
  -2.65190053302154767924e-14
  -2.41081866638322444580e-14
  -2.36260229305555986222e-14
  -2.41081866638322444580e-14
  -2.26616954640023037952e-14
  -2.41081866638322444580e-14
  -2.16973679974490152790e-14
  -2.45903503971088902938e-14
  -2.16973679974490152790e-14
  -2.07330405308957204520e-14
  -2.02508767976190746162e-14
  -2.07330405308957204520e-14
  -2.12152042641723694433e-14
  -1.78400581312358517481e-14
  -1.97687130643424287804e-14
  -1.97687130643424287804e-14
  -1.97687130643424287804e-14
  -1.63935669314059110853e-14
  -1.83222218645124912730e-14
  -1.73578943979592027569e-14
  -2.12152042641723694433e-14
  -1.83222218645124912730e-14
  -1.83222218645124912730e-14
  -1.83222218645124912730e-14
  -1.59114031981292684050e-14
  -1.54292394648526225692e-14
  -1.44649119982993308976e-14
  -2.02508767976190746162e-14
  -1.68757306646825600766e-14
  -1.54292394648526225692e-14
  -1.83222218645124912730e-14
  -1.63935669314059110853e-14
  -1.68757306646825600766e-14
  -1.73578943979592027569e-14
  -1.63935669314059110853e-14
  -1.92865493310657861001e-14
  -1.68757306646825600766e-14
  -1.49470757315759767334e-14
  -1.78400581312358517481e-14
  -1.78400581312358517481e-14
  -1.35005845317460408037e-14
  -1.39827482650226850618e-14
  -1.73578943979592027569e-14
  -1.25362570651927507099e-14
  -1.35005845317460408037e-14
  -1.63935669314059110853e-14
  -1.44649119982993308976e-14
  -1.39827482650226850618e-14
  -1.25362570651927507099e-14
  -1.44649119982993308976e-14
  -1.30184207984693933902e-14
  -1.35005845317460408037e-14
  -1.49470757315759767334e-14
  -1.25362570651927507099e-14
  -1.49470757315759767334e-14
  -1.54292394648526225692e-14
  -1.20540933319161064518e-14
  -1.44649119982993308976e-14
  -1.10897658653628147802e-14
  -1.06076021320861720999e-14
  -1.25362570651927507099e-14
  -1.30184207984693933902e-14
  -1.10897658653628147802e-14
  -1.20540933319161064518e-14
  -1.63935669314059110853e-14
  -1.54292394648526225692e-14
  -1.39827482650226850618e-14
  -1.15719295986394590383e-14
  -9.64327466553288200599e-15
  -1.44649119982993308976e-14
  -1.25362570651927507099e-14
  -1.06076021320861720999e-14
  -1.01254383988095262641e-14
  -1.20540933319161064518e-14
  -1.15719295986394590383e-14
  -1.59114031981292684050e-14
  -1.10897658653628147802e-14
  -1.49470757315759767334e-14
  -1.06076021320861720999e-14
  -1.15719295986394590383e-14
  -9.16111093225623932564e-15
  -8.19678346570294923177e-15
  -1.25362570651927507099e-14
  -1.20540933319161064518e-14
  -7.71461973242630339598e-15
  -7.71461973242630339598e-15
  -1.25362570651927507099e-14
  -1.20540933319161064518e-14
  -1.01254383988095262641e-14
  -1.10897658653628147802e-14
  -1.15719295986394590383e-14
  -1.06076021320861720999e-14
  -1.06076021320861720999e-14
  -9.16111093225623932564e-15
  -9.16111093225623932564e-15
  -1.15719295986394590383e-14
  -8.67894719897959191212e-15
  -1.15719295986394590383e-14
  -1.10897658653628147802e-14
  -1.10897658653628147802e-14
  -9.64327466553288200599e-15
  -1.30184207984693933902e-14
  -8.67894719897959191212e-15
  -1.10897658653628147802e-14
  -1.10897658653628147802e-14
  -9.64327466553288200599e-15
  -8.67894719897959191212e-15
  -1.10897658653628147802e-14
  -8.19678346570294923177e-15
  -1.06076021320861720999e-14
  -1.25362570651927507099e-14
  -1.06076021320861720999e-14
  -9.64327466553288200599e-15
  -1.01254383988095262641e-14
  -7.71461973242630339598e-15
  -8.19678346570294923177e-15
  -9.16111093225623932564e-15
  -9.16111093225623932564e-15
  -7.23245599914965913791e-15
  -1.15719295986394590383e-14
  -7.71461973242630339598e-15
  -1.15719295986394590383e-14
  -1.06076021320861720999e-14
  -1.10897658653628147802e-14
  -1.15719295986394590383e-14
  -7.23245599914965913791e-15
  -1.01254383988095262641e-14
  -1.10897658653628147802e-14
  -9.16111093225623932564e-15
  -1.30184207984693933902e-14
  -7.71461973242630339598e-15
  -6.75029226587301409097e-15
  -9.16111093225623932564e-15
  -1.01254383988095262641e-14
  -1.01254383988095262641e-14
  -7.71461973242630339598e-15
  -1.06076021320861720999e-14
  -7.23245599914965913791e-15
  -9.16111093225623932564e-15
  -1.20540933319161064518e-14
  -8.19678346570294923177e-15
  -8.19678346570294923177e-15
  -9.16111093225623932564e-15
  -7.23245599914965913791e-15
  -8.19678346570294923177e-15
  -9.64327466553288200599e-15
  -1.06076021320861720999e-14
  -1.06076021320861720999e-14
  -5.30380106604308210562e-15
  -6.26812853259637062176e-15
  -9.64327466553288200599e-15
  -1.20540933319161064518e-14
  -1.01254383988095262641e-14
  -1.01254383988095262641e-14
  -1.01254383988095262641e-14
  -1.01254383988095262641e-14
  -1.01254383988095262641e-14
  -1.01254383988095262641e-14
  -8.67894719897959191212e-15
  -7.23245599914965913791e-15
  -7.71461973242630339598e-15
  -9.64327466553288200599e-15
  -9.16111093225623932564e-15
  -6.75029226587301409097e-15
  -1.01254383988095262641e-14
  -8.67894719897959191212e-15
  -6.26812853259637062176e-15
  -1.06076021320861720999e-14
  -9.64327466553288200599e-15
  -1.01254383988095262641e-14
  -6.75029226587301409097e-15
  -1.06076021320861720999e-14
  -1.15719295986394590383e-14
  -8.19678346570294923177e-15
  -5.30380106604308210562e-15
  -1.30184207984693933902e-14
  -8.67894719897959191212e-15
  -1.01254383988095262641e-14
  -9.16111093225623932564e-15
  -1.39827482650226850618e-14
  -1.06076021320861720999e-14
  -8.19678346570294923177e-15
  -1.10897658653628147802e-14
  -7.71461973242630339598e-15
  -1.06076021320861720999e-14
  -1.25362570651927507099e-14
  -8.67894719897959191212e-15
  -8.67894719897959191212e-15
  -1.01254383988095262641e-14
  -1.06076021320861720999e-14
  -1.06076021320861720999e-14
  -9.16111093225623932564e-15
  -1.25362570651927507099e-14
  -1.20540933319161064518e-14
  -8.19678346570294923177e-15
  -1.01254383988095262641e-14
  -1.25362570651927507099e-14
  -1.10897658653628147802e-14
  -9.16111093225623932564e-15
  -1.10897658653628147802e-14
  -1.01254383988095262641e-14
  -8.67894719897959191212e-15
  -9.64327466553288200599e-15
  -9.16111093225623932564e-15
  -9.64327466553288200599e-15
  -1.15719295986394590383e-14
  -1.06076021320861720999e-14
  -9.16111093225623932564e-15
  -8.19678346570294923177e-15
  -1.10897658653628147802e-14
  -9.64327466553288200599e-15
  -1.06076021320861720999e-14
  -8.19678346570294923177e-15
  -1.20540933319161064518e-14
  -8.67894719897959191212e-15
  -1.15719295986394590383e-14
  -8.67894719897959191212e-15
  -1.10897658653628147802e-14
  -1.39827482650226850618e-14
  -1.10897658653628147802e-14
  -1.25362570651927507099e-14
  -1.10897658653628147802e-14
  -1.20540933319161064518e-14
  -9.16111093225623932564e-15
  -1.10897658653628147802e-14
  -1.20540933319161064518e-14
  -1.25362570651927507099e-14
  -1.35005845317460408037e-14
  -1.39827482650226850618e-14
  -1.30184207984693933902e-14
  -1.35005845317460408037e-14
  -8.67894719897959191212e-15
  -1.20540933319161064518e-14
  -1.59114031981292684050e-14
  -1.15719295986394590383e-14
  -1.15719295986394590383e-14
  -9.16111093225623932564e-15
  -1.10897658653628147802e-14
  -1.44649119982993308976e-14
  -1.15719295986394590383e-14
  -1.01254383988095262641e-14
  -1.10897658653628147802e-14
  -1.35005845317460408037e-14
  -1.15719295986394590383e-14
  -1.20540933319161064518e-14
  -1.59114031981292684050e-14
  -1.25362570651927507099e-14
  -1.35005845317460408037e-14
  -1.54292394648526225692e-14
  -1.01254383988095262641e-14
  -1.20540933319161064518e-14
  -1.54292394648526225692e-14
  -1.35005845317460408037e-14
  -8.19678346570294923177e-15
  -1.39827482650226850618e-14
  -1.39827482650226850618e-14
  -1.54292394648526225692e-14
  -1.20540933319161064518e-14
  -1.44649119982993308976e-14
  -1.39827482650226850618e-14
  -1.20540933319161064518e-14
  -1.49470757315759767334e-14
  -1.20540933319161064518e-14
  -1.49470757315759767334e-14
  -1.25362570651927507099e-14
  -1.49470757315759767334e-14
  -1.15719295986394590383e-14
  -1.35005845317460408037e-14
  -1.39827482650226850618e-14
  -1.68757306646825600766e-14
  -1.35005845317460408037e-14
  -1.63935669314059110853e-14
  -1.49470757315759767334e-14
  -1.35005845317460408037e-14
  -1.39827482650226850618e-14
  -1.59114031981292684050e-14
  -1.73578943979592027569e-14
  -1.44649119982993308976e-14
  -1.20540933319161064518e-14
  -1.78400581312358517481e-14
  -1.35005845317460408037e-14
  -1.59114031981292684050e-14
  -1.35005845317460408037e-14
  -1.68757306646825600766e-14
  -1.68757306646825600766e-14
  -1.68757306646825600766e-14
  -1.68757306646825600766e-14
  -1.78400581312358517481e-14
  -1.54292394648526225692e-14
  -1.59114031981292684050e-14
  -1.92865493310657861001e-14
  -1.49470757315759767334e-14
  -1.83222218645124912730e-14
  -1.73578943979592027569e-14
  -2.02508767976190746162e-14
  -1.63935669314059110853e-14
  -1.83222218645124912730e-14
  -1.88043855977891402643e-14
  -2.07330405308957204520e-14
  -1.83222218645124912730e-14
  -1.97687130643424287804e-14
  -1.78400581312358517481e-14
  -2.12152042641723694433e-14
  -1.83222218645124912730e-14
  -1.73578943979592027569e-14
  -2.12152042641723694433e-14
  -2.12152042641723694433e-14
  -2.16973679974490152790e-14
  -1.92865493310657861001e-14
  -1.97687130643424287804e-14
  -2.21795317307256611148e-14
  -2.36260229305555986222e-14
  -2.12152042641723694433e-14
  -1.83222218645124912730e-14
  -2.12152042641723694433e-14
  -2.12152042641723694433e-14
  -2.31438591972789496310e-14
  -2.36260229305555986222e-14
  -2.45903503971088902938e-14
  -2.41081866638322444580e-14
  -2.16973679974490152790e-14
  -2.21795317307256611148e-14
  -2.36260229305555986222e-14
  -2.26616954640023037952e-14
  -2.16973679974490152790e-14
  -2.50725141303855392850e-14
  -2.50725141303855392850e-14
  -2.65190053302154767924e-14
  -2.45903503971088902938e-14
  -2.65190053302154767924e-14
  -2.50725141303855392850e-14
  -2.74833327967687684640e-14
  -2.50725141303855392850e-14
  -2.36260229305555986222e-14
  -2.50725141303855392850e-14
  -2.41081866638322444580e-14
  -2.60368415969388309566e-14
  -2.84476602633220601356e-14
  -2.84476602633220601356e-14
  -2.70011690634921226282e-14
  -2.89298239965987059714e-14
  -2.89298239965987059714e-14
  -2.74833327967687684640e-14
  -2.60368415969388309566e-14
  -2.84476602633220601356e-14
  -2.89298239965987059714e-14
  -2.94119877298753581181e-14
  -2.70011690634921226282e-14
  -2.89298239965987059714e-14
  -3.13406426629819477721e-14
  -3.23049701295352394437e-14
  -3.13406426629819477721e-14
  -3.23049701295352394437e-14
  -3.27871338628118852795e-14
  -3.47157887959184686227e-14
  -3.47157887959184686227e-14
  -3.51979525291951207694e-14
  -3.56801162624717666052e-14
  -3.71266074623017104234e-14
  -3.56801162624717666052e-14
  -3.71266074623017104234e-14
  -3.51979525291951207694e-14
  -3.56801162624717666052e-14
  -3.56801162624717666052e-14
  -3.66444437290250645876e-14
  -3.71266074623017104234e-14
  -3.61622799957484124409e-14
  -3.95374261286849522242e-14
  -3.85730986621316542417e-14
  -3.95374261286849522242e-14
  -3.80909349288550020950e-14
  -4.05017535952382502066e-14
  -3.95374261286849522242e-14
  -4.00195898619616043708e-14
  -3.85730986621316542417e-14
  -4.05017535952382502066e-14
  -4.38768997281747836790e-14
  -4.24304085283448398607e-14
  -4.05017535952382502066e-14
  -4.05017535952382502066e-14
  -4.38768997281747836790e-14
  -4.38768997281747836790e-14
  -4.48412271947280816614e-14
  -4.62877183945580254797e-14
  -4.43590634614514358256e-14
  -4.33947359948981378432e-14
  -4.48412271947280816614e-14
  -4.77342095943879692980e-14
  -4.82163733276646214447e-14
  -4.38768997281747836790e-14
  -4.33947359948981378432e-14
  -4.38768997281747836790e-14
  -4.91807007942179257380e-14
  -4.91807007942179257380e-14
  -4.48412271947280816614e-14
  -4.58055546612813796439e-14
  -4.53233909280047338081e-14
  -4.91807007942179257380e-14
  -4.62877183945580254797e-14
  -4.62877183945580254797e-14
  -4.82163733276646214447e-14
  -4.82163733276646214447e-14
  -4.86985370609412735913e-14
  -4.77342095943879692980e-14
  -4.48412271947280816614e-14
  -5.01450282607712174096e-14
  -4.67698821278346776264e-14
  -4.72520458611113297731e-14
  -4.67698821278346776264e-14
  -4.72520458611113297731e-14
  -4.67698821278346776264e-14
  -4.72520458611113297731e-14
  -4.48412271947280816614e-14
  -4.86985370609412735913e-14
  -4.33947359948981378432e-14
  -4.53233909280047338081e-14
  -4.72520458611113297731e-14
  -4.58055546612813796439e-14
  -4.38768997281747836790e-14
  -4.67698821278346776264e-14
  -4.58055546612813796439e-14
  -4.43590634614514358256e-14
  -4.62877183945580254797e-14
  -4.33947359948981378432e-14
  -4.19482447950681940249e-14
  -4.00195898619616043708e-14
  -4.43590634614514358256e-14
  -4.29125722616214920074e-14
  -4.14660810617915481891e-14
  -4.09839173285148960424e-14
  -4.24304085283448398607e-14
  -4.09839173285148960424e-14
  -4.14660810617915481891e-14
  -4.29125722616214920074e-14
  -3.71266074623017104234e-14
  -3.95374261286849522242e-14
  -4.14660810617915481891e-14
  -3.66444437290250645876e-14
  -3.90552623954083000775e-14
  -3.80909349288550020950e-14
  -3.61622799957484124409e-14
  -4.00195898619616043708e-14
  -3.80909349288550020950e-14
  -3.23049701295352394437e-14
  -3.66444437290250645876e-14
  -3.37514613293651769511e-14
  -3.47157887959184686227e-14
  -3.32692975960885311153e-14
  -3.42336250626418290978e-14
  -3.27871338628118852795e-14
  -3.03763151964286497897e-14
  -3.27871338628118852795e-14
  -3.18228063962585872970e-14
  -3.42336250626418290978e-14
  -3.23049701295352394437e-14
  -2.89298239965987059714e-14
  -3.03763151964286497897e-14
  -3.18228063962585872970e-14
  -2.70011690634921226282e-14
  -2.84476602633220601356e-14
  -2.84476602633220601356e-14
  -2.50725141303855392850e-14
  -2.98941514631520039539e-14
  -2.89298239965987059714e-14
  -2.74833327967687684640e-14
  -2.65190053302154767924e-14
  -2.94119877298753581181e-14
  -2.36260229305555986222e-14
  -2.36260229305555986222e-14
  -2.70011690634921226282e-14
  -2.41081866638322444580e-14
  -2.50725141303855392850e-14
  -2.26616954640023037952e-14
  -2.55546778636621851208e-14
  -2.12152042641723694433e-14
  -2.50725141303855392850e-14
  -2.55546778636621851208e-14
  -2.02508767976190746162e-14
  -2.16973679974490152790e-14
  -2.36260229305555986222e-14
  -2.21795317307256611148e-14
  -1.88043855977891402643e-14
  -2.36260229305555986222e-14
  -1.73578943979592027569e-14
  -2.16973679974490152790e-14
  -2.02508767976190746162e-14
  -2.31438591972789496310e-14
  -1.97687130643424287804e-14
  -1.68757306646825600766e-14
  -2.12152042641723694433e-14
  -1.73578943979592027569e-14
  -2.07330405308957204520e-14
  -1.78400581312358517481e-14
  -1.68757306646825600766e-14
  -1.68757306646825600766e-14
  -1.88043855977891402643e-14
  -1.59114031981292684050e-14
  -1.88043855977891402643e-14
  -1.78400581312358517481e-14
  -1.78400581312358517481e-14
  -1.44649119982993308976e-14
  -1.73578943979592027569e-14
  -1.73578943979592027569e-14
  -1.78400581312358517481e-14
  -1.39827482650226850618e-14
  -1.73578943979592027569e-14
  -1.54292394648526225692e-14
  -1.49470757315759767334e-14
  -1.15719295986394590383e-14
  -1.68757306646825600766e-14
  -1.20540933319161064518e-14
  -1.44649119982993308976e-14
  -1.49470757315759767334e-14
  -1.54292394648526225692e-14
  -9.64327466553288200599e-15
  -1.49470757315759767334e-14
  -1.06076021320861720999e-14
  -1.59114031981292684050e-14
  -1.25362570651927507099e-14
  -1.25362570651927507099e-14
  -1.39827482650226850618e-14
  -1.49470757315759767334e-14
  -1.35005845317460408037e-14
  -1.06076021320861720999e-14
  -1.54292394648526225692e-14
  -1.01254383988095262641e-14
  -1.10897658653628147802e-14
  -1.20540933319161064518e-14
  -1.59114031981292684050e-14
  -8.19678346570294923177e-15
  -1.10897658653628147802e-14
  -1.10897658653628147802e-14
  -1.39827482650226850618e-14
  -1.10897658653628147802e-14
  -1.10897658653628147802e-14
  -1.30184207984693933902e-14
  -9.16111093225623932564e-15
  -1.25362570651927507099e-14
  -1.25362570651927507099e-14
  -1.01254383988095262641e-14
  -1.20540933319161064518e-14
  -8.67894719897959191212e-15
  -1.25362570651927507099e-14
  -1.01254383988095262641e-14
  -8.67894719897959191212e-15
  -1.25362570651927507099e-14
  -7.23245599914965913791e-15
  -1.15719295986394590383e-14
  -6.26812853259637062176e-15
  -8.67894719897959191212e-15
  -1.01254383988095262641e-14
  -1.25362570651927507099e-14
  -1.01254383988095262641e-14
  -8.67894719897959191212e-15
  -1.20540933319161064518e-14
  -6.75029226587301409097e-15
  -9.16111093225623932564e-15
  -1.01254383988095262641e-14
  -1.06076021320861720999e-14
  -8.67894719897959191212e-15
  -6.26812853259637062176e-15
  -9.64327466553288200599e-15
  -1.06076021320861720999e-14
  -9.64327466553288200599e-15
  -9.16111093225623932564e-15
  -5.30380106604308210562e-15
  -1.01254383988095262641e-14
  -1.06076021320861720999e-14
  -6.75029226587301409097e-15
  -9.64327466553288200599e-15
  -8.67894719897959191212e-15
  -1.06076021320861720999e-14
  -7.71461973242630339598e-15
  -4.82163733276643784755e-15
  -9.64327466553288200599e-15
  -6.75029226587301409097e-15
  -3.85730986621315012027e-15
  -8.67894719897959191212e-15
  -7.71461973242630339598e-15
  -9.16111093225623932564e-15
  -7.23245599914965913791e-15
  -5.30380106604308210562e-15
  -9.64327466553288200599e-15
  -5.78596479931972715255e-15
  -8.19678346570294923177e-15
  -8.19678346570294923177e-15
  -6.75029226587301409097e-15
  -6.75029226587301409097e-15
  -1.10897658653628147802e-14
  -7.71461973242630339598e-15
  -8.67894719897959191212e-15
  -8.19678346570294923177e-15
  -5.78596479931972715255e-15
  -6.26812853259637062176e-15
  -4.82163733276643784755e-15
  -5.78596479931972715255e-15
  -1.10897658653628147802e-14
  -8.67894719897959191212e-15
  -7.23245599914965913791e-15
  -5.78596479931972715255e-15
  -6.75029226587301409097e-15
  -9.16111093225623932564e-15
  -6.75029226587301409097e-15
  -5.30380106604308210562e-15
  -5.78596479931972715255e-15
  -1.06076021320861720999e-14
  -3.37514613293650625663e-15
  -4.82163733276643784755e-15
  -7.71461973242630339598e-15
  -7.23245599914965913791e-15
  -6.26812853259637062176e-15
  -6.75029226587301409097e-15
  -5.78596479931972715255e-15
  -9.16111093225623932564e-15
  -9.16111093225623932564e-15
  -7.71461973242630339598e-15
  -5.78596479931972715255e-15
  -6.75029226587301409097e-15
  -4.82163733276643784755e-15
  -7.23245599914965913791e-15
  -5.30380106604308210562e-15
  -5.30380106604308210562e-15
  -6.26812853259637062176e-15
  -9.16111093225623932564e-15
  -5.30380106604308210562e-15
  -6.26812853259637062176e-15
  -5.30380106604308210562e-15
  -6.26812853259637062176e-15
  -7.23245599914965913791e-15
  -6.26812853259637062176e-15
  -4.33947359948979437834e-15
  -5.30380106604308210562e-15
  -6.75029226587301409097e-15
  -3.85730986621315012027e-15
  -3.85730986621315012027e-15
  -5.78596479931972715255e-15
  -6.26812853259637062176e-15
  -5.30380106604308210562e-15
  -7.71461973242630339598e-15
  -6.75029226587301409097e-15
  -1.92865493310657466570e-15
  -4.33947359948979437834e-15
  -7.23245599914965913791e-15
  -5.78596479931972715255e-15
  -5.30380106604308210562e-15
  -6.26812853259637062176e-15
  -6.75029226587301409097e-15
  -4.33947359948979437834e-15
  -9.16111093225623932564e-15
  -5.78596479931972715255e-15
  -3.37514613293650625663e-15
  -4.82163733276643784755e-15
  -8.19678346570294923177e-15
  -7.23245599914965913791e-15
  -3.85730986621315012027e-15
  -8.19678346570294923177e-15
  -5.78596479931972715255e-15
  -6.26812853259637062176e-15
  -7.71461973242630339598e-15
  -5.30380106604308210562e-15
  -3.85730986621315012027e-15
  -4.33947359948979437834e-15
  -8.19678346570294923177e-15
  -6.75029226587301409097e-15
  -3.37514613293650625663e-15
  -3.85730986621315012027e-15
  -9.16111093225623932564e-15
  -3.37514613293650625663e-15
  -4.82163733276643784755e-15
  -4.33947359948979437834e-15
  -6.26812853259637062176e-15
  -3.85730986621315012027e-15
  -3.37514613293650625663e-15
  -7.23245599914965913791e-15
  -6.75029226587301409097e-15
  -3.85730986621315012027e-15
  -4.33947359948979437834e-15
  -6.26812853259637062176e-15
  -2.41081866638321813491e-15
  -3.85730986621315012027e-15
  -4.82163733276643784755e-15
  -6.26812853259637062176e-15
  -5.30380106604308210562e-15
  -5.30380106604308210562e-15
  -4.33947359948979437834e-15
  -3.85730986621315012027e-15
  -3.85730986621315012027e-15
  -2.89298239965986199855e-15
  -7.71461973242630339598e-15
  -6.75029226587301409097e-15
  -3.37514613293650625663e-15
  -5.30380106604308210562e-15
  -9.16111093225623932564e-15
  -8.19678346570294923177e-15
  -6.26812853259637062176e-15
  -4.33947359948979437834e-15
  -4.33947359948979437834e-15
  -4.33947359948979437834e-15
  -5.30380106604308210562e-15
  -3.85730986621315012027e-15
  -6.75029226587301409097e-15
  -9.64327466553287332852e-16
  -2.89298239965986199855e-15
  -5.78596479931972715255e-15
  -5.30380106604308210562e-15
  -3.37514613293650625663e-15
  -3.37514613293650625663e-15
  -5.30380106604308210562e-15
  -6.75029226587301409097e-15
  -5.78596479931972715255e-15
  -7.71461973242630339598e-15
  -8.19678346570294923177e-15
  -7.23245599914965913791e-15
  -6.75029226587301409097e-15
  -3.85730986621315012027e-15
  -5.30380106604308210562e-15
  -7.23245599914965913791e-15
  -3.85730986621315012027e-15
  -3.85730986621315012027e-15
  -2.41081866638321813491e-15
  -6.26812853259637062176e-15
  -7.71461973242630339598e-15
  -4.33947359948979437834e-15
  -2.41081866638321813491e-15
  -2.89298239965986199855e-15
  -5.30380106604308210562e-15
  -2.89298239965986199855e-15
  -3.85730986621315012027e-15
  -7.23245599914965913791e-15
  -5.78596479931972715255e-15
  -6.26812853259637062176e-15
  -4.82163733276643784755e-15
  -3.85730986621315012027e-15
</dep>
<dep S[2,2] frequency>
  +8.79576468292892044154e-01+j6.24444950248576380325e-01
  +8.80064683065500230619e-01+j6.17457063974767406123e-01
  +8.80584921524491082145e-01+j6.10507456127141301394e-01
  +8.81142893995388032380e-01+j6.03581338662524502503e-01
  +8.81739505340371820807e-01+j5.96675981270862521022e-01
  +8.82374857773742582445e-01+j5.89790661020520912139e-01
  +8.83048822793582099955e-01+j5.82925225317965201022e-01
  +8.83761184228561091913e-01+j5.76079732507508657235e-01
  +8.84511685974282646505e-01+j5.69254332044157540516e-01
  +8.85300051135623489174e-01+j5.62449216556602293871e-01
  +8.86125990770917026929e-01+j5.55664600057343527340e-01
  +8.86989208302956244623e-01+j5.48900707049466252130e-01
  +8.87889401929965349503e-01+j5.42157766663909468363e-01
  +8.88826266035999568160e-01+j5.35436009312708516283e-01
  +8.89799492067477548751e-01+j5.28735664684839012928e-01
  +8.90808769109142972731e-01+j5.22056960497802702292e-01
  +8.91853784282824912921e-01+j5.15400121694316482035e-01
  +8.92934223037658236777e-01+j5.08765369911416853732e-01
  +8.94049769371489944092e-01+j5.02152923122141880974e-01
  +8.95200106007223217475e-01+j4.95562995389665306156e-01
  +8.96384914538922883409e-01+j4.88995796696857387698e-01
  +8.97603875556928332280e-01+j4.82451532827565476858e-01
  +8.98856668758275079156e-01+j4.75930405284194280036e-01
  +9.00142973046265115755e-01+j4.69432611231291041509e-01
  +9.01462466622138469674e-01+j4.62958343458136301063e-01
  +9.02814827070648084906e-01+j4.56507790355466791521e-01
  +9.04199731440935572380e-01+j4.50081135902897555567e-01
  +9.05616856323571917109e-01+j4.43678559664612726099e-01
  +9.07065877924622454564e-01+j4.37300236791503260658e-01
  +9.08546472137022997906e-01+j4.30946338028468156622e-01
  +9.10058314609821894514e-01+j4.24617029725881611757e-01
  +9.11601080815460873552e-01+j4.18312473854471511547e-01
  +9.13174446115327387297e-01+j4.12032828023064290335e-01
  +9.14778085823775066743e-01+j4.05778245498740086639e-01
  +9.16411675270658476755e-01+j3.99548875229042255164e-01
  +9.18074889862535381546e-01+j3.93344861865997208472e-01
  +9.19767405142591254474e-01+j3.87166345791685295730e-01
  +9.21488896849335881178e-01+j3.81013463145219610784e-01
  +9.23239040974128899464e-01+j3.74886345850956037573e-01
  +9.25017513817544267951e-01+j3.68785121647834779335e-01
  +9.26823992044625399878e-01+j3.62709914119732468318e-01
  +9.28658152739077147331e-01+j3.56660842726747528975e-01
  +9.30519673456326579242e-01+j3.50638022837339580207e-01
  +9.32408232275570680869e-01+j3.44641565761253099165e-01
  +9.34323507850758350202e-01+j3.38671578783176330241e-01
  +9.36265179460544105794e-01+j3.32728165197071434900e-01
  +9.38232927057202181764e-01+j3.26811424341135803306e-01
  +9.40226431314541644113e-01+j3.20921451633353949084e-01
  +9.42245373674794328700e-01+j3.15058338607592025582e-01
  +9.44289436394507131212e-01+j3.09222172950209261977e-01
  +9.46338050731689084394e-01+j3.03439069225478474934e-01
  +9.48284637095408111662e-01+j2.97844866323459078750e-01
  +9.50134642339762969243e-01+j2.92432035368266063369e-01
  +9.51888056463822795905e-01+j2.87200528778018437936e-01
  +9.53544532314351767077e-01+j2.82151160413865453869e-01
  +9.55121431149925426141e-01+j2.77259894073752066745e-01
  +9.56623053146233415234e-01+j2.72520422434498088560e-01
  +9.58053485095871848465e-01+j2.67926683095590423278e-01
  +9.59416609350312810101e-01+j2.63472847803633114516e-01
  +9.60709680459211567971e-01+j2.59163340694018640153e-01
  +9.61943100550059493337e-01+j2.54982321742240614082e-01
  +9.63121039024037894904e-01+j2.50923212252580130066e-01
  +9.64246531740271306532e-01+j2.46981114403492241216e-01
  +9.65322456309144927289e-01+j2.43151318091620105566e-01
  +9.66351539012293758724e-01+j2.39429293727763142785e-01
  +9.67336361482314055493e-01+j2.35810685435399347565e-01
  +9.68279367151257841506e-01+j2.32291304615926619270e-01
  +9.69182867476062304135e-01+j2.28867123848179143675e-01
  +9.70049047948281728537e-01+j2.25534271092884264220e-01
  +9.70879973894811953983e-01+j2.22289024175568311614e-01
  +9.71677596075709582024e-01+j2.19127805524023805406e-01
  +9.72443756084707677800e-01+j2.16047177138836143939e-01
  +9.73180191557619589382e-01+j2.13043835777639689599e-01
  +9.73888541193457579759e-01+j2.10114608335760261193e-01
  +9.74570349592817519735e-01+j2.07256447407708543906e-01
  +9.75222576099194715660e-01+j2.04475537457817518883e-01
  +9.75850741488020978487e-01+j2.01760977195998780775e-01
  +9.76456325308406758445e-01+j1.99109717564527222144e-01
  +9.77040578552385352573e-01+j1.96519117596072073750e-01
  +9.77604676657751969771e-01+j1.93986644020203297112e-01
  +9.78149723490558953287e-01+j1.91509867651842385916e-01
  +9.78675374207217174671e-01+j1.89089483835970129100e-01
  +9.79178881248708776752e-01+j1.86731698949549579369e-01
  +9.79666308437867172643e-01+j1.84423288688602665664e-01
  +9.80138532738924816989e-01+j1.82162160932953648418e-01
  +9.80596374843979101676e-01+j1.79946312926242579788e-01
  +9.81037827935660300405e-01+j1.77780291023464598332e-01
  +9.81461965972877492526e-01+j1.75666488703265760707e-01
  +9.81874048281357492129e-01+j1.73592638760662332231e-01
  +9.82274714148675953673e-01+j1.71557028368040459521e-01
  +9.82662027960384043546e-01+j1.69564193033308052705e-01
  +9.83034030357962995694e-01+j1.67619125196565077474e-01
  +9.83396526495151301894e-01+j1.65707645723315755149e-01
  +9.83750004444805425941e-01+j1.63828299732520055176e-01
  +9.84089142546308970338e-01+j1.61994441980737813314e-01
  +9.84418245683244541588e-01+j1.60195427867133671773e-01
  +9.84739886816952902926e-01+j1.58424499224387616003e-01
  +9.85050880162976483234e-01+j1.56689759443291415364e-01
  +9.85350808864643434859e-01+j1.54992540472735695900e-01
  +9.85644611636686929224e-01+j1.53319748344420053732e-01
  +9.85929525370164761000e-01+j1.51678557361791366276e-01
  +9.86203993553063540389e-01+j1.50073383217332212425e-01
  +9.86473475864974580496e-01+j1.48489336756466472345e-01
  +9.86734254167231927823e-01+j1.46936450760478204414e-01
  +9.86986521072917510899e-01+j1.45414421701356710859e-01
  +9.87234768370339854648e-01+j1.43910552921511669666e-01
  +9.87473237170917728101e-01+j1.42441030409004715240e-01
  +9.87706153825214538955e-01+j1.40994033308898730761e-01
  +9.87935078623159323996e-01+j1.39564820038862169582e-01
  +9.88153734084632695556e-01+j1.38171716177480335963e-01
  +9.88369786303961439522e-01+j1.36792365305304031153e-01
  +9.88578829545556536651e-01+j1.35439572954862891274e-01
  +9.88782181844501395496e-01+j1.34109621727617422948e-01
  +9.88982694680558771516e-01+j1.32793741748308519179e-01
  +9.89174247468287193286e-01+j1.31510567422451929431e-01
  +9.89364276504292705638e-01+j1.30237429284542155505e-01
  +9.89547119437716449220e-01+j1.28991620225295922086e-01
  +9.89726633816650491760e-01+j1.27761344341101340527e-01
  +9.89901875528560570849e-01+j1.26549346481672514431e-01
  +9.90071629844858636105e-01+j1.25359626616566410817e-01
  +9.90239537360557586787e-01+j1.24180455089985083972e-01
  +9.90400238875151717188e-01+j1.23029091820251679223e-01
  +9.90560562378686504381e-01+j1.21883455251628844418e-01
  +9.90713383676593228877e-01+j1.20766688195365790026e-01
  +9.90865627301600104815e-01+j1.19656182388913512327e-01
  +9.91011937685187804803e-01+j1.18569491267575100046e-01
  +9.91156690438172782720e-01+j1.17492186915331253694e-01
  +9.91296727142361389085e-01+j1.16434698820727849933e-01
  +9.91434539464102204676e-01+j1.15388757968886160321e-01
  +9.91568533184308043005e-01+j1.14359626086312532456e-01
  +9.91699918987247630575e-01+j1.13343298432078160021e-01
  +9.91828093879289052204e-01+j1.12341701134331978240e-01
  +9.91953532511706259633e-01+j1.11353320469981906249e-01
  +9.92076106210511121652e-01+j1.10378460454282914527e-01
  +9.92196044347561700860e-01+j1.09416441250835883015e-01
  +9.92313228002691394281e-01+j1.08467544715847491466e-01
  +9.92428081464693301328e-01+j1.07530378839380560962e-01
  +9.92540079790850682251e-01+j1.06606694699738754895e-01
  +9.92650235289447291365e-01+j1.05692948253957197391e-01
  +9.92757246630287526479e-01+j1.04793747389903768585e-01
  +9.92863063443339077807e-01+j1.03902057679085321751e-01
  +9.92965279847027981752e-01+j1.03026632218975414124e-01
  +9.93067091423284198370e-01+j1.02155704825874119046e-01
  +9.93164698728382644433e-01+j1.01303367459494322866e-01
  +9.93262814223165868555e-01+j1.00451973433208135988e-01
  +9.93355992153519218313e-01+j9.96220567539914947375e-02
  +9.93449838366515347587e-01+j9.87923279403560838929e-02
  +9.93539620164236803035e-01+j9.79808857775401609302e-02
  +9.93629176813199066487e-01+j9.71729163917905841563e-02
  +9.93716015476337699575e-01+j9.63781190268561821499e-02
  +9.93801452160702369909e-01+j9.55912804952799705083e-02
  +9.93885584932217569509e-01+j9.48120967304541678589e-02
  +9.93967065368543734039e-01+j9.40457785065988705053e-02
  +9.94048710895470866156e-01+j9.32812318747539143127e-02
  +9.94126393042364719932e-01+j9.25348408845665798550e-02
  +9.94204617985590455298e-01+j9.17885909542180827847e-02
  +9.94279788775128237077e-01+j9.10569674493645481173e-02
  +9.94354340489224997057e-01+j9.03300586765266033673e-02
  +9.94427584431627042960e-01+j8.96107246464238893502e-02
  +9.94498611184037595301e-01+j8.89025979999445714608e-02
  +9.94570091377588672010e-01+j8.81947429118330600284e-02
  +9.94637735994988170241e-01+j8.75048552440644000772e-02
  +9.94705845650064479635e-01+j8.68150812684202050074e-02
  +9.94772001662235227926e-01+j8.61355377075844891310e-02
  +9.94836843539558812743e-01+j8.54634669032156568669e-02
  +9.94901676864441530945e-01+j8.47934112421554336825e-02
  +9.94963384544946705113e-01+j8.41385313749178215259e-02
  +9.95025511993297362423e-01+j8.34837500125029108311e-02
  +9.95085715268999915217e-01+j8.28391112225991405049e-02
  +9.95144816232203077710e-01+j8.22010160072535467357e-02
  +9.95204066490145256019e-01+j8.15640965275991614014e-02
  +9.95260265610385497226e-01+j8.09422042249390988333e-02
  +9.95316843897842362665e-01+j8.03203971982773962113e-02
  +9.95372071196742203014e-01+j7.97062697390867741509e-02
  +9.95425848776798405382e-01+j7.91001898754486870713e-02
  +9.95479986762224711150e-01+j7.84941894872859258214e-02
  +9.95531523198929901852e-01+j7.79014078410483756798e-02
  +9.95582958862629596730e-01+j7.73106728928639047593e-02
  +9.95634046928723703829e-01+j7.67231148299378495903e-02
  +9.95682892618255599437e-01+j7.61472025038704980471e-02
  +9.95732064221670487569e-01+j7.55713588859515533747e-02
  +9.95779951344105018762e-01+j7.50028991206652534407e-02
  +9.95826624939032067907e-01+j7.44414427294241565214e-02
  +9.95873608509713292847e-01+j7.38800503252121376629e-02
  +9.95918567218832762045e-01+j7.33294388324988721806e-02
  +9.95963142025403369573e-01+j7.27820109693634309522e-02
  +9.96008011713194640890e-01+j7.22346426802401297973e-02
  +9.96050295668784002601e-01+j7.17006935391761995868e-02
  +9.96092843122774018738e-01+j7.11668794022703443680e-02
  +9.96135193676654595585e-01+j7.06353638036929798449e-02
  +9.96175516206412869913e-01+j7.01147093868552256923e-02
  +9.96216105841129961895e-01+j6.95941063622304428860e-02
  +9.96256142542129907724e-01+j6.90774461950713486447e-02
  +9.96294587695394029403e-01+j6.85696156511278465118e-02
  +9.96333287118206345490e-01+j6.80618329119291043394e-02
  +9.96371216517077273878e-01+j6.75590077648682008071e-02
  +9.96407849284361102349e-01+j6.70636214330072172318e-02
  +9.96444724160834072180e-01+j6.65682795538284910464e-02
  +9.96480737860865217748e-01+j6.60783232230740397162e-02
  +9.96515621318348809865e-01+j6.55950124878307422316e-02
  +9.96550735363141759748e-01+j6.51117430734202279341e-02
  +9.96585010922501068897e-01+j6.46337412488374868369e-02
  +9.96618206226870140263e-01+j6.41621481814289851275e-02
  +9.96651621200616677498e-01+j6.36905935089556590745e-02
  +9.96684322999192962023e-01+j6.32236815557614129091e-02
  +9.96715889387855158432e-01+j6.27634585682934897921e-02
  +9.96747665099299684499e-01+j6.23032712424321649669e-02
  +9.96778945170933350362e-01+j6.18466320749894715725e-02
  +9.96808939966935980692e-01+j6.13974415868334538748e-02
  +9.96839134279665195493e-01+j6.09482842069695371356e-02
  +9.96869133110794614083e-01+j6.05011462514699685511e-02
  +9.96897611731821009506e-01+j6.00626603671480102653e-02
  +9.96926280574969125858e-01+j5.96242052060428490146e-02
  +9.96955127870852275684e-01+j5.91858404491048678553e-02
  +9.96982143841718460031e-01+j5.87577406470585622555e-02
  +9.97009341224075695820e-01+j5.83296693403522609200e-02
  +9.97036719988889541533e-01+j5.79016266432658133212e-02
  +9.97062761611983594534e-01+j5.74813682924458710377e-02
  +9.97088539638973370138e-01+j5.70633715384086873113e-02
  +9.97114490698542077496e-01+j5.66454013052407820417e-02
  +9.97139677254361700420e-01+j5.62322869182255921650e-02
  +9.97164086147394490567e-01+j5.58240641871990891931e-02
  +9.97188660156375750176e-01+j5.54158660260038807288e-02
  +9.97213090593388140626e-01+j5.50092956065717786363e-02
  +9.97236178711127130292e-01+j5.46105548595691436820e-02
  +9.97259424438286190551e-01+j5.42118368599405070496e-02
  +9.97282827753244949243e-01+j5.38131417004237486146e-02
  +9.97305003620793995012e-01+j5.34217041352262611564e-02
  +9.97326967973023781333e-01+j5.30321825961281301254e-02
  +9.97349082796819663699e-01+j5.26426821885575615956e-02
  +9.97370736168040061820e-01+j5.22564235125257750547e-02
  +9.97391464215381717828e-01+j5.18758226782574244362e-02
  +9.97412335985435771768e-01+j5.14952413793902871730e-02
  +9.97433351460462080951e-01+j5.11146796967837796499e-02
  +9.97453076297534768635e-01+j5.07417252122946207948e-02
  +9.97472748620543359088e-01+j5.03697950603237132317e-02
  +9.97492558249251204394e-01+j4.99978830281133101998e-02
  +9.97511957659849124447e-01+j4.96289050595770733776e-02
  +9.97530472338744589322e-01+j4.92653655254786382311e-02
  +9.97549118253344357932e-01+j4.89018427128816643434e-02
  +9.97567895389124936756e-01+j4.85383366924256320907e-02
  +9.97585649723419898294e-01+j4.81810197589428237941e-02
  +9.97603172261752546568e-01+j4.78256329194400864324e-02
  +9.97620820264558560986e-01+j4.74702615608635289379e-02
  +9.97638414898688319354e-01+j4.71158676991942290679e-02
  +9.97654852631494226678e-01+j4.67683705354288159484e-02
  +9.97671410367351074733e-01+j4.64208876270875078762e-02
  +9.97688088094406122508e-01+j4.60734190360080203552e-02
  +9.97704283864939922566e-01+j4.57292135177889275122e-02
  +9.97719788443626631746e-01+j4.53893795621816351082e-02
  +9.97735407833016063606e-01+j4.50495587742732600534e-02
  +9.97751142022394788000e-01+j4.47097512119624049265e-02
  +9.97766069974349356642e-01+j4.43749413113052118551e-02
  +9.97780666670608717972e-01+j4.40425353946145847761e-02
  +9.97795373252394868224e-01+j4.37101416249851340567e-02
  +9.97810189710034656230e-01+j4.33777600566578810937e-02
  +9.97823971653788333036e-01+j4.30515968941050375385e-02
  +9.97837684803918434362e-01+j4.27263903225692104337e-02
  +9.97851503167413778073e-01+j4.24011949401985610564e-02
  +9.97865423679034080351e-01+j4.20760274274150497531e-02
  +9.97878175864100436243e-01+j4.17577875090364633581e-02
  +9.97891028837849081157e-01+j4.14395578328760963438e-02
  +9.97903982592453053790e-01+j4.11213384466286857588e-02
  +9.97916940024742182835e-01+j4.08036580043317567701e-02
  +9.97928858613215785667e-01+j4.04921793912884145361e-02
  +9.97940873784115001222e-01+j4.01807101789239534684e-02
  +9.97952985530401792680e-01+j3.98692504119995475009e-02
  +9.97965079337291838257e-01+j3.95584234293060305054e-02
  +9.97976185462509435276e-01+j3.92534954367340094272e-02
  +9.97987384179105041504e-01+j3.89485760542293002473e-02
  +9.97998675480760266687e-01+j3.86436653238262442511e-02
  +9.98009998273892917631e-01+j3.83390954438590850217e-02
  +9.98020312026961509133e-01+j3.80405129721451684688e-02
  +9.98030714584330680417e-01+j3.77419383673914116129e-02
  +9.98041205940340403480e-01+j3.74433716690968990126e-02
  +9.98051786089306447458e-01+j3.71448129167560869845e-02
  +9.98061384470094403731e-01+j3.68520616250730265184e-02
  +9.98071010081040710382e-01+j3.65596321162256210346e-02
  +9.98080720897516426859e-01+j3.62672098126458411493e-02
  +9.98090516914440839535e-01+j3.59747947514709315309e-02
  +9.98099539995134343862e-01+j3.56870212916200330033e-02
  +9.98108406760422561810e-01+j3.54005423592962664703e-02
  +9.98117355321435306692e-01+j3.51140699724350538458e-02
  +9.98126385673642757546e-01+j3.48276041659807897299e-02
  +9.98134907334353949082e-01+j3.45443202007892843919e-02
  +9.98143032211322944747e-01+j3.42636022835270531717e-02
  +9.98151235648079060425e-01+j3.39828902904132992835e-02
  +9.98159517640596849475e-01+j3.37021842543520702695e-02
  +9.98167607239142440356e-01+j3.34229330745905092726e-02
  +9.98175006007995024859e-01+j3.31477913670567073123e-02
  +9.98182480265660587726e-01+j3.28726549981099014364e-02
  +9.98190030008574868958e-01+j3.25975239987551512755e-02
  +9.98197655233155733967e-01+j3.23223983999948311086e-02
  +9.98204440201061471427e-01+j3.20521336370416312644e-02
  +9.98211200002478760140e-01+j3.17823926766494513352e-02
  +9.98218032375155051028e-01+j3.15126565316798112892e-02
  +9.98224937315933313897e-01+j3.12429252313676172892e-02
  +9.98231439815665866355e-01+j3.09756960226928446112e-02
  +9.98237498621149521583e-01+j3.07111746114558034626e-02
  +9.98243627232508812241e-01+j3.04466574922950261595e-02
  +9.98249825646973953930e-01+j3.01821446927996311915e-02
  +9.98256093861761062414e-01+j2.99176362405567108915e-02
  +9.98261473324055570444e-01+j2.96581132425577029266e-02
  +9.98266910468001977819e-01+j2.93986434778426355963e-02
  +9.98272414791165241255e-01+j2.91391775363937372001e-02
  +9.98277986291117636064e-01+j2.88797154442655759632e-02
  +9.98283215275959867618e-01+j2.86223607121266210296e-02
  +9.98287971880978952655e-01+j2.83677705916677014297e-02
  +9.98292793175395876126e-01+j2.81131838244306694885e-02
  +9.98297679157111872428e-01+j2.78586004350425027465e-02
  +9.98302629824015075322e-01+j2.76040204481287076987e-02
  +9.98306895722908427260e-01+j2.73532330902895234881e-02
  +9.98311043621735283438e-01+j2.71033615762943519423e-02
  +9.98315253845784456033e-01+j2.68534929929941691695e-02
  +9.98319526393246725604e-01+j2.66036273636845732593e-02
  +9.98323761269705456378e-01+j2.63542621328197480823e-02
  +9.98327243911526163167e-01+j2.61089455170799428219e-02
  +9.98330786637664391314e-01+j2.58636314071506931422e-02
  +9.98334389446589920425e-01+j2.56183198250883141511e-02
  +9.98338052336760206629e-01+j2.53730107929480835915e-02
  +9.98341467391031911482e-01+j2.51292059321688437956e-02
  +9.98344349303734945877e-01+j2.48882893285138143136e-02
  +9.98347289173871832446e-01+j2.46473748469896412894e-02
  +9.98350287000158709283e-01+j2.44064625084967623536e-02
  +9.98353342781301278386e-01+j2.41655523339347477751e-02
  +9.98356009754358564301e-01+j2.39267747337528619012e-02
  +9.98358291818860821287e-01+j2.36901035691839852160e-02
  +9.98360629824143752664e-01+j2.34534341593213811750e-02
  +9.98363023769151758380e-01+j2.32167665239883490302e-02
  +9.98365473652820467620e-01+j2.29801006830074872056e-02
  +9.98367460383721039285e-01+j2.27458503345453408317e-02
  +9.98369142040409607297e-01+j2.25132730459614953389e-02
  +9.98370877726206251701e-01+j2.22806971592998913356e-02
  +9.98372667440268091177e-01+j2.20481226933799609458e-02
  +9.98374511181743251598e-01+j2.18155496670205881204e-02
  +9.98375882315752583018e-01+j2.15853586670699502947e-02
  +9.98376961430102682904e-01+j2.13567264868690688540e-02
  +9.98378092761941227096e-01+j2.11280953688610766139e-02
  +9.98379276310622620905e-01+j2.08994653309297999388e-02
  +9.98380512075493720126e-01+j2.06708363909586280427e-02
  +9.98381329844312492838e-01+j2.04442680714803926012e-02
  +9.98381802556026154427e-01+j2.02194348084537185717e-02
  +9.98382325769039624674e-01+j1.99946022793779029647e-02
  +9.98382899482892716136e-01+j1.97697705012647474698e-02
  +9.98383523697116914697e-01+j1.95449394911257588736e-02
  +9.98383848791624561869e-01+j1.93215876818723306108e-02
  +9.98383709344180636513e-01+j1.91004094963458208312e-02
  +9.98383618772950232056e-01+j1.88792317264553921596e-02
  +9.98383577077646688913e-01+j1.86580543884001352761e-02
  +9.98383584257974798781e-01+j1.84368774983789535105e-02
  +9.98383476818928583540e-01+j1.82163659331346615422e-02
  +9.98382717365889571504e-01+j1.79987011052478336481e-02
  +9.98382005251031268145e-01+j1.77810363830445163080e-02
  +9.98381340474228884396e-01+j1.75633717819664372795e-02
  +9.98380723035351413941e-01+j1.73457073174552375838e-02
  +9.98380152934260967079e-01+j1.71280430049524680369e-02
  +9.98378854177563779260e-01+j1.69133978863709524831e-02
  +9.98377510444757421126e-01+j1.66991063788324393957e-02
  +9.98376212595397771743e-01+j1.64848146885394446215e-02
  +9.98374960629508478860e-01+j1.62705228302280138775e-02
  +9.98373754547106528889e-01+j1.60562308186342241056e-02
  +9.98372139734582719761e-01+j1.58436245523467487961e-02
  +9.98370151740946676355e-01+j1.56325680558847650292e-02
  +9.98368208255884126423e-01+j1.54215110779976644767e-02
  +9.98366309279564934087e-01+j1.52104536327642390903e-02
  +9.98364454812153856444e-01+j1.49993957342633658231e-02
  +9.98362586907879157039e-01+j1.47885411918886131716e-02
  +9.98359939149613406784e-01+j1.45805828727806671002e-02
  +9.98357334601502333093e-01+j1.43726237771136973465e-02
  +9.98354773263856687393e-01+j1.41646639183544437862e-02
  +9.98352255136982336126e-01+j1.39567033099697885429e-02
  +9.98349780221179372575e-01+j1.37487419654267993552e-02
  +9.98346875914727482915e-01+j1.35423464719797142369e-02
  +9.98343591673904851014e-01+j1.33373495251133695333e-02
  +9.98340349418674000148e-01+j1.31323515212441975508e-02
  +9.98337149149476799082e-01+j1.29273524732694353873e-02
  +9.98333990866749787507e-01+j1.27223523940865647364e-02
  +9.98330874570922843780e-01+j1.25173512965932928059e-02
  +9.98326973147137919362e-01+j1.23149182086649058854e-02
  +9.98323027820069652805e-01+j1.21127471385709239299e-02
  +9.98319123324878265890e-01+j1.19105747299255160243e-02
  +9.98315259662132636898e-01+j1.17084009950962665558e-02
  +9.98311436832395870944e-01+j1.15062259464510461410e-02
  +9.98307467296716488647e-01+j1.13045922965866289800e-02
  +9.98302792687646989300e-01+j1.11051137509092772565e-02
  +9.98298157824277110350e-01+j1.09056335703045410856e-02
  +9.98293562707304737991e-01+j1.07061517666473312443e-02
  +9.98289007337423206501e-01+j1.05066683518129349445e-02
  +9.98284491715320632110e-01+j1.03071833376769915469e-02
  +9.98279623587975395438e-01+j1.01087462646639071606e-02
  +9.98274227619962650770e-01+j9.91182409668835313898e-03
  +9.98268870377880590539e-01+j9.71490000477918079491e-03
  +9.98263551862550002625e-01+j9.51797400035405555263e-03
  +9.98258272074787567085e-01+j9.32104609483107304779e-03
  +9.98253031015405523085e-01+j9.12411629962874698441e-03
  +9.98247304007289226746e-01+j8.92847289760224233079e-03
  +9.98241148743363004847e-01+j8.73397216208252405445e-03
  +9.98235031249229520789e-01+j8.53946920641844055277e-03
  +9.98228951525833907432e-01+j8.34496404160342195033e-03
  +9.98222909574115968567e-01+j8.15045667863139276788e-03
  +9.98216905395011733226e-01+j7.95594712849675110566e-03
  +9.98210361484775154928e-01+j7.76272598128724920785e-03
  +9.98203403208843820238e-01+j7.57051122904568718486e-03
  +9.98196481808185320794e-01+j7.37829395079415799319e-03
  +9.98189597283868690347e-01+j7.18607415713293663090e-03
  +9.98182749636958743800e-01+j6.99385185866284887074e-03
  +9.98175938868516743341e-01+j6.80162706598525651502e-03
  +9.98168624774185442305e-01+j6.61048869455690187719e-03
  +9.98160813105657851452e-01+j6.42042360225812507035e-03
  +9.98153037477658489074e-01+j6.23035566568205020216e-03
  +9.98145297891383842526e-01+j6.04028489506507147017e-03
  +9.98137594348026180313e-01+j5.85021130064418328626e-03
  +9.98129926848774218229e-01+j5.66013489265698201136e-03
  +9.98121897200566765562e-01+j5.47077252516104187152e-03
  +9.98113174045225259867e-01+j5.28271951153339459212e-03
  +9.98104486153758574396e-01+j5.09466331985155423956e-03
  +9.98095833527494424864e-01+j4.90660396001560503848e-03
  +9.98087216167756863250e-01+j4.71854144192629387788e-03
  +9.98078634075866499842e-01+j4.53047577548502944378e-03
  +9.98069955514210849223e-01+j4.34261646933031732892e-03
  +9.98060253815782338904e-01+j4.15643630213735106038e-03
  +9.98050586661114347287e-01+j3.97025260405651277823e-03
  +9.98040954051671702629e-01+j3.78406538467755204982e-03
  +9.98031355988915791499e-01+j3.59787465359094355694e-03
  +9.98021792474303559572e-01+j3.41168042038788275894e-03
  +9.98012263509289954122e-01+j3.22548269466028892857e-03
  +9.98001791218802836170e-01+j3.04063796006289605023e-03
  +9.97991067345842197689e-01+j2.85618545440967678758e-03
  +9.97980377353225311943e-01+j2.67172905119956137499e-03
  +9.97969721242557672447e-01+j2.48726875973718022927e-03
  +9.97959099015442330227e-01+j2.30280458932795176544e-03
  +9.97948510673478006439e-01+j2.11833654927807892715e-03
  +9.97937495251878914360e-01+j1.93441502089097892673e-03
  +9.97925624960009804987e-01+j1.75154997141101589388e-03
  +9.97913787937307561471e-01+j1.56868062026396196812e-03
  +9.97901984185532109350e-01+j1.38580697649151010804e-03
  +9.97890213706440709629e-01+j1.20292904913620892458e-03
  +9.97878476501786626507e-01+j1.02004684724145921158e-03
  +9.97866772573320126583e-01+j8.37160379851515029995e-04
  +9.97853924064623365453e-01+j6.55460785241909001282e-04
  +9.97840835960743688382e-01+j4.74031925293660622977e-04
  +9.97827780569090827534e-01+j2.92598334982753971369e-04
  +9.97814757891588022254e-01+j1.11160023110225931412e-04
  +9.97801767930154848152e-01-j7.02830015219599985553e-05
  +9.97788810686708216302e-01-j2.51730730110915116270e-04
  +9.97775597282062776117e-01-j4.32940095884693887211e-04
  +9.97761137031184408563e-01-j6.13078121419598307679e-04
  +9.97746708984674768317e-01-j7.93221354930168033766e-04
  +9.97732313144637616986e-01-j9.73369787837161473155e-04
  +9.97717949513173163467e-01-j1.15352341156033121918e-03
  +9.97703618092379507232e-01-j1.33368221751842524342e-03
  +9.97689318884351417083e-01-j1.51384619712918873889e-03
  +9.97674273225398144938e-01-j1.69348209345096013811e-03
  +9.97658331320562474787e-01-j1.87248796830851902372e-03
  +9.97642421163687731500e-01-j2.05149956796346188276e-03
  +9.97626542757073075940e-01-j2.23051688403935787289e-03
  +9.97610696103015226477e-01-j2.40953990815868544437e-03
  +9.97594881203807459791e-01-j2.58856863194282865379e-03
  +9.97579098061740277004e-01-j2.76760304701208518716e-03
  +9.97562174958459557672e-01-j2.94600698089624848594e-03
  +9.97544585269590111665e-01-j3.12403813666265123619e-03
  +9.97527026919777459746e-01-j3.30207559118507682286e-03
  +9.97509499911538033423e-01-j3.48011933627394558916e-03
  +9.97492004247385599669e-01-j3.65816936373849262848e-03
  +9.97474539929831038876e-01-j3.83622566538676778441e-03
  +9.97457106961382122812e-01-j4.01428823302563131392e-03
  +9.97438274377514755287e-01-j4.19176119116227222094e-03
  +9.97418842112050785254e-01-j4.36897835701618563603e-03
  +9.97399440821594818196e-01-j4.54620246366582454051e-03
  +9.97380070508906868554e-01-j4.72343350309507338525e-03
  +9.97360731176744286230e-01-j4.90067146728652078269e-03
  +9.97341422827860868416e-01-j5.07791634822146471101e-03
  +9.97322145465008857990e-01-j5.25516813787990991202e-03
  +9.97301395903097742668e-01-j5.43196728727308661422e-03
  +9.97279891765507797707e-01-j5.60853390514111371790e-03
  +9.97258418280095426667e-01-j5.78510818710300644269e-03
  +9.97236975449895535206e-01-j5.96169012530599774086e-03
  +9.97215563277939365250e-01-j6.13827971189589982615e-03
  +9.97194181767256604410e-01-j6.31487693901711631683e-03
  +9.97172830920873054517e-01-j6.49148179881263529684e-03
  +9.97150197774778757065e-01-j6.66781717342886364602e-03
  +9.97126350760012436503e-01-j6.84389820877637656410e-03
  +9.97102534110655414068e-01-j7.01998772869473139369e-03
  +9.97078747830054568091e-01-j7.19608572548871647939e-03
  +9.97054991921553668277e-01-j7.37219219146157365985e-03
  +9.97031266388494930020e-01-j7.54830711891498699201e-03
  +9.97007571234216682932e-01-j7.72443050014909923101e-03
  +9.96983152144203743639e-01-j7.90046241821512271186e-03
  +9.96956640619936274028e-01-j8.07622225640221812204e-03
  +9.96930159202927934636e-01-j8.25199151609381023609e-03
  +9.96903707896883428674e-01-j8.42777018975234513964e-03
  +9.96877286705504128683e-01-j8.60355826983855674628e-03
  +9.96850895632489186760e-01-j8.77935574881147720583e-03
  +9.96824534681535312508e-01-j8.95516261912842129189e-03
  +9.96798203856336995088e-01-j9.13097887324500548378e-03
  +9.96768965374871585006e-01-j9.30660021046278602974e-03
  +9.96739435890471647816e-01-j9.48220967617764178004e-03
  +9.96709936277058061727e-01-j9.65782963277387121459e-03
  +9.96680466538744092020e-01-j9.83346007287791770701e-03
  +9.96651026679640117401e-01-j1.00091009891143389865e-02
  +9.96621616703855073283e-01-j1.01847523741057984642e-02
  +9.96592236615494231344e-01-j1.03604142204730895194e-02
  +9.96561289436569075484e-01-j1.05360508030577556399e-02
  +9.96528253161045429742e-01-j1.07116513704309038180e-02
  +9.96495246518436128547e-01-j1.08872636736879815911e-02
  +9.96462269513329390591e-01-j1.10628877056407944751e-02
  +9.96429322150312213324e-01-j1.12385234590990524400e-02
  +9.96396404433968152503e-01-j1.14141709268703595015e-02
  +9.96363516368879320595e-01-j1.15898301017602432111e-02
  +9.96330657959625276554e-01-j1.17655009765721303705e-02
  +9.96294223669052403380e-01-j1.19412189811981001714e-02
  +9.96257158807635545550e-01-j1.21169565394644886125e-02
  +9.96220123324707995671e-01-j1.22927072737502932065e-02
  +9.96183117225407310791e-01-j1.24684711770862190205e-02
  +9.96146140514869493643e-01-j1.26442482425006275104e-02
  +9.96109193198227882426e-01-j1.28200384630195573371e-02
  +9.96072275280613816939e-01-j1.29958418316667243669e-02
  +9.96034665671852614821e-01-j1.31716779033824969714e-02
  +9.95992877900108375400e-01-j1.33476422435768043995e-02
  +9.95951119191988087920e-01-j1.35236214497611445529e-02
  +9.95909389553269464024e-01-j1.36996155152461860510e-02
  +9.95867688989727328774e-01-j1.38756244333400006324e-02
  +9.95826017507135285989e-01-j1.40516481973480527462e-02
  +9.95784375111265274150e-01-j1.42276868005732186340e-02
  +9.95742761807886789249e-01-j1.44037402363157759216e-02
  +9.95699279868028863660e-01-j1.45798659718314842226e-02
  +9.95651993859926975894e-01-j1.47561239559563135704e-02
  +9.95604736500539599930e-01-j1.49323987796513811543e-02
  +9.95557507796381857545e-01-j1.51086904365964648511e-02
  +9.95510307753967760291e-01-j1.52849989204684351407e-02
  +9.95463136379809765408e-01-j1.54613242249412655149e-02
  +9.95415993680418220713e-01-j1.56376663436860255385e-02
  +9.95368879662302141753e-01-j1.58140252703709051352e-02
  +9.95319126234144313514e-01-j1.59904528010820987105e-02
  +9.95265366431793752078e-01-j1.61669771163823333682e-02
  +9.95211634683787260691e-01-j1.63435205889990477213e-02
  +9.95157930997487838454e-01-j1.65200832131195685104e-02
  +9.95104255380258040375e-01-j1.66966649829280375239e-02
  +9.95050607839458867154e-01-j1.68732658926053595561e-02
  +9.94996988382449654154e-01-j1.70498859363291954683e-02
  +9.94943397016589625714e-01-j1.72265251082739934141e-02
  +9.94887112808491402838e-01-j1.74031686957210329769e-02
  +9.94825695823660871575e-01-j1.75798053676286571145e-02
  +9.94764306010257670643e-01-j1.77564639152918909981e-02
  +9.94702943376603365699e-01-j1.79331443336105539332e-02
  +9.94641607931019189337e-01-j1.81098466174809263896e-02
  +9.94580299681825708014e-01-j1.82865707617956944897e-02
  +9.94519018637342488987e-01-j1.84633167614440124593e-02
  +9.94457764805888766446e-01-j1.86400846113114436464e-02
  +9.94394947679111518291e-01-j1.88168036080875906990e-02
  +9.94324440729532632588e-01-j1.89932033392905992575e-02
  +9.94253959620653771090e-01-j1.91696281168287595287e-02
  +9.94183504361847214525e-01-j1.93460779366112674282e-02
  +9.94113074962484910557e-01-j1.95225527945434886024e-02
  +9.94042671431939028892e-01-j1.96990526865268786305e-02
  +9.93972293779581961282e-01-j1.98755776084590489450e-02
  +9.93901942014784878232e-01-j2.00521275562337078502e-02
  +9.93831616146920393540e-01-j2.02287025257406986867e-02
  +9.93751692059068436613e-01-j2.04043557389152335757e-02
  +9.93670394276190860339e-01-j2.05798999217442907250e-02
  +9.93589120335999331779e-01-j2.07554727999434800167e-02
  +9.93507870248952151826e-01-j2.09310743708469408630e-02
  +9.93426644025508398528e-01-j2.11067046317847430148e-02
  +9.93345441676127927089e-01-j2.12823635800828588061e-02
  +9.93264263211271702936e-01-j2.14580512130631874401e-02
  +9.93183108641401135586e-01-j2.16337675280435237646e-02
  +9.93096098684554284830e-01-j2.18085173578582182385e-02
  +9.93001932115649355026e-01-j2.19820838168829843506e-02
  +9.92907786378964041241e-01-j2.21556830778830982087e-02
  +9.92813661485949516816e-01-j2.23293151401933280542e-02
  +9.92719557448059397586e-01-j2.25029800031443551200e-02
  +9.92625474276748076541e-01-j2.26766776660627944473e-02
  +9.92531411983473166316e-01-j2.28504081282712018242e-02
  +9.92437370579693278749e-01-j2.30241713890880460303e-02
  +9.92343350076869801235e-01-j2.31979674478277400618e-02
  +9.92235467416692995535e-01-j2.33681865163142682418e-02
  +9.92126062447237777597e-01-j2.35380424383841366232e-02
  +9.92016673865010800704e-01-j2.37079355742540985597e-02
  +9.91907301682113051733e-01-j2.38778659259875625231e-02
  +9.91797945910649847434e-01-j2.40478334956443530468e-02
  +9.91688606562728391935e-01-j2.42178382852806899084e-02
  +9.91579283650460774346e-01-j2.43878802969491638442e-02
  +9.91469977185961304222e-01-j2.45579595326987608350e-02
  +9.91356695804565091201e-01-j2.47265714789480194058e-02
  +9.91229368757005069313e-01-j2.48899241923126561538e-02
  +9.91102051628934943572e-01-j2.50533184490500174246e-02
  +9.90974744432309706532e-01-j2.52167542547861722735e-02
  +9.90847447179089568792e-01-j2.53802316151448235926e-02
  +9.90720159881238959798e-01-j2.55437505357472283141e-02
  +9.90592882550727527047e-01-j2.57073110222122563906e-02
  +9.90465615199530358126e-01-j2.58709130801563456925e-02
  +9.90338357839626315382e-01-j2.60345567151935505801e-02
  +9.90202582517302087872e-01-j2.61937137405576954408e-02
  +9.90054593282230888107e-01-j2.63464275150840955553e-02
  +9.89906604878008189452e-01-j2.64991862833392419208e-02
  +9.89758617314948740962e-01-j2.66519900552072246114e-02
  +9.89610630603372287695e-01-j2.68048388405719914540e-02
  +9.89462644753605236048e-01-j2.69577326493173306809e-02
  +9.89314659775979987621e-01-j2.71106714913269021550e-02
  +9.89166675680834717177e-01-j2.72636553764841887970e-02
  +9.89018692478513705701e-01-j2.74166843146725243419e-02
  +9.88859923996843193095e-01-j2.75617174097488489004e-02
  +9.88688889338963372566e-01-j2.76976581312584936578e-02
  +9.88517843338267310216e-01-j2.78336449455860966695e-02
  +9.88346786001016996970e-01-j2.79696778668788205435e-02
  +9.88175717333480641003e-01-j2.81057569092870128402e-02
  +9.88004637341931557515e-01-j2.82418820869642234195e-02
  +9.87833546032649167934e-01-j2.83780534140672079102e-02
  +9.87662443411919777070e-01-j2.85142709047559068936e-02
  +9.87491329486034241647e-01-j2.86505345731934736586e-02
  +9.87310830367085889847e-01-j2.87767668713788046797e-02
  +9.87115653143078808363e-01-j2.88872862174479536068e-02
  +9.86920449594764881418e-01-j2.89978480624489623474e-02
  +9.86725219721250379479e-01-j2.91084524230726220118e-02
  +9.86529963521643793456e-01-j2.92190993160164232123e-02
  +9.86334680995057833108e-01-j2.93297887579845942274e-02
  +9.86139372140607206596e-01-j2.94405207656880767153e-02
  +9.85944036957411173994e-01-j2.95512953558445361224e-02
  +9.85748675444591326844e-01-j2.96621125451783859694e-02
  +9.85549416052508897579e-01-j2.97664509708753521888e-02
  +9.85331883566250343875e-01-j2.98401053396960130870e-02
  +9.85114309020717726639e-01-j2.99137909065212703741e-02
  +9.84896692405491380740e-01-j2.99875076859212712221e-02
  +9.84679033710148643443e-01-j3.00612556924739378339e-02
  +9.84461332924265075661e-01-j3.01350349407649847899e-02
  +9.84243590037412796612e-01-j3.02088454453879190487e-02
  +9.84025805039162482224e-01-j3.02826872209440434158e-02
  +9.83807977919081921847e-01-j3.03565602820424669528e-02
  +9.83590108666735907228e-01-j3.04304646433001084460e-02
  +9.83359953176122791874e-01-j3.04627156455640618615e-02
  +9.83127077006134997283e-01-j3.04858943247132870014e-02
  +9.82894147429509645875e-01-j3.05090829053429810069e-02
  +9.82661164428007105620e-01-j3.05322813924508162930e-02
  +9.82428127983379084753e-01-j3.05554897910374871628e-02
  +9.82195038077369408924e-01-j3.05787081061067028687e-02
  +9.81961894691713021999e-01-j3.06019363426652188376e-02
  +9.81728697808137540370e-01-j3.06251745057228089153e-02
  +9.81495447408361143538e-01-j3.06484226002922896526e-02
  +9.81262236103743190618e-01-j3.06508730873155353647e-02
  +9.81029163989737162943e-01-j3.06102673088071951246e-02
  +9.80796039981982947786e-01-j3.05696419866424082268e-02
  +9.80562864063836636674e-01-j3.05289971106647399501e-02
  +9.80329636218647215706e-01-j3.04883326707116181220e-02
  +9.80096356429757564754e-01-j3.04476486566143296486e-02
  +9.79863024680503347241e-01-j3.04069450581980378623e-02
  +9.79629640954213565252e-01-j3.03662218652817200715e-02
  +9.79396205234209893398e-01-j3.03254790676782438885e-02
  +9.79162717503808566200e-01-j3.02847166551942909019e-02
  +9.78946277271112275109e-01-j3.01949978576783774342e-02
  +9.78737581337357220868e-01-j3.00829776700563475411e-02
  +9.78528855418651755116e-01-j2.99709107587226228353e-02
  +9.78320099513769303456e-01-j2.98587971041946349804e-02
  +9.78111313621487177272e-01-j2.97466366869815063145e-02
  +9.77902497740586684749e-01-j2.96344294875841123005e-02
  +9.77693651869853241898e-01-j2.95221754864950780561e-02
  +9.77484776008075928466e-01-j2.94098746641987193740e-02
  +9.77275870154048376115e-01-j2.92975270011711017015e-02
  +9.77066934306567436153e-01-j2.91851324778800193249e-02
  +9.76908553386423017528e-01-j2.90135449818576113268e-02
  +9.76755588983591049868e-01-j2.88355791503986276514e-02
  +9.76602633535526343245e-01-j2.86575596206286656309e-02
  +9.76449687058572601828e-01-j2.84794863829665248489e-02
  +9.76296749569082078501e-01-j2.83013594278339816745e-02
  +9.76143821083415574869e-01-j2.81231787456557892624e-02
  +9.75990901617941331025e-01-j2.79449443268596810219e-02
  +9.75837991189036912942e-01-j2.77666561618763844954e-02
  +9.75685089813087436106e-01-j2.75883142411396178884e-02
  +9.75532197506486231653e-01-j2.74099185550860831306e-02
  +9.75461253128435012982e-01-j2.71909749092269295567e-02
  +9.75392731684744940246e-01-j2.69708255945337767312e-02
  +9.75324253878076308233e-01-j2.67506470654231207074e-02
  +9.75255819722234740254e-01-j2.65304393333533235222e-02
  +9.75187429231022639975e-01-j2.63102024097902169320e-02
  +9.75119082418239080390e-01-j2.60899363062071613928e-02
  +9.75050779297680469959e-01-j2.58696410340850321830e-02
  +9.74982519883139664429e-01-j2.56493166049122159333e-02
  +9.74914304188405966833e-01-j2.54289630301846002192e-02
  +9.74846132227265904646e-01-j2.52085803214055770294e-02
  +9.74864484332719216653e-01-j2.49852391167648749115e-02
  +9.74893542905418630795e-01-j2.47615479728109134927e-02
  +9.74922649892871362454e-01-j2.45378702702374884570e-02
  +9.74951805288346573519e-01-j2.43142060244244499756e-02
  +9.74981009085107097611e-01-j2.40905552507477069279e-02
  +9.75010261276407996789e-01-j2.38669179645792234323e-02
  +9.75039561855499448129e-01-j2.36432941812870327236e-02
  +9.75068910815625078392e-01-j2.34196839162351989894e-02
  +9.75098308150021741980e-01-j2.31960871847838624726e-02
  +9.75127753851920076045e-01-j2.29725040022891804914e-02
  +9.75214573715488364236e-01-j2.27729223994647296536e-02
  +9.75331395551795821142e-01-j2.25859228019494838458e-02
  +9.75448237955471975091e-01-j2.23989665915896411785e-02
  +9.75565100910960381064e-01-j2.22120537663963724118e-02
  +9.75681984402708590842e-01-j2.20251843243756302571e-02
  +9.75798888415168597099e-01-j2.18383582635281146833e-02
  +9.75915812932797055446e-01-j2.16515755818493041418e-02
  +9.76032757940055173407e-01-j2.14648362773294416883e-02
  +9.76149723421407933266e-01-j2.12781403479535627388e-02
  +9.76266709361324647176e-01-j2.10914877917014777220e-02
  +9.76399742134029913210e-01-j2.09218784231871256230e-02
  +9.76576422717859382594e-01-j2.07986140775497999056e-02
  +9.76753087022162347353e-01-j2.06753926077247740523e-02
  +9.76929735043517433191e-01-j2.05522139994733094026e-02
  +9.77106366778507706705e-01-j2.04290782385608687965e-02
  +9.77282982223720564363e-01-j2.03059853107570922881e-02
  +9.77459581375748176590e-01-j2.01829352018358040843e-02
  +9.77636164231187820839e-01-j2.00599278975750160148e-02
  +9.77812730786640327274e-01-j1.99369633837569379398e-02
  +9.77989281038712299221e-01-j1.98140416461679326476e-02
  +9.78165814984014003741e-01-j1.96911626705985921826e-02
  +9.78361885520102836367e-01-j1.96198039610016652934e-02
  +9.78565385715059465888e-01-j1.95681224220921080870e-02
  +9.78768847388403639975e-01-j1.95164613155833534253e-02
  +9.78972270550287126945e-01-j1.94648206324515918308e-02
  +9.79175655210858586486e-01-j1.94132003636776698241e-02
  +9.79379001380263125576e-01-j1.93616005002470691065e-02
  +9.79582309068643075634e-01-j1.93100210331498996219e-02
  +9.79785578286137437409e-01-j1.92584619533809030256e-02
  +9.79988809042882103029e-01-j1.92069232519394526848e-02
  +9.80192001349009300881e-01-j1.91554049198295467393e-02
  +9.80395161847759544216e-01-j1.91051697498536184050e-02
  +9.80598612643513334319e-01-j1.91177533842106610329e-02
  +9.80802022661341754706e-01-j1.91303315630440111395e-02
  +9.81005391913440272234e-01-j1.91429042888792318167e-02
  +9.81208720411999468780e-01-j1.91554715642405330722e-02
  +9.81412008169204708175e-01-j1.91680333916507475434e-02
  +9.81615255197237135398e-01-j1.91805897736313478441e-02
  +9.81818461508272788407e-01-j1.91931407127024430959e-02
  +9.82021627114482709153e-01-j1.92056862113827789273e-02
  +9.82224752028033054607e-01-j1.92182262721897444135e-02
  +9.82427836261085762892e-01-j1.92307608976393547284e-02
  +9.82628381794240723934e-01-j1.92510017847411542269e-02
  +9.82815188516434790067e-01-j1.93135326194232744001e-02
  +9.83001964744664835649e-01-j1.93760400050609800371e-02
  +9.83188710485131012184e-01-j1.94385239510609063307e-02
  +9.83375425744032805042e-01-j1.95009844668254106459e-02
  +9.83562110527568034257e-01-j1.95634215617526176223e-02
  +9.83748764841934297820e-01-j1.96258352452363706020e-02
  +9.83935388693327195320e-01-j1.96882255266662732629e-02
  +9.84121982087941771233e-01-j1.97505924154276722715e-02
  +9.84308545031971515726e-01-j1.98129359209016503440e-02
  +9.84495077531609585897e-01-j1.98752560524650574714e-02
  +9.84678620315373342997e-01-j1.99419493807495989968e-02
  +9.84841363934726765628e-01-j2.00394821304950079832e-02
  +9.85004091023384820147e-01-j2.01369832157146308460e-02
  +9.85166801580656059656e-01-j2.02344526464711023384e-02
  +9.85329495605852034856e-01-j2.03318904328239555279e-02
  +9.85492173098285961785e-01-j2.04292965848296356746e-02
  +9.85654834057273609993e-01-j2.05266711125414863526e-02
  +9.85817478482132636408e-01-j2.06240140260097737368e-02
  +9.85980106372183140451e-01-j2.07213253352816519082e-02
  +9.86142717726747108919e-01-j2.08186050504012079565e-02
  +9.86305312545149304171e-01-j2.09158531814094203471e-02
  +9.86467890826715820829e-01-j2.10130697383441866766e-02
  +9.86606946838349374573e-01-j2.11315499709323201261e-02
  +9.86744194292147214220e-01-j2.12516318735616327462e-02
  +9.86881437700506181088e-01-j2.13716809936052958008e-02
  +9.87018677058312254857e-01-j2.14916973384371573497e-02
  +9.87155912360454190768e-01-j2.16116809154302709495e-02
  +9.87293143601824518818e-01-j2.17316317319569615729e-02
  +9.87430370777318877629e-01-j2.18515497953887770366e-02
  +9.87567593881835126268e-01-j2.19714351130965157566e-02
  +9.87704812910275564697e-01-j2.20912876924502128706e-02
  +9.87842027857544824343e-01-j2.22111075408191437075e-02
  +9.87979238718551200371e-01-j2.23308946655718168484e-02
  +9.88103071145814304543e-01-j2.24584285744220228664e-02
  +9.88216559459108023766e-01-j2.25919506055561290780e-02
  +9.88330053025006760592e-01-j2.27254425695039598276e-02
  +9.88443551836592493309e-01-j2.28589044702311207369e-02
  +9.88557055886949864743e-01-j2.29923363117041680559e-02
  +9.88670565169165849184e-01-j2.31257380978906502966e-02
  +9.88784079676330307507e-01-j2.32591098327590596606e-02
  +9.88897599401534987962e-01-j2.33924515202788667334e-02
  +9.89011124337875191515e-01-j2.35257631644205135457e-02
  +9.89124654478448661621e-01-j2.36590447691553962262e-02
  +9.89238189816354585027e-01-j2.37922963384558754096e-02
  +9.89351160358172498910e-01-j2.39257238200042618437e-02
  +9.89443885759272667713e-01-j2.40664413092209900080e-02
  +9.89536622609365479342e-01-j2.42071329771039976675e-02
  +9.89629370901433658148e-01-j2.43477988247392806986e-02
  +9.89722130628461038704e-01-j2.44884388532146113349e-02
  +9.89814901783433453986e-01-j2.46290530636195346970e-02
  +9.89907684359337736169e-01-j2.47696414570453896098e-02
  +9.90000478349163604008e-01-j2.49102040345852877856e-02
  +9.90093283745900665238e-01-j2.50507407973341207630e-02
  +9.90186100542541192127e-01-j2.51912517463885599067e-02
  +9.90278928732078789210e-01-j2.53317368828470459996e-02
  +9.90371768307508393292e-01-j2.54721962078097996507e-02
  +9.90459027847041317827e-01-j2.56137181339033091765e-02
  +9.90534245330969231880e-01-j2.57575639790282306940e-02
  +9.90609478047406954992e-01-j2.59013884813095243698e-02
  +9.90684725990073733470e-01-j2.60451916397936439340e-02
  +9.90759989152688480551e-01-j2.61889734535289339656e-02
  +9.90835267528971996853e-01-j2.63327339215657305060e-02
  +9.90910561112644416859e-01-j2.64764730429563055480e-02
  +9.90985869897427429365e-01-j2.66201908167548670359e-02
  +9.91061193877042612144e-01-j2.67638872420175796818e-02
  +9.91136533045213097282e-01-j2.69075623178025649662e-02
  +9.91211887395661905842e-01-j2.70512160431698525653e-02
  +9.91287256922113280133e-01-j2.71948484171814705568e-02
  +9.91356332294488051815e-01-j2.73388398233553320260e-02
  +9.91417046569649573762e-01-j2.74833179157590902497e-02
  +9.91477778191324765622e-01-j2.76277787752592651760e-02
  +9.91538527154252391504e-01-j2.77722223996047234973e-02
  +9.91599293453171659607e-01-j2.79166487865461221407e-02
  +9.91660077082821667105e-01-j2.80610579338358666346e-02
  +9.91720878037941400152e-01-j2.82054498392282082531e-02
  +9.91781696313269400811e-01-j2.83498245004791295243e-02
  +9.91842531903545099325e-01-j2.84941819153464136194e-02
  +9.91903384803506926737e-01-j2.86385220815896339441e-02
  +9.91964255007894202265e-01-j2.87828449969701472000e-02
  +9.92025142511445356952e-01-j2.89271506592510864453e-02
  +9.92081646098448843851e-01-j2.90712106598169442440e-02
  +9.92130441915903715788e-01-j2.92148548900685554874e-02
  +9.92179256110904739252e-01-j2.93584854222179204852e-02
  +9.92228088679215636247e-01-j2.95021022532590201926e-02
  +9.92276939616599906735e-01-j2.96457053801873100796e-02
  +9.92325808918820384541e-01-j2.97892947999997548258e-02
  +9.92374696581638793269e-01-j2.99328705096948005648e-02
  +9.92423602600817078567e-01-j3.00764325062724061088e-02
  +9.92472526972116630972e-01-j3.02199807867340290712e-02
  +9.92521469691298618976e-01-j3.03635153480826154582e-02
  +9.92570430754122878803e-01-j3.05070361873226100768e-02
  +9.92619410156349579744e-01-j3.06505433014599600050e-02
  +9.92667266272310055975e-01-j3.07938691170038490730e-02
  +9.92706283109656917318e-01-j3.09358826818134022285e-02
  +9.92745318688291189524e-01-j3.10778854916484159610e-02
  +9.92784373004888753833e-01-j3.12198775431079648957e-02
  +9.92823446056125713532e-01-j3.13618588327922998005e-02
  +9.92862537838676617596e-01-j3.15038293573028996275e-02
  +9.92901648349215792955e-01-j3.16457891132424229408e-02
  +9.92940777584416678359e-01-j3.17877380972147044469e-02
  +9.92979925540952046426e-01-j3.19296763058248139755e-02
  +9.93019092215493781595e-01-j3.20716037356789593349e-02
  +9.93058277604713435238e-01-j3.22135203833846042731e-02
  +9.93097481705281337483e-01-j3.23554262455503643947e-02
  +9.93136704513867374366e-01-j3.24973213187860696105e-02
  +9.93170317177853312351e-01-j3.26379323628078546471e-02
  +9.93201306489381874343e-01-j3.27779370426762584056e-02
  +9.93232314513281866475e-01-j3.29179333779255969827e-02
  +9.93263341246998110456e-01-j3.30579213649849976142e-02
  +9.93294386687973984706e-01-j3.31979010002845312255e-02
  +9.93325450833652090488e-01-j3.33378722802551430426e-02
  +9.93356533681474029862e-01-j3.34778352013287427980e-02
  +9.93387635228881293870e-01-j3.36177897599381422800e-02
  +9.93418755473313264126e-01-j3.37577359525170483945e-02
  +9.93449894412209433270e-01-j3.38976737755001533703e-02
  +9.93481052043008516783e-01-j3.40376032253230029201e-02
  +9.93512228363147564814e-01-j3.41775242984221003240e-02
  +9.93543014990784456586e-01-j3.43173183559547373411e-02
  +9.93567343073596731529e-01-j3.44552234756923606018e-02
  +9.93591689631423746754e-01-j3.45931222218795464407e-02
  +9.93616054662341485759e-01-j3.47310145909061895875e-02
  +9.93640438164423156486e-01-j3.48689005791628370279e-02
  +9.93664840135743077099e-01-j3.50067801830407643315e-02
  +9.93689260574373012247e-01-j3.51446533989319062630e-02
  +9.93713699478384282493e-01-j3.52825202232288914761e-02
  +9.93738156845847875331e-01-j3.54203806523250494531e-02
  +9.93762632674833334967e-01-j3.55582346826144035656e-02
  +9.93787126963409206404e-01-j3.56960823104916433191e-02
  +9.93811639709643590557e-01-j3.58339235323521659859e-02
  +9.93836170911603256073e-01-j3.59717583445920557894e-02
  +9.93859288238519877901e-01-j3.61091025954197661352e-02
  +9.93878071026412346356e-01-j3.62449701544623609228e-02
  +9.93896871951317595340e-01-j3.63808329504513930375e-02
  +9.93915691011822088896e-01-j3.65166909798104594165e-02
  +9.93934528206511846982e-01-j3.66525442389636080254e-02
  +9.93953383533971779329e-01-j3.67883927243354558190e-02
  +9.93972256992785463403e-01-j3.69242364323510777191e-02
  +9.93991148581536476669e-01-j3.70600753594360482479e-02
  +9.94010058298806620236e-01-j3.71959095020164554057e-02
  +9.94028986143177362145e-01-j3.73317388565189145488e-02
  +9.94047932113228727147e-01-j3.74675634193704851227e-02
  +9.94066896207540073860e-01-j3.76033831869987747454e-02
  +9.94085878424689983746e-01-j3.77391981558318767576e-02
  +9.94103686059492508420e-01-j3.78745714285595863613e-02
  +9.94117786333122865905e-01-j3.80085761658089660298e-02
  +9.94131904377479336254e-01-j3.81425774695340336073e-02
  +9.94146040191564606125e-01-j3.82765753362270047533e-02
  +9.94160193774380696041e-01-j3.84105697623804559493e-02
  +9.94174365124928738346e-01-j3.85445607444873244996e-02
  +9.94188554242208977207e-01-j3.86785482790408877141e-02
  +9.94202761125220657590e-01-j3.88125323625347698475e-02
  +9.94216985772962136281e-01-j3.89465129914629143437e-02
  +9.94231228184430437800e-01-j3.90804901623196809801e-02
  +9.94245488358622475644e-01-j3.92144638715997348455e-02
  +9.94259766294533720021e-01-j3.93484341157980671566e-02
  +9.94274061991158530915e-01-j3.94824008914100924028e-02
  +9.94288200763041474239e-01-j3.96162992420399789895e-02
  +9.94298290466726131243e-01-j3.97486826179010224735e-02
  +9.94308397589948600448e-01-j3.98810636728770678827e-02
  +9.94318522132053295159e-01-j4.00134424035410857234e-02
  +9.94328664092384628681e-01-j4.01458188064662963024e-02
  +9.94338823470285126938e-01-j4.02781928782261142152e-02
  +9.94349000265097204831e-01-j4.04105646153942038579e-02
  +9.94359194476162167042e-01-j4.05429340145444377930e-02
  +9.94369406102819985982e-01-j4.06753010722509106278e-02
  +9.94379635144410189973e-01-j4.08076657850879667699e-02
  +9.94389881600271641204e-01-j4.09400281496301587936e-02
  +9.94400145469741536530e-01-j4.10723881624522682565e-02
  +9.94410426752156850760e-01-j4.12047458201292918223e-02
  +9.94420725446853337459e-01-j4.13371011192364967712e-02
  +9.94428657109200808684e-01-j4.14686188132813299267e-02
  +9.94435268328048294073e-01-j4.15996664082104242177e-02
  +9.94441896657363821888e-01-j4.17307126278566378752e-02
  +9.94448542096777132748e-01-j4.18617574688718990794e-02
  +9.94455204645917523187e-01-j4.19928009279082678495e-02
  +9.94461884304413512581e-01-j4.21238430016179429827e-02
  +9.94468581071892065992e-01-j4.22548836866532481760e-02
  +9.94475294947979926441e-01-j4.23859229796666112100e-02
  +9.94482025932302504678e-01-j4.25169608773105778265e-02
  +9.94488774024484878389e-01-j4.26479973762378741786e-02
  +9.94495539224150904012e-01-j4.27790324731012611137e-02
  +9.94502321530922883674e-01-j4.29100661645537215239e-02
  +9.94509120944424229727e-01-j4.30410984472482868735e-02
  +9.94515811282058015408e-01-j4.31720917311654642234e-02
  +9.94519309523883898727e-01-j4.33021281457370774137e-02
  +9.94522824628409574110e-01-j4.34321640149078480597e-02
  +9.94526356595511362713e-01-j4.35621993353978304020e-02
  +9.94529905425063587288e-01-j4.36922341039271480700e-02
  +9.94533471116941014678e-01-j4.38222683172159316323e-02
  +9.94537053671016524348e-01-j4.39523019719843532904e-02
  +9.94540653087162995760e-01-j4.40823350649526060629e-02
  +9.94544269365251309978e-01-j4.42123675928409731739e-02
  +9.94547902505153014197e-01-j4.43423995523697378474e-02
  +9.94551552506737657211e-01-j4.44724309402592110629e-02
  +9.94555219369874232704e-01-j4.46024617532297662503e-02
  +9.94558903094430846181e-01-j4.47324919880018184726e-02
  +9.94562603680275159057e-01-j4.48625216412958036094e-02
  +9.94565616961932130735e-01-j4.49924018898091096497e-02
  +9.94566286301230784161e-01-j4.51217831215840678438e-02
  +9.94566972329730902835e-01-j4.52511645539757575984e-02
  +9.94567675047526633669e-01-j4.53805461837559695470e-02
  +9.94568394454710902330e-01-j4.55099280076964388120e-02
  +9.94569130551376634486e-01-j4.56393100225688796989e-02
  +9.94569883337615312513e-01-j4.57686922251449510024e-02
  +9.94570652813517863677e-01-j4.58980746121962698836e-02
  +9.94571438979173882977e-01-j4.60274571804944396258e-02
  +9.94572241834672632343e-01-j4.61568399268110149403e-02
  +9.94573061380102707574e-01-j4.62862228479175089046e-02
  +9.94573897615551150153e-01-j4.64156059405853929634e-02
  +9.94574750541105001567e-01-j4.65449892015861385608e-02
  +9.94575620156849748987e-01-j4.66743726276911199968e-02
  +9.94575887407285752495e-01-j4.68037001339153477253e-02
  +9.94573887970253145419e-01-j4.69328213993709317253e-02
  +9.94571905135479328308e-01-j4.70619435661722360087e-02
  +9.94569938903262285024e-01-j4.71910666311220125535e-02
  +9.94567989273899111247e-01-j4.73201905910228953767e-02
  +9.94566056247686014480e-01-j4.74493154426774352284e-02
  +9.94564139824918647115e-01-j4.75784411828880302031e-02
  +9.94562240005891551320e-01-j4.77075678084570298232e-02
  +9.94560356790898936197e-01-j4.78366953161866309552e-02
  +9.94558490180233456535e-01-j4.79658237028789333212e-02
  +9.94556640174187434056e-01-j4.80949529653359672543e-02
  +9.94554806773052191282e-01-j4.82240831003595826765e-02
  +9.94552989977118828691e-01-j4.83532141047515878762e-02
  +9.94551189786676448357e-01-j4.84823459753136593031e-02
  +9.94549406202014485423e-01-j4.86114787088473762622e-02
  +9.94544832934233680177e-01-j4.87407812371161777709e-02
  +9.94540234420299373852e-01-j4.88700878718836134729e-02
  +9.94535652521527757663e-01-j4.89993960953997650942e-02
  +9.94531087238417765839e-01-j4.91287059044737128843e-02
  +9.94526538571467222383e-01-j4.92580172959143358646e-02
  +9.94522006521173063121e-01-j4.93873302665303465231e-02
  +9.94517491088032223878e-01-j4.95166448131302769364e-02
  +9.94512992272539420036e-01-j4.96459609325224995868e-02
  +9.94508510075190033106e-01-j4.97752786215151926674e-02
  +9.94504044496477335180e-01-j4.99045978769163608990e-02
  +9.94499595536894709369e-01-j5.00339186955338285911e-02
  +9.94495163196934206518e-01-j5.01632410741752673977e-02
  +9.94490747477087544404e-01-j5.02925650096481408058e-02
  +9.94486348377844997515e-01-j5.04218904987597665857e-02
  +9.94480385261122812324e-01-j5.05515818948147205303e-02
  +9.94473106373174875472e-01-j5.06815825818159315652e-02
  +9.94465844228084150380e-01-j5.08115855770747970599e-02
  +9.94458598826562845119e-01-j5.09415908773784009700e-02
  +9.94451370169321724468e-01-j5.10715984795135635732e-02
  +9.94444158257070776052e-01-j5.12016083802668484082e-02
  +9.94436963090519654429e-01-j5.13316205764245761523e-02
  +9.94429784670376237798e-01-j5.14616350647728384993e-02
  +9.94422622997348626406e-01-j5.15916518420974357095e-02
  +9.94415478072143699251e-01-j5.17216709051839321210e-02
  +9.94408349895467336133e-01-j5.18516922508176630879e-02
  +9.94401238468024861739e-01-j5.19817158757836933480e-02
  +9.94394143790520379511e-01-j5.21117417768668308997e-02
  +9.94387065863657881870e-01-j5.22417699508516547580e-02
  +9.94380004688139695901e-01-j5.23718003945224871987e-02
  +9.94370205994857814247e-01-j5.25029469795989453540e-02
  +9.94360055528711872519e-01-j5.26342457550674214239e-02
  +9.94349922069883485065e-01-j5.27655476326557779099e-02
  +9.94339805619325334263e-01-j5.28968526090957333330e-02
  +9.94329706177989658400e-01-j5.30281606811186800865e-02
  +9.94319623746826697364e-01-j5.31594718454556705578e-02
  +9.94309558326787135130e-01-j5.32907860988374310063e-02
  +9.94299509918819657273e-01-j5.34221034379943407466e-02
  +9.94289478523873282434e-01-j5.35534238596564113322e-02
  +9.94279464142895474943e-01-j5.36847473605533767604e-02
  +9.94269466776832921973e-01-j5.38160739374146102065e-02
  +9.94259486426631755585e-01-j5.39474035869691379008e-02
  +9.94249523093236775573e-01-j5.40787363059456668846e-02
  +9.94239576777592892753e-01-j5.42100720910725572543e-02
  +9.94229647480643130564e-01-j5.43414109390778568565e-02
</dep>
<dep S[2,1] frequency>
  -1.96398146842723526602e-04-j3.79392452009260074618e-05
  -9.71516765997275036229e-05-j1.88866772426977283321e-05
  -6.40501338202704555971e-05-j1.25351643614817487835e-05
  -4.74968204423837365015e-05-j9.35694621552647054995e-06
  -3.75647341976431198762e-05-j7.44774511733698183272e-06
  -3.09438091132242812050e-05-j6.17297935279539239530e-06
  -2.62151843848200060924e-05-j5.26072891085230946761e-06
  -2.26693438038097174652e-05-j4.57504813933671471523e-06
  -1.99120777030057577244e-05-j4.04041738286601754719e-06
  -1.77068449076010799698e-05-j3.61152744304660479441e-06
  -1.59031115292332364932e-05-j3.25954650064855110220e-06
  -1.44005174800758910898e-05-j2.96525405778765541417e-06
  -1.31295802905626000381e-05-j2.71534403503451091461e-06
  -1.20406681492580936403e-05-j2.50031235032058812834e-06
  -1.10973834429949957459e-05-j2.31318951339663472804e-06
  -1.02724273194391762051e-05-j2.14874852363635574588e-06
  -9.54492373334116146223e-06-j2.00299234551149079871e-06
  -8.89863542929545472970e-06-j1.87281223453197756372e-06
  -8.32074326977110402103e-06-j1.75575396520385771443e-06
  -7.80099174722995606442e-06-j1.64985419255577381894e-06
  -7.33107862414280081774e-06-j1.55352357106330479458e-06
  -6.90421102790162864900e-06-j1.46546174943455885806e-06
  -6.51477734190651979694e-06-j1.38459454312599662879e-06
  -6.15810112068086646964e-06-j1.31002681378682766357e-06
  -5.83025406323362081225e-06-j1.24100665740305656782e-06
  -5.52791214461904900114e-06-j1.17689785794314542376e-06
  -5.24824371719951530247e-06-j1.11715846226333593784e-06
  -4.98882158950788673303e-06-j1.06132394578312393468e-06
  -4.74755329489734613111e-06-j1.00899386206378726309e-06
  -4.52262530620939227417e-06-j9.59821161757482616461e-07
  -4.31245804707954377271e-06-j9.13503579812186203833e-07
  -4.11566933861931807996e-06-j8.69776636463362885421e-07
  -3.93104449174045149275e-06-j8.28407911968008717619e-07
  -3.75751167730860706088e-06-j7.89192330910543712168e-07
  -3.59412151834407108265e-06-j7.51948255517291255974e-07
  -3.44003008354907053630e-06-j7.16514229567733246018e-07
  -3.29448463847156308072e-06-j6.82746250784603970268e-07
  -3.15681164650713439929e-06-j6.50515473620646207172e-07
  -3.02640661583405927025e-06-j6.19706265602217594306e-07
  -2.90272546926360906883e-06-j5.90214555245020104091e-07
  -2.78527717701180885059e-06-j5.61946421821681158525e-07
  -2.67361744194533002540e-06-j5.34816886424080704060e-07
  -2.56734326590288725010e-06-j5.08748871886778201682e-07
  -2.46608825706241114022e-06-j4.83672304081378937705e-07
  -2.36951856275292518120e-06-j4.59523334165005457927e-07
  -2.27732933301490501421e-06-j4.36243661024185477053e-07
  -2.18924163551914192373e-06-j4.13779940710086497484e-07
  -2.10499975599711090728e-06-j3.92083270305420126986e-07
  -2.02436882946954504000e-06-j3.71108733740363072893e-07
  -1.94713275550026854497e-06-j3.50815003307308734088e-07
  -1.87325305628593512568e-06-j3.31289011519105739490e-07
  -1.80335855823822630233e-06-j3.13131777608547789609e-07
  -1.73717896388220524150e-06-j2.96233467632000798776e-07
  -1.67450761646095078862e-06-j2.80524199935010300668e-07
  -1.61515781981032020476e-06-j2.65941104975849392566e-07
  -1.55881650082347350758e-06-j2.52326242352803632119e-07
  -1.50529048265047853110e-06-j2.39604900067580141587e-07
  -1.45440124030571647670e-06-j2.27708676614231030845e-07
  -1.40598360140027990536e-06-j2.16574899136046881369e-07
  -1.35993720324126024073e-06-j2.06179851925337436912e-07
  -1.31606367317335506315e-06-j1.96433514065291636695e-07
  -1.27422446678269511555e-06-j1.87283323379462611605e-07
  -1.23429823618515053797e-06-j1.78685719932960868814e-07
  -1.19617214109135857253e-06-j1.70600644678966032205e-07
  -1.15974115945707634547e-06-j1.62991236878231542338e-07
  -1.12490746279072705165e-06-j1.55823559720581590200e-07
  -1.09157984905838547092e-06-j1.49066352041741465254e-07
  -1.05967322726159147973e-06-j1.42690802366308172878e-07
  -1.02910814809293003631e-06-j1.36670344553703633755e-07
  -9.99810376225588052891e-07-j1.30980470764150280218e-07
  -9.71710499752741260201e-07-j1.25598562037929643614e-07
  -9.44743573276804562355e-07-j1.20503733237678175431e-07
  -9.18848791161553172030e-07-j1.15676692264701943718e-07
  -8.93969188236032582924e-07-j1.11099610540293647301e-07
  -8.70051365087801331443e-07-j1.06756005505944371299e-07
  -8.47082977680031069401e-07-j1.02649257528411380187e-07
  -8.24982461196226034716e-07-j9.87475643147590828656e-08
  -8.03704128984071942047e-07-j9.50370668129887943590e-08
  -7.83206233990196050878e-07-j9.15055187154410427484e-08
  -7.63449540348310637814e-07-j8.81415832793243002214e-08
  -7.44397154310147964002e-07-j8.49347618489732010769e-08
  -7.26025978700205415909e-07-j8.18806303577505839825e-08
  -7.08334934573493869393e-07-j7.89840923966027864902e-08
  -6.91250164932866936819e-07-j7.62167911541133265797e-08
  -6.74742522755679658538e-07-j7.35709169765852109875e-08
  -6.58784543850435467872e-07-j7.10392293659570795245e-08
  -6.43373727446166283650e-07-j6.86250534123297238116e-08
  -6.28499983888429711501e-07-j6.63276962305008317518e-08
  -6.14101813364544225411e-07-j6.41246145394524567493e-08
  -6.00157371645974047951e-07-j6.20104294339730475504e-08
  -5.86667393003468405874e-07-j5.99889071507298856907e-08
  -5.73634143502272832007e-07-j5.80637315936314803533e-08
  -5.60994887425603551716e-07-j5.62121414888839013771e-08
  -5.48732177630397044675e-07-j5.44301535800079654234e-08
  -5.36878383303634561843e-07-j5.27332070063832895094e-08
  -5.25385815390492228278e-07-j5.11045255593399843102e-08
  -5.14221366122492703685e-07-j4.95336463876694818117e-08
  -5.03401025093115635907e-07-j4.80290351902617192255e-08
  -4.92918600854762757912e-07-j4.65900095152340037020e-08
  -4.82722730068537486340e-07-j4.51990523000752023705e-08
  -4.72827265757159109751e-07-j4.38633492520784832782e-08
  -4.63237002594418382094e-07-j4.25860798454886311685e-08
  -4.53897538666604259536e-07-j4.13488528886538245685e-08
  -4.44832012422543113311e-07-j4.01617697656351738437e-08
  -4.36031687021843708394e-07-j3.90228200874489721647e-08
  -4.27451344540206099179e-07-j3.79172997742692708035e-08
  -4.19132444493980396615e-07-j3.68612171880528233644e-08
  -4.11033263912747907177e-07-j3.58408780377707184289e-08
  -4.03134059438841990479e-07-j3.48507916435518122508e-08
  -3.95481829559226672027e-07-j3.39081007641441827883e-08
  -3.88006486238465241665e-07-j3.29897796477682994719e-08
  -3.80739289577302844145e-07-j3.21075607532051066505e-08
  -3.73664355971506868175e-07-j3.12568132499242012369e-08
  -3.66752405123016303052e-07-j3.04288334790272976968e-08
  -3.60050202658335119144e-07-j2.96397847231988744357e-08
  -3.53490794618740090485e-07-j2.88684762981969204165e-08
  -3.47117054864294321968e-07-j2.81296908108021302440e-08
  -3.40892789242685880865e-07-j2.74123087018306814124e-08
  -3.34821491792967931331e-07-j2.67182882802012424592e-08
  -3.28909833182586026544e-07-j2.60502325991186883872e-08
  -3.23123334361126165735e-07-j2.53980248730420744973e-08
  -3.17503460621731800429e-07-j2.47751060777499740025e-08
  -3.11989625023503939455e-07-j2.41632838512794313878e-08
  -3.06638023898885842587e-07-j2.35803788606172660472e-08
  -3.01387818405550269670e-07-j2.30082555525750309733e-08
  -2.96280456730606273368e-07-j2.24600398269740587427e-08
  -2.91276796182466589500e-07-j2.19243191213363289352e-08
  -2.86400060185410829887e-07-j2.14085696066757066515e-08
  -2.81627115017478344320e-07-j2.09062453958816439556e-08
  -2.76968308924746553755e-07-j2.04208977806417851436e-08
  -2.72411402994814460321e-07-j1.99492281408170126705e-08
  -2.67958675551154951709e-07-j1.94923639120629521898e-08
  -2.63604193320314741504e-07-j1.90488475070967663547e-08
  -2.59346471117720228369e-07-j1.86186824142409540131e-08
  -2.55181773220633195299e-07-j1.82010369653320405023e-08
  -2.51108700150903445023e-07-j1.77959103023041303229e-08
  -2.47122046478526038099e-07-j1.74020532249896752252e-08
  -2.43223928631110787350e-07-j1.70204183998517400229e-08
  -2.39404408194223637613e-07-j1.66484490314402967612e-08
  -2.35672163688779243891e-07-j1.62888646259889768952e-08
  -2.32009630572393160409e-07-j1.59370481521338781557e-08
  -2.28434743785938169257e-07-j1.55981699684651218996e-08
  -2.24919758603722019105e-07-j1.52649227844918589724e-08
  -2.21494238369764663839e-07-j1.49454965640869431884e-08
  -2.18118014691635375389e-07-j1.46293728776898482484e-08
  -2.14834356078611431348e-07-j1.43282276364586926510e-08
  -2.11595775158585044119e-07-j1.40297483286065953096e-08
  -2.08439860676275049807e-07-j1.37439491203380096682e-08
  -2.05333645406941852223e-07-j1.34624619830920710130e-08
  -2.02296493960505969532e-07-j1.31904331318152507504e-08
  -1.99316164268926921189e-07-j1.29249306678423819241e-08
  -1.96390905024749959555e-07-j1.26656226344301550673e-08
  -1.93530359313516452389e-07-j1.24151624157590656690e-08
  -1.90710585264360964377e-07-j1.21676174677672537306e-08
  -1.87964074316320330097e-07-j1.19313175065076711442e-08
  -1.85253059512411443435e-07-j1.16969515806060688521e-08
  -1.82605911570989233107e-07-j1.14716961283053769209e-08
  -1.80001666707995538431e-07-j1.12505257259326931937e-08
  -1.77445178766100824106e-07-j1.10347270274816314714e-08
  -1.74942700623070345969e-07-j1.08259888934906115865e-08
  -1.72471840021939065979e-07-j1.06189570938140805521e-08
  -1.70066403499289276716e-07-j1.04219358017025891639e-08
  -1.67690700954912558507e-07-j1.02264337659238837501e-08
  -1.65363610629820412887e-07-j1.00370665785603773695e-08
  -1.63078986584382512112e-07-j9.85250243258598364096e-09
  -1.60825710037302927822e-07-j9.67017819618035832190e-09
  -1.58628029885741620434e-07-j9.49593044007155091668e-09
  -1.56456697044024029913e-07-j9.32297038744859530951e-09
  -1.54329955985402980727e-07-j9.15564202489242832387e-09
  -1.52240354280898762649e-07-j8.99232382196727277492e-09
  -1.50177357003145463473e-07-j8.83064093056441079510e-09
  -1.48165855375720106604e-07-j8.67642332240506900279e-09
  -1.46177763163643841464e-07-j8.52329852949088852163e-09
  -1.44226418425296293116e-07-j8.37437843688286774249e-09
  -1.42311853339271271723e-07-j8.22976859426600774823e-09
  -1.40419186724308852858e-07-j8.08615733206084317441e-09
  -1.38571419607954101217e-07-j7.94879652265103765922e-09
  -1.36748034024900431632e-07-j7.81315736366682192410e-09
  -1.34950609267412999474e-07-j7.67964516750264560994e-09
  -1.33193526017740306883e-07-j7.55153876511486099796e-09
  -1.31455977461089589867e-07-j7.42428100546242307761e-09
  -1.29750296333479937404e-07-j7.30064382968053667496e-09
  -1.28075305617417252471e-07-j7.18044574456529127863e-09
  -1.26418630711021131180e-07-j7.06102379511041510168e-09
  -1.24798213563179377339e-07-j6.94633903147455267796e-09
  -1.23200609198972966301e-07-j6.83353730248823696224e-09
  -1.21620191723675149611e-07-j6.72144554291567369786e-09
  -1.20079060507270858561e-07-j6.61487671728845323178e-09
  -1.18554462369970609947e-07-j6.50899665572619121747e-09
  -1.17049721450458791389e-07-j6.40455743725648244095e-09
  -1.15578640704322582964e-07-j6.30455492092275813332e-09
  -1.14122967909698941105e-07-j6.20515611303124382963e-09
  -1.12688811868773583173e-07-j6.10768938652309229323e-09
  -1.11283770732578803362e-07-j6.01381047675585430592e-09
  -1.09893217384856536423e-07-j5.92048391750102894934e-09
  -1.08524817013418098968e-07-j5.82934663620436539615e-09
  -1.07182197795664435409e-07-j5.74120694049789147265e-09
  -1.05853211003886504206e-07-j5.65357259469670267831e-09
  -1.04546101563622391191e-07-j5.56818150537274462556e-09
  -1.03262524933594456983e-07-j5.48542366113647754118e-09
  -1.01991784871906071383e-07-j5.40312809104118475327e-09
  -1.00741836696154426373e-07-j5.32295426559254998651e-09
  -9.95141430635832324607e-08-j5.24524583483482114415e-09
  -9.82985448423749799232e-08-j5.16796021158946964325e-09
  -9.71019365646696944826e-08-j5.09252395243874281582e-09
  -9.59271691451708065443e-08-j5.01955547156654345813e-09
  -9.47638063221095817528e-08-j4.94697362358949063395e-09
  -9.36170004574497356073e-08-j4.87583995218329646262e-09
  -9.24923898448460937065e-08-j4.80732322440635201128e-09
  -9.13785393968986444028e-08-j4.73915991028136115566e-09
  -9.02782600549077590083e-08-j4.67193440926441890290e-09
  -8.92012101550844136778e-08-j4.60760086826681388046e-09
  -8.81343187666812998996e-08-j4.54359021361436064821e-09
  -8.70775312855891092607e-08-j4.47991526743416700609e-09
  -8.60456064703805584849e-08-j4.41951450725287425250e-09
  -8.50232780068114111540e-08-j4.35940857037114062016e-09
  -8.40104133914658306677e-08-j4.29959344961403494228e-09
  -8.30180836917908324819e-08-j4.24225831056140118361e-09
  -8.20380677426864171629e-08-j4.18582574720226764843e-09
  -8.10669989428949613192e-08-j4.12965859509117353534e-09
  -8.01116359627615458379e-08-j4.07508890854342111399e-09
  -7.91718173486476288443e-08-j4.02211377646765068304e-09
  -7.82404622520419718635e-08-j3.96938065215106374171e-09
  -7.73197107021340521330e-08-j3.91732016535284679838e-09
  -7.64180998542625503757e-08-j3.86760081261096029619e-09
  -7.55244995183942673251e-08-j3.81810188402149858467e-09
  -7.46388039576463951114e-08-j3.76882050106241296664e-09
  -7.37708997490877054135e-08-j3.72166644971146837710e-09
  -7.29132097742583277984e-08-j3.67521503397519969486e-09
  -7.20630068668147102933e-08-j3.62896158434574126369e-09
  -7.12245834145635474075e-08-j3.58373754039640901505e-09
  -7.04010660160714814679e-08-j3.54015916209634645571e-09
  -6.95846438044428992431e-08-j3.49676062943478246632e-09
  -6.87752259230586551404e-08-j3.45353969865914555771e-09
  -6.79828886667322813168e-08-j3.41241578562552993330e-09
  -6.71986326721887175273e-08-j3.37171044231166709286e-09
  -6.64210189146081327604e-08-j3.33116621575895349291e-09
  -6.56538211556363609162e-08-j3.29150538481812196435e-09
  -6.49002078080793862478e-08-j3.25334196148704150984e-09
  -6.41528964816074477275e-08-j3.21532441359162981799e-09
  -6.34118088205176038829e-08-j3.17745094257529042772e-09
  -6.26848980046061476936e-08-j3.14122119002154532726e-09
  -6.19664707426393506680e-08-j3.10558996957580678490e-09
  -6.12539521812576243136e-08-j3.07008890259457995042e-09
  -6.05485062525543906613e-08-j3.03494624356518726567e-09
  -5.98576225363085829343e-08-j3.00156999748378854801e-09
  -5.91723511682165062901e-08-j2.96831105214381018009e-09
  -5.84926243366994336462e-08-j2.93516798478718165576e-09
  -5.78224831405730039321e-08-j2.90290055716494100809e-09
  -5.71632085804061202590e-08-j2.87176176658141994356e-09
  -5.65092037005100598040e-08-j2.84072707722540067693e-09
  -5.58604058386656235858e-08-j2.80979527311067408859e-09
  -5.52229561949581953705e-08-j2.78011134280380023862e-09
  -5.45935057101378812070e-08-j2.75107175227524075184e-09
  -5.39690070704759641870e-08-j2.72212424988673438105e-09
  -5.33494023129075952719e-08-j2.69326778057146039559e-09
  -5.27422374915049259101e-08-j2.66590326547292731457e-09
  -5.21409467272433040365e-08-j2.63883482942361960309e-09
  -5.15443127182042867869e-08-j2.61184753138614686773e-09
  -5.09523019328459926900e-08-j2.58494413224470344556e-09
  -5.03731844940925785514e-08-j2.55965627388688401968e-09
  -4.97985000903467320089e-08-j2.53444033884945468783e-09
  -4.92281982118609919115e-08-j2.50929551791338800642e-09
  -4.86628595360375761852e-08-j2.48433679984235089202e-09
  -4.81091560036390794874e-08-j2.46080073152861712292e-09
  -4.75596267673265218357e-08-j2.43732730507834122946e-09
  -4.70142249772950789322e-08-j2.41391583591373971802e-09
  -4.64736367359166104528e-08-j2.39070015754916839541e-09
  -4.59439721521961657379e-08-j2.36881313041270883852e-09
  -4.54182410360256256512e-08-j2.34698025151979193932e-09
  -4.48963998917949909276e-08-j2.32520094198877488280e-09
  -4.43787903462870360907e-08-j2.30354532849724035536e-09
  -4.38718780364613453670e-08-j2.28321209352537224228e-09
  -4.33686748425049189668e-08-j2.26292524058069077186e-09
  -4.28691403473432207737e-08-j2.24268425762939125846e-09
  -4.23732347180519251658e-08-j2.22248867151522894395e-09
  -4.18875106108527324974e-08-j2.20355481876991364043e-09
  -4.14056453441790892663e-08-j2.18472635008015197870e-09
  -4.09272424276469280732e-08-j2.16593669890102009170e-09
  -4.04522648059122789463e-08-j2.14718546663255412589e-09
  -3.99858685223805734851e-08-j2.12943374278451314644e-09
  -3.95242253246789843007e-08-j2.11198244054592234296e-09
  -3.90658518929803050983e-08-j2.09456348263197129658e-09
  -3.86107137273278344028e-08-j2.07717651394140976115e-09
  -3.81622845898852711306e-08-j2.06047354014303242250e-09
  -3.77198161981629383168e-08-j2.04432417394288252862e-09
  -3.72804376975364866000e-08-j2.02820117761636198793e-09
  -3.68441169384835007923e-08-j2.01210426598993499995e-09
  -3.64124006729404959671e-08-j1.99632836769129863618e-09
  -3.59881233510410264846e-08-j1.98141128652904369495e-09
  -3.55667677902068554184e-08-j1.96651506189304405158e-09
  -3.51483040061490116263e-08-j1.95163947781897686348e-09
  -3.47327024239376822953e-08-j1.93678432201494147308e-09
  -3.43251335983607340466e-08-j1.92293007538833122957e-09
  -3.39208869886671327886e-08-j1.90919661913059866383e-09
  -3.35193768871651082234e-08-j1.89547877801643050441e-09
  -3.31205756848056199063e-08-j1.88177637294414616263e-09
  -3.27270945537814879640e-08-j1.86859113037212159638e-09
  -3.23390967248154964496e-08-j1.85596131105652399926e-09
  -3.19536900443768865021e-08-j1.84334242408730309133e-09
  -3.15708487153006261581e-08-j1.83073437563504629857e-09
  -3.11905472831299698338e-08-j1.81813705494838672348e-09
  -3.08179365001137668008e-08-j1.80654640004042620011e-09
  -3.04478322285853289446e-08-j1.79497226562519459911e-09
  -3.00801588093063109739e-08-j1.78340467704069996803e-09
  -2.97148924371917977747e-08-j1.77184357347963195972e-09
  -2.93541668821954580449e-08-j1.76070907225118982757e-09
  -2.89986097841190604936e-08-j1.75012975585146816401e-09
  -2.86453574359089667188e-08-j1.73955299931759499933e-09
  -2.82943875581349263303e-08-j1.72897878744256676744e-09
  -2.79456781585337841948e-08-j1.71840709609025863209e-09
  -2.76030313329887279315e-08-j1.70859419035805530502e-09
  -2.72634951913067979988e-08-j1.69896269498336602316e-09
  -2.69261246318676086109e-08-j1.68933005601899773129e-09
  -2.65908990537715115669e-08-j1.67969628044199597113e-09
  -2.62582937259190976035e-08-j1.67016101628424155853e-09
  -2.59318079945194637734e-08-j1.66143304484733713741e-09
  -2.56073781066554839854e-08-j1.65270048501833971076e-09
  -2.52849847507254658858e-08-j1.64396337323851394116e-09
  -2.49646088559298170321e-08-j1.63522175482871480667e-09
  -2.46477044159065360953e-08-j1.62677769439938954456e-09
  -2.43355924375619037913e-08-j1.61890738337720169167e-09
  -2.40254151033212261497e-08-j1.61102931780622089598e-09
  -2.37171545207247764890e-08-j1.60314356235177875321e-09
  -2.34107930172070579366e-08-j1.59525018627718604011e-09
  -2.31083706561300608758e-08-j1.58778075763852647382e-09
  -2.28098261324335495800e-08-j1.58072761418909913368e-09
  -2.25131036806082819418e-08-j1.57366378672580784338e-09
  -2.22181867053308109071e-08-j1.56658936954899460931e-09
  -2.19250588122756729682e-08-j1.55950445795680149342e-09
  -2.16359997114667623402e-08-j1.55290290886573915312e-09
  -2.13502685566797230073e-08-j1.54663045036333825932e-09
  -2.10662548250939962617e-08-j1.54034458423884880188e-09
  -2.07839431090425757544e-08-j1.53404542472555355081e-09
  -2.05033181841052056030e-08-j1.52773309491903131295e-09
  -2.02265957222724119552e-08-j1.52190119746200273105e-09
  -1.99529718852320229561e-08-j1.51637674114556061528e-09
  -1.96809681083678590987e-08-j1.51083634021952273078e-09
  -1.94105700723734657336e-08-j1.50528012504195008763e-09
  -1.91417636251385889382e-08-j1.49970824117170899088e-09
  -1.88764363459060439732e-08-j1.49455498072727335443e-09
  -1.86142579973663958692e-08-j1.48974952525649237439e-09
  -1.83536090549029331416e-08-j1.48492573362782325674e-09
  -1.80944761957993942299e-08-j1.48008377213240457944e-09
  -1.78368462534656461894e-08-j1.47522378472369872736e-09
  -1.75820515238419919810e-08-j1.47066408947270315882e-09
  -1.73306975785049881958e-08-j1.46655217293146875730e-09
  -1.70807885676247444090e-08-j1.46241967324942991656e-09
  -1.68323120860169749705e-08-j1.45826675822533446603e-09
  -1.65852558687567263158e-08-j1.45409361133497049890e-09
  -1.63402041754015527343e-08-j1.45004706587996324249e-09
  -1.60990911059102799425e-08-j1.44660670858275305193e-09
  -1.58593442068214578837e-08-j1.44314361936303147005e-09
  -1.56209519136123961111e-08-j1.43965799736434257859e-09
  -1.53839027924160634731e-08-j1.43615003529355285368e-09
  -1.51481855390969950190e-08-j1.43261991037905796999e-09
  -1.49164515476495168607e-08-j1.42975218871258993453e-09
  -1.46863231450791335327e-08-j1.42694004674180096795e-09
  -1.44574766310366617043e-08-j1.42410333199720982579e-09
  -1.42299013364010877209e-08-j1.42124224549563475043e-09
  -1.40035867092314628264e-08-j1.41835699657208488303e-09
  -1.37799886122515553386e-08-j1.41584318147385267636e-09
  -1.35589666557893024158e-08-j1.41366689918583836652e-09
  -1.33391586855138858655e-08-j1.41146408102226576464e-09
  -1.31205547366963615743e-08-j1.40923493473756109356e-09
  -1.29031449513381223165e-08-j1.40697968647654115200e-09
  -1.26870944166454812305e-08-j1.40474825568391966732e-09
  -1.24746959852331368745e-08-j1.40319617405962209298e-09
  -1.22634480993351644313e-08-j1.40161563491193965397e-09
  -1.20533414408939335406e-08-j1.40000687563208369979e-09
  -1.18443667945080976157e-08-j1.39837011203492104598e-09
  -1.16365150409911862126e-08-j1.39670558229942312171e-09
  -1.14310995067203711895e-08-j1.39541242582731026306e-09
  -1.12279598053526974356e-08-j1.39444603195919876057e-09
  -1.10259026254718632731e-08-j1.39344954149224705930e-09
  -1.08249193404021762890e-08-j1.39242319699758358754e-09
  -1.06250014161464576582e-08-j1.39136722950913529791e-09
  -1.04261404071365258237e-08-j1.39028188217645031051e-09
  -1.02304621349782103554e-08-j1.38985449933392966613e-09
  -1.00360308412163431897e-08-j1.38946574089739625984e-09
  -9.84261907541406158084e-09-j1.38904528118276626467e-09
  -9.65021884070211090281e-09-j1.38859337094727749579e-09
  -9.45882222465384693911e-09-j1.38811025181701714613e-09
  -9.26886636698650764311e-09-j1.38774993925602386372e-09
  -9.08165971441346062009e-09-j1.38796810398798345106e-09
  -8.89542170866874694198e-09-j1.38815271820162903680e-09
  -8.71014485041437009711e-09-j1.38830404226206379191e-09
  -8.52582171718998354379e-09-j1.38842233650527226863e-09
  -8.34244496446583372744e-09-j1.38850784861776644455e-09
  -8.16085461159425751761e-09-j1.38887750759898330349e-09
  -7.98141297218858780277e-09-j1.38967031341468237941e-09
  -7.80288530357365379880e-09-j1.39042797198081320248e-09
  -7.62526463825772083082e-09-j1.39115074960260023438e-09
  -7.44854407961342374108e-09-j1.39183890942275234820e-09
  -7.27271679953110264049e-09-j1.39249271890543690952e-09
  -7.09880031200729961648e-09-j1.39352959280693429912e-09
  -6.92666619258925172694e-09-j1.39490088033073452220e-09
  -6.75539530966192554781e-09-j1.39623540185279659187e-09
  -6.58498118290863093072e-09-j1.39753342579709407619e-09
  -6.41541739411834772110e-09-j1.39879523102582619387e-09
  -6.24669759033554681275e-09-j1.40002108749894268278e-09
  -6.07982627345017469198e-09-j1.40166356773424836429e-09
  -5.91456936018298250557e-09-j1.40362162741249568560e-09
  -5.75012858028349315637e-09-j1.40554125455194872358e-09
  -5.58649789558640438710e-09-j1.40742273709915523331e-09
  -5.42367132955830879383e-09-j1.40926635141219077189e-09
  -5.26164296217604210880e-09-j1.41107238001881776141e-09
  -5.10124722968625474054e-09-j1.41325796848172858916e-09
  -4.94246204057530649445e-09-j1.41581590290210435986e-09
  -4.78444922693176091413e-09-j1.41833368512958960772e-09
  -4.62720315905933260670e-09-j1.42081160645489922729e-09
  -4.47071826214963825187e-09-j1.42324995473365355838e-09
  -4.31498901443339995636e-09-j1.42564901813295359073e-09
  -4.16055511191181569532e-09-j1.42831190989840777782e-09
  -4.00785883946359493639e-09-j1.43148811462502575727e-09
  -3.85589427658614335792e-09-j1.43462236048437062337e-09
  -3.70465616717755304835e-09-j1.43771494699748008167e-09
  -3.55413930410629752025e-09-j1.44076617431898406277e-09
  -3.40433853071991650337e-09-j1.44377633757425168465e-09
  -3.25540578920119260556e-09-j1.44684448440671562712e-09
  -3.10843632754358135301e-09-j1.45066322089242500641e-09
  -2.96216076758791605564e-09-j1.45443808707789656272e-09
  -2.81657419507545799796e-09-j1.45816939322242012540e-09
  -2.67167174248966437355e-09-j1.46185744591105470838e-09
  -2.52744858787060892470e-09-j1.46550254939326937109e-09
  -2.38389995433374480563e-09-j1.46910500539804394977e-09
  -2.24202130946693247263e-09-j1.47338615249444898742e-09
  -2.10109418246058132757e-09-j1.47783236674877266565e-09
  -1.96082119638939118920e-09-j1.48223298800245419513e-09
  -1.82119779390280165979e-09-j1.48658833365130316516e-09
  -1.68221946116742034848e-09-j1.49089871661846764002e-09
  -1.54388172500637754145e-09-j1.49516444842041239341e-09
  -1.40658034794677541053e-09-j1.49972102305847370219e-09
  -1.27067812774944001839e-09-j1.50487677434707665065e-09
  -1.13539763058838889051e-09-j1.50998474148077366402e-09
  -1.00073458422726417790e-09-j1.51504525259035164734e-09
  -8.66684757451021908233e-10-j1.52005863139743801590e-09
  -7.33243956413445990942e-10-j1.52502519966325991763e-09
  -6.00408025819078263564e-10-j1.52994527600765675901e-09
  -4.69025179541553670781e-10-j1.53566201387472358532e-09
  -3.38431462329673988552e-10-j1.54152388366042143202e-09
  -2.08425296452575686990e-10-j1.54733592768385335955e-09
  -7.90027087154887259196e-11-j1.55309848212713278290e-09
  +4.98402385761725467659e-11-j1.55881187995320103317e-09
  +1.78107444767296811256e-10-j1.56447645119026499173e-09
  +3.05631193533604615863e-10-j1.57029645595670621146e-09
  +4.31829756970881929158e-10-j1.57696865201431690068e-09
  +5.57468596153021620446e-10-j1.58358842878383930101e-09
  +6.82551442838059255639e-10-j1.59015613569668528741e-09
  +8.07081999005448991102e-10-j1.59667211798567847764e-09
  +9.31063933029365690339e-10-j1.60313671785354362770e-09
  +1.05450087839290844477e-09-j1.60955027588761708983e-09
  +1.17702581570613750312e-09-j1.61645432565244043470e-09
  +1.29857407646089944836e-09-j1.62394950952583013962e-09
  +1.41959202091024356538e-09-j1.63138977976612020397e-09
  +1.54008313344987751867e-09-j1.63877549503404933066e-09
  +1.66005086640579913532e-09-j1.64610701209208549105e-09
  +1.77949864205992896264e-09-j1.65338468455517433685e-09
  +1.89842985311936176469e-09-j1.66060886272979756353e-09
  +2.01641243679555377922e-09-j1.66858188552819231563e-09
  +2.13362857087785973769e-09-j1.67697557660295212485e-09
  +2.25034156914195983315e-09-j1.68531157476060475939e-09
  +2.36655468568618638017e-09-j1.69359025270336998294e-09
  +2.48227114829660092877e-09-j1.70181197746726526715e-09
  +2.59749415520174386406e-09-j1.70997711532817542285e-09
  +2.71222687658965593920e-09-j1.71808603045257957306e-09
  +2.82607072677575718278e-09-j1.72710383350795041311e-09
  +2.93925598069670478461e-09-j1.73648653809291355056e-09
  +3.05196322825812677906e-09-j1.74580843825565855534e-09
  +3.16419551580523082658e-09-j1.75506991923488303296e-09
  +3.27595586331754607960e-09-j1.76427136377605282804e-09
  +3.38724726467503463022e-09-j1.77341315232507126872e-09
  +3.49807268929544259317e-09-j1.78249566051382774154e-09
  +3.60812983616527312878e-09-j1.79251773935201647903e-09
  +3.71756945370804786721e-09-j1.80299778560037785829e-09
  +3.82655431120101429626e-09-j1.81341352372704941171e-09
  +3.93508726397404005030e-09-j1.82376535534191829911e-09
  +4.04317114301347224116e-09-j1.83405367960220278870e-09
  +4.15080875481753263859e-09-j1.84427889426293296437e-09
  +4.25800288453857333092e-09-j1.85444138923565559103e-09
  +4.36457490392322568872e-09-j1.86540098881318881796e-09
  +4.47053857943118556427e-09-j1.87710802947079430439e-09
  +4.57606901292713021227e-09-j1.88874680167097259427e-09
  +4.68116888624264962513e-09-j1.90031772287270984847e-09
  +4.78584085595369155105e-09-j1.91182121471092049248e-09
  +4.89008756024133728805e-09-j1.92325768680287505317e-09
  +4.99391161283894477470e-09-j1.93462755227585884174e-09
  +5.09725114683091794762e-09-j1.94641789395147269678e-09
  +5.19999284411497848053e-09-j1.95950725583417221443e-09
  +5.30232124138527698314e-09-j1.97252384868302973584e-09
  +5.40423886066050685378e-09-j1.98546811046490717216e-09
  +5.50574820002191757944e-09-j1.99834048480327074315e-09
  +5.60685174114839823901e-09-j2.01114140120629049148e-09
  +5.70755194198923801817e-09-j2.02387129567148086183e-09
  +5.80785124316717830277e-09-j2.03653059365922714399e-09
  +5.90762238463587973817e-09-j2.05098456185476137259e-09
  +6.00698451246389425209e-09-j2.06556471718291812128e-09
  +6.10595422918696253878e-09-j2.08006743217862432867e-09
  +6.20453388912872532197e-09-j2.09449317040152973294e-09
  +6.30272582723569561418e-09-j2.10884239335646113799e-09
  +6.40053236250890847783e-09-j2.12311555080429276629e-09
  +6.49795579250906361358e-09-j2.13731309771099736490e-09
  +6.59497603940775982359e-09-j2.15243510776865795940e-09
  +6.69158878874213481026e-09-j2.16880217057878669708e-09
  +6.78782623040770044630e-09-j2.18508594028953891658e-09
  +6.88369058644458062974e-09-j2.20128690361743473289e-09
  +6.97918405936016481212e-09-j2.21740554961075519643e-09
  +7.07430883362029626731e-09-j2.23344236576182939640e-09
  +7.16906707921016303292e-09-j2.24939782724321397743e-09
  +7.26346094804910357530e-09-j2.26527240874998881046e-09
  +7.35751441046458781108e-09-j2.28328811645506349250e-09
  +7.45121250067627136198e-09-j2.30162121797789848536e-09
  +7.54455338412505637783e-09-j2.31986481302788637401e-09
  +7.63753914131730825478e-09-j2.33801942112750431112e-09
  +7.73017183501874639399e-09-j2.35608556292093888593e-09
  +7.82245351530005816818e-09-j2.37406374430557402144e-09
  +7.91438621473545791856e-09-j2.39195447251791922944e-09
  +8.00598383861999125734e-09-j2.41019655203147860170e-09
  +8.09730630215878556744e-09-j2.43090300025893987062e-09
  +8.18828652788066081424e-09-j2.45151220871946823263e-09
  +8.27892648038176463986e-09-j2.47202474055694601213e-09
  +8.36922811181162823085e-09-j2.49244114595673794229e-09
  +8.45919336175127132874e-09-j2.51276196286886291452e-09
  +8.54882414817506620652e-09-j2.53298774803747063564e-09
  +8.63812238058956367629e-09-j2.55311903323551488785e-09
  +8.72712435284355256330e-09-j2.57429229434666152305e-09
  +8.81586757028319583847e-09-j2.59765789148269830606e-09
  +8.90428468054248649929e-09-j2.62091790204663367595e-09
  +8.99237752961691061404e-09-j2.64407291967098408337e-09
  +9.08014795077672847585e-09-j2.66712352936535766576e-09
  +9.16759775914484870081e-09-j2.69007032651134427903e-09
  +9.25472876213385901621e-09-j2.71291388176372712560e-09
  +9.34154274734308184274e-09-j2.73565478280265123411e-09
  +9.42807203835788030597e-09-j2.75986672150599001696e-09
  +9.51433481405856073073e-09-j2.78634592124638584295e-09
  +9.60028696891622391874e-09-j2.81270983385679843449e-09
  +9.68593023265893264443e-09-j2.83895910651379380238e-09
  +9.77126632575070732472e-09-j2.86509436927570649590e-09
  +9.85629695219886137498e-09-j2.89111626011633564016e-09
  +9.94102380868979252128e-09-j2.91702539419832019434e-09
  +1.00254485737534478259e-08-j2.94282240126352036841e-09
  +1.01095643743522370680e-08-j2.97008849969426077468e-09
  +1.01933663495209656475e-08-j3.00023032473858341144e-09
  +1.02768728905226931023e-08-j3.03024560920180011645e-09
  +1.03600856207378487009e-08-j3.06013504451398082276e-09
  +1.04430061508022435147e-08-j3.08989931992760031463e-09
  +1.05256360812708914294e-08-j3.11953911391587439407e-09
  +1.06079770017918095685e-08-j3.14905509740037603116e-09
  +1.06900304842394480996e-08-j3.17844795725466853908e-09
  +1.07717576277150446889e-08-j3.20862884078004508534e-09
  +1.08530056886389966914e-08-j3.24309426349306975082e-09
  +1.09339736608413479443e-08-j3.27742006640767675541e-09
  +1.10146630589289554535e-08-j3.31160701007589425671e-09
  +1.10950753886582886940e-08-j3.34565584257130115163e-09
  +1.11752121470017215183e-08-j3.37956729965847998797e-09
  +1.12550748187804256440e-08-j3.41334211648503707898e-09
  +1.13346648756661588695e-08-j3.44698103103569532885e-09
  +1.14139837828491431760e-08-j3.48048476264408744732e-09
  +1.14924997387437602325e-08-j3.51927469689231949267e-09
  +1.15706739782341750135e-08-j3.55869844019421229242e-09
  +1.16485856292371826895e-08-j3.59796824656907029462e-09
  +1.17262360886138351144e-08-j3.63708494284355794972e-09
  +1.18036267480583476837e-08-j3.67604933447320255419e-09
  +1.18807589858737518697e-08-j3.71486223253678999461e-09
  +1.19576341761226121806e-08-j3.75352442465878411406e-09
  +1.20342536772547105259e-08-j3.79203671183851654123e-09
  +1.21100662382958155535e-08-j3.83366459321880600432e-09
  +1.21849558966617128833e-08-j3.87911290696814709638e-09
  +1.22596004753576214899e-08-j3.92438993983889134727e-09
  +1.23340012612647451315e-08-j3.96949659530299483465e-09
  +1.24081595364072583717e-08-j4.01443375745557626538e-09
  +1.24820765701479832313e-08-j4.05920231568136508692e-09
  +1.25557536268767732477e-08-j4.10380314105231370053e-09
  +1.26291919618947588771e-08-j4.14823709959810896800e-09
  +1.27023928168197496212e-08-j4.19250506635301753872e-09
  +1.27733842741442098073e-08-j4.24419657469973925836e-09
  +1.28439315027109078398e-08-j4.29653958896815522338e-09
  +1.29142548955285387710e-08-j4.34869255712694451318e-09
  +1.29843556139174989569e-08-j4.40065645605215348143e-09
  +1.30542348091864869277e-08-j4.45243226176542287374e-09
  +1.31238936250743719886e-08-j4.50402094248134121889e-09
  +1.31933332001214149795e-08-j4.55542345189601732158e-09
  +1.32625546658166086957e-08-j4.60664073505035151114e-09
  +1.33307480173688352237e-08-j4.65982560379531544678e-09
  +1.33958776903710572093e-08-j4.72038808766647059706e-09
  +1.34608073987789378644e-08-j4.78073854445282189307e-09
  +1.35255381672229068662e-08-j4.84087805231131813378e-09
  +1.35900710138218694695e-08-j4.90080768079290117284e-09
  +1.36544069485193525560e-08-j4.96052849564334390696e-09
  +1.37185469789578022009e-08-j5.02004154286790942424e-09
  +1.37824921001775347599e-08-j5.07934787735935649340e-09
  +1.38462433022068038952e-08-j5.13844854204992838633e-09
  +1.39073973566536491023e-08-j5.20187243988607247650e-09
  +1.39649302644430563169e-08-j5.27155677345447397622e-09
  +1.40222935918280551358e-08-j5.34100643889635019894e-09
  +1.40794882004389334554e-08-j5.41022260452119051451e-09
  +1.41365149392324621116e-08-j5.47920644889459910052e-09
  +1.41933746606932214474e-08-j5.54795911877500191393e-09
  +1.42500682029206378799e-08-j5.61648177573839412013e-09
  +1.43065964046321393513e-08-j5.68477555770044819481e-09
  +1.43629600926539461160e-08-j5.75284161101038219154e-09
  +1.44149546531725701510e-08-j5.82632230187118233102e-09
  +1.44620292829042746065e-08-j5.90596392438452691142e-09
  +1.45089720637802744079e-08-j5.98534774548763000227e-09
  +1.45557836570450653132e-08-j6.06447504011192990417e-09
  +1.46024647201662049707e-08-j6.14334707332139843925e-09
  +1.46490159021661886152e-08-j6.22196511163336045715e-09
  +1.46954378541322039212e-08-j6.30033039815184568161e-09
  +1.47417312203773703226e-08-j6.37844417383556692946e-09
  +1.47878966389697425208e-08-j6.45630767613854307248e-09
  +1.48287417554846520264e-08-j6.53875252389942292450e-09
  +1.48613697026834006303e-08-j6.62847925338012262847e-09
  +1.48939130266716394187e-08-j6.71792675394566060094e-09
  +1.49263721473742436513e-08-j6.80709639507275835636e-09
  +1.49587474837603227493e-08-j6.89598953332897148121e-09
  +1.49910394519787171438e-08-j6.98460751664426603366e-09
  +1.50232484699805101867e-08-j7.07295167461450382796e-09
  +1.50553749456813903337e-08-j7.16102334399859494772e-09
  +1.50874192867939202606e-08-j7.24882384759767164917e-09
  +1.51160701988715969750e-08-j7.33832055749809334829e-09
  +1.51290718879005189246e-08-j7.43679358063274492699e-09
  +1.51420475623446270390e-08-j7.53497126179566095604e-09
  +1.51549973580994720083e-08-j7.63285502195867207068e-09
  +1.51679214011450416274e-08-j7.73044629098450595343e-09
  +1.51808198251977487458e-08-j7.82774647255439470911e-09
  +1.51936927628956803316e-08-j7.92475696203580475327e-09
  +1.52065403409010893663e-08-j8.02147915582314392322e-09
  +1.52193626858374572219e-08-j8.11791443981377896895e-09
  +1.52321599292237484372e-08-j8.21406418035553636550e-09
  +1.52240997978521261987e-08-j8.31604888845053588427e-09
  +1.52115384012728350096e-08-j8.41906788673276342110e-09
  +1.51990216898405359001e-08-j8.52178747960447256722e-09
  +1.51865494536529570494e-08-j8.62420909629792717716e-09
  +1.51741214828499003512e-08-j8.72633415920690700172e-09
  +1.51617375709839395445e-08-j8.82816407800608219003e-09
  +1.51493975174830527021e-08-j8.92970024577476718409e-09
  +1.51371011108637063833e-08-j9.03094406763172645988e-09
  +1.51248481535078729772e-08-j9.13189691852360358387e-09
  +1.51023860900603901333e-08-j9.23251454467287641323e-09
  +1.50588125719539508460e-08-j9.33274927010352652446e-09
  +1.50153654058157974974e-08-j9.43269674531201767987e-09
  +1.49720439995908276262e-08-j9.53235831529428397101e-09
  +1.49288477603283403957e-08-j9.63173532407395334715e-09
  +1.48857761035013710123e-08-j9.73082909993678821504e-09
  +1.48428284423810445595e-08-j9.82964097205729368386e-09
  +1.48000041937819194155e-08-j9.92817226126278445933e-09
  +1.47573027795951201963e-08-j1.00264242779288107179e-08
  +1.47147236303668914850e-08-j1.01243983168559206842e-08
  +1.46485254510449320558e-08-j1.02138001727889330728e-08
  +1.45717285099424239626e-08-j1.02991757372934973411e-08
  +1.44951449050100509515e-08-j1.03843035152064661964e-08
  +1.44187736478810988588e-08-j1.04691846435241099625e-08
  +1.43426137462375556643e-08-j1.05538202660827828344e-08
  +1.42666642296488498925e-08-j1.06382114979492375675e-08
  +1.41909241261017025364e-08-j1.07223594579158864465e-08
  +1.41153924665592868586e-08-j1.08062652618842563577e-08
  +1.40400682851987880466e-08-j1.08899300222536642654e-08
  +1.39649506257135119736e-08-j1.09733548397217364510e-08
  +1.38617803575871906983e-08-j1.10323729009224789738e-08
  +1.37558799731368967021e-08-j1.10886281941812540645e-08
  +1.36502744405268435136e-08-j1.11447090028907710037e-08
  +1.35449624079337203185e-08-j1.12006161236398414250e-08
  +1.34399425435456773931e-08-j1.12563503333791506064e-08
  +1.33352135325479112064e-08-j1.13119123938474827305e-08
  +1.32307740508469083035e-08-j1.13673030827978419473e-08
  +1.31266228011177488642e-08-j1.14225231512312071999e-08
  +1.30227584649969418117e-08-j1.14775733790040020201e-08
  +1.29191797581160562569e-08-j1.15324545110684984068e-08
  +1.27968277009665506625e-08-j1.15486046250833051902e-08
  +1.26742742991964863044e-08-j1.15635679316294524317e-08
  +1.25520724739544701994e-08-j1.15784661632069245249e-08
  +1.24302206572476782680e-08-j1.15932996079307011888e-08
  +1.23087172977268684222e-08-j1.16080685442648424491e-08
  +1.21875608620476286855e-08-j1.16227732399936513191e-08
  +1.20667497910780674083e-08-j1.16374139980138515337e-08
  +1.19462825730557502481e-08-j1.16519910793083544353e-08
  +1.18261576851130916760e-08-j1.16665047643318202678e-08
  +1.17063736186986963870e-08-j1.16809553263560533386e-08
  +1.15855705136627960104e-08-j1.16552424281922561581e-08
  +1.14649606810227722323e-08-j1.16246479076923943588e-08
  +1.13447112745867788204e-08-j1.15941208564110624447e-08
  +1.12248207256438334875e-08-j1.15636609712590434804e-08
  +1.11052874434988176423e-08-j1.15332679812664825045e-08
  +1.09861098920482004726e-08-j1.15029415731169842061e-08
  +1.08672865131436610166e-08-j1.14726814654254722797e-08
  +1.07488157535802684716e-08-j1.14424873821473618670e-08
  +1.06306960894596892020e-08-j1.14123590295796215336e-08
  +1.05129260030296854525e-08-j1.13822961185344497390e-08
  +1.04064656731158676591e-08-j1.13261024074216194937e-08
  +1.03060551370290221560e-08-j1.12563815505442435235e-08
  +1.02059549990543301498e-08-j1.11868531137691697385e-08
  +1.01061639007218827727e-08-j1.11175162808700093976e-08
  +1.00066805120031109331e-08-j1.10483702215044340358e-08
  +9.90750349793839029727e-09-j1.09794141216033055538e-08
  +9.80863154370256434179e-09-j1.09106471605219872802e-08
  +9.71006332050298596111e-09-j1.08420685417339079596e-08
  +9.61179752469487362314e-09-j1.07736774574609805035e-08
  +9.51383286147830776047e-09-j1.07054731033893353399e-08
  +9.42382523919083580319e-09-j1.06302359358669573255e-08
  +9.35492008866781691794e-09-j1.05355815720031703561e-08
  +9.28623079025578130469e-09-j1.04412045713382377942e-08
  +9.21775641328068615190e-09-j1.03471037517283532849e-08
  +9.14949602294619436070e-09-j1.02532779461577586159e-08
  +9.08144871849027377669e-09-j1.01597259686421206400e-08
  +9.01361357866674210308e-09-j1.00664466627355223981e-08
  +8.94598968838644990582e-09-j9.97343887775705904878e-09
  +8.87857615945227162242e-09-j9.88070145005817484508e-09
  +8.81137208453161314082e-09-j9.78823324421754307762e-09
  +8.74437657045821356983e-09-j9.69603312313745957278e-09
  +8.70041646912204313339e-09-j9.59542919125052723788e-09
  +8.66529359354567953852e-09-j9.49181820352927346248e-09
  +8.63027841030400319640e-09-j9.38851529444335293236e-09
  +8.59537047659176889304e-09-j9.28551915006089801121e-09
  +8.56056931770631357923e-09-j9.18282849549791416966e-09
  +8.52587449415828945581e-09-j9.08044203295104032129e-09
  +8.49128555025442811727e-09-j8.97835848919317929761e-09
  +8.45680204231556141500e-09-j8.87657658924839875286e-09
  +8.42242352364344762219e-09-j8.77509507042193343949e-09
  +8.38814955273763953178e-09-j8.67391267448960010292e-09
  +8.35453190728258980857e-09-j8.57302524521334966112e-09
  +8.34843954029763797713e-09-j8.47229089217358243970e-09
  +8.34236167257937861122e-09-j8.37185336187859238485e-09
  +8.33629824236092511744e-09-j8.27171142006335199007e-09
  +8.33024918732628855939e-09-j8.17186384029060270408e-09
  +8.32421445871065719804e-09-j8.07230938946192954291e-09
  +8.31819399374521695990e-09-j7.97304685569629710356e-09
  +8.31218772917171431179e-09-j7.87407503489406553880e-09
  +8.30619561684120325920e-09-j7.77539271405775377285e-09
  +8.30021759515598045938e-09-j7.67699870123355072793e-09
  +8.29425360284687389349e-09-j7.57889181121244129942e-09
  +8.29162510984481778345e-09-j7.48214677508821267271e-09
  +8.30719366573624515592e-09-j7.39157544324709478766e-09
  +8.32270967012126144701e-09-j7.30126433494970871120e-09
  +8.33817334318036713179e-09-j7.21121238241200181098e-09
  +8.35358490511709635670e-09-j7.12141852213079288284e-09
  +8.36894456150704025207e-09-j7.03188171218045955772e-09
  +8.38425254008078867969e-09-j6.94260088895349413106e-09
  +8.39950905165965413436e-09-j6.85357501293254523999e-09
  +8.41471430256587736325e-09-j6.76480305463414681317e-09
  +8.42986851274849219936e-09-j6.67628397200844801560e-09
  +8.44497188805306001826e-09-j6.58801674457459139214e-09
  +8.46189021781642947851e-09-j6.50125604384741770762e-09
  +8.49183136133558638029e-09-j6.42354263357499215792e-09
  +8.52167862426343605129e-09-j6.34604511754318858398e-09
  +8.55143238018488227325e-09-j6.26876263815920254846e-09
  +8.58109300778590939048e-09-j6.19169433333566021049e-09
  +8.61066089552862184351e-09-j6.11483932911465459378e-09
  +8.64013641118456755223e-09-j6.03819678193149425590e-09
  +8.66951993124938803177e-09-j5.96176583794495730199e-09
  +8.69881182627653224626e-09-j5.88554565346494674568e-09
  +8.72801247360770189368e-09-j5.80953537629427043136e-09
  +8.75712222857878858144e-09-j5.73373418860923979296e-09
  +8.78614147196184344065e-09-j5.65814123578720450992e-09
  +8.82396287457952701791e-09-j5.59257105648287396455e-09
  +8.86235202023937904816e-09-j5.52792877100201770250e-09
  +8.90062594882451891674e-09-j5.46345919076094162444e-09
  +8.93878512743720454385e-09-j5.39916162160933279596e-09
  +8.97683001490821859638e-09-j5.33503538204627641103e-09
  +9.01476105827016574834e-09-j5.27107981000893865975e-09
  +9.05257871950078602190e-09-j5.20729421772483134675e-09
  +9.09028343996840768230e-09-j5.14367795207717659421e-09
  +9.12787567138334507626e-09-j5.08023034163130005730e-09
  +9.16535585892684693546e-09-j5.01695072559685129529e-09
  +9.20272444778940159901e-09-j4.95383844232330881054e-09
  +9.24318367218084507459e-09-j4.89639730542250778510e-09
  +9.28599856843988569290e-09-j4.84335789310413175596e-09
  +9.32868947885515487077e-09-j4.79045463016128603685e-09
  +9.37125689144875324302e-09-j4.73768698356787792227e-09
  +9.41370128578674068982e-09-j4.68505443473415953186e-09
  +9.45602314920533126260e-09-j4.63255644729772427337e-09
  +9.49822295502205918557e-09-j4.58019251067013654141e-09
  +9.54030118153817555148e-09-j4.52796210192939753088e-09
  +9.58225829818537318406e-09-j4.47586471418645411909e-09
  +9.62409478395379573380e-09-j4.42389981771138689367e-09
  +9.66581109930645835695e-09-j4.37206691985273756263e-09
  +9.70749127298414051857e-09-j4.32059676757444633127e-09
  +9.75201816442587129813e-09-j4.27746267964091404965e-09
  +9.79642014551785196912e-09-j4.23443483335601488467e-09
  +9.84069768908790432643e-09-j4.19151284228582342899e-09
  +9.88485128142710137189e-09-j4.14869628535526812669e-09
  +9.92888139533491576643e-09-j4.10598476918722998169e-09
  +9.97278850707129717641e-09-j4.06337788855437241831e-09
  +1.00165730833278629418e-08-j4.02087525774579040464e-09
  +1.00602356028031953995e-08-j3.97847645741195250161e-09
  +1.01037765225923214189e-08-j3.93618111809696757572e-09
  +1.01471963159358523906e-08-j3.89398882560230013733e-09
  +1.01904954369749333641e-08-j3.85189921064470570887e-09
  +1.02341092321328591699e-08-j3.81214595474537869720e-09
  +1.02785398349170235929e-08-j3.77729883620739423854e-09
  +1.03228494473637803607e-08-j3.74253387247092081061e-09
  +1.03670385297072753348e-08-j3.70785074980801262357e-09
  +1.04111075377477859676e-08-j3.67324916179712172993e-09
  +1.04550569294904197823e-08-j3.63872879067762769521e-09
  +1.04988871479583989735e-08-j3.60428935655877997869e-09
  +1.05425986505268734708e-08-j3.56993053334921416095e-09
  +1.05861918806897395092e-08-j3.53565202999431109905e-09
  +1.06296672855699497381e-08-j3.50145353969880223116e-09
  +1.06730253004574693991e-08-j3.46733478636352821730e-09
  +1.07162663763774773357e-08-j3.43329544057100657955e-09
  +1.07595406509442614605e-08-j3.40181833955508125471e-09
  +1.08028981787803388852e-08-j3.37370633770684664148e-09
  +1.08461408164168387417e-08-j3.34565763559725099112e-09
  +1.08892689946402076012e-08-j3.31767199098197687036e-09
  +1.09322831402027586573e-08-j3.28974916868934179282e-09
  +1.09751836725330902351e-08-j3.26188895216812255488e-09
  +1.10179710205571575808e-08-j3.23409108726935896809e-09
  +1.10606455986224829929e-08-j3.20635536284115125638e-09
  +1.11032078260418115343e-08-j3.17868154529264469714e-09
  +1.11456581193215953216e-08-j3.15106940446897289112e-09
  +1.11879968903417908594e-08-j3.12351872045235743838e-09
  +1.12302245554129457713e-08-j3.09602925129160476340e-09
  +1.12722529547307935106e-08-j3.07030734855664831182e-09
  +1.13140169504714656931e-08-j3.04763370081390652611e-09
  +1.13556730355814098581e-08-j3.02500864718193096321e-09
  +1.13972216007091110804e-08-j3.00243203074204313841e-09
  +1.14386630472636716608e-08-j2.97990364754679317541e-09
  +1.14799977597890763976e-08-j2.95742335130805848587e-09
  +1.15212261361552344250e-08-j2.93499093805654666225e-09
  +1.15623485598292555343e-08-j2.91260625294074823834e-09
  +1.16033654194815646405e-08-j2.89026911437334334867e-09
  +1.16442770971068189071e-08-j2.86797936062667771719e-09
  +1.16850839767897177147e-08-j2.84573681505504940327e-09
  +1.17257864424944303022e-08-j2.82354129437701433068e-09
  +1.17663208384823502009e-08-j2.80182886806008957871e-09
  +1.18062561703329412585e-08-j2.78354245863546040776e-09
  +1.18460907075147784936e-08-j2.76529318059286988774e-09
  +1.18858248130776114266e-08-j2.74708090606731588868e-09
  +1.19254588502951172961e-08-j2.72890549937582776125e-09
  +1.19649931791320424408e-08-j2.71076683222578119087e-09
  +1.20044281624360991712e-08-j2.69266475652774331469e-09
  +1.20437641536143146744e-08-j2.67459915893493116493e-09
  +1.20830015091751702876e-08-j2.65656990540503762001e-09
  +1.21221405831651964559e-08-j2.63857686592463882062e-09
  +1.21611817277191123596e-08-j2.62061991207833327466e-09
  +1.22001252964839185536e-08-j2.60269890105930215263e-09
  +1.22389716341102604620e-08-j2.58481372478753104831e-09
  +1.22772421416262090725e-08-j2.56908163181789566601e-09
  +1.23151934939385662889e-08-j2.55437270812693182336e-09
  +1.23530512451699952552e-08-j2.53969183327206721235e-09
  +1.23908157310989129874e-08-j2.52503889436009632305e-09
  +1.24284872804318700054e-08-j2.51041380568858041276e-09
  +1.24660662241245606194e-08-j2.49581646334951870766e-09
  +1.25035528935503143590e-08-j2.48124675376417562928e-09
  +1.25409476098585745570e-08-j2.46670460725157312816e-09
  +1.25782507007677318475e-08-j2.45218991405282869296e-09
  +1.26154624926200345297e-08-j2.43770256350202856013e-09
  +1.26525833028852973539e-08-j2.42324248320668174300e-09
  +1.26896134550331457143e-08-j2.40880956254384940599e-09
  +1.27265092700991491608e-08-j2.39455516568862322786e-09
  +1.27626185881005179112e-08-j2.38272662803608481709e-09
  +1.27986406869435055363e-08-j2.37091904310711762972e-09
  +1.28345758674383802096e-08-j2.35913236462067936173e-09
  +1.28704244388676999949e-08-j2.34736649314032606461e-09
  +1.29061867012800188356e-08-j2.33562137182817911494e-09
  +1.29418629569360082065e-08-j2.32389692456195788400e-09
  +1.29774535063514401305e-08-j2.31219307724889956806e-09
  +1.30129586491159669450e-08-j2.30050975338060100516e-09
  +1.30483786787146530299e-08-j2.28884690351313972281e-09
  +1.30837138957071589569e-08-j2.27720443059387229465e-09
  +1.31189645916504407290e-08-j2.26558228123061373070e-09
  +1.31541310604728537792e-08-j2.25398038109228346174e-09
  +1.31890367571103560183e-08-j2.24292182273523997849e-09
  +1.32233228160315831676e-08-j2.23347027245238155486e-09
  +1.32575277739258777843e-08-j2.22403398874508844035e-09
  +1.32916519118439896228e-08-j2.21461291274256736934e-09
  +1.33256955045367384694e-08-j2.20520701568493131165e-09
  +1.33596588319675765960e-08-j2.19581623037913940236e-09
  +1.33935421706233575191e-08-j2.18644050281714380211e-09
  +1.34273457950789630174e-08-j2.17707978312544150373e-09
  +1.34610699794507471495e-08-j2.16773401666342145544e-09
  +1.34947149933876169955e-08-j2.15840316917043604100e-09
  +1.35282811101268205656e-08-j2.14908717645387042757e-09
  +1.35617686003702939838e-08-j2.13978598249580449033e-09
  +1.35951777322636924594e-08-j2.13049953968275974608e-09
  +1.36283515627503671723e-08-j2.12165699093143548343e-09
  +1.36609577806067774896e-08-j2.11416710893138325359e-09
  +1.36934884079019595503e-08-j2.10668792425532160774e-09
  +1.37259437002779825248e-08-j2.09921940959571317316e-09
  +1.37583239144487861477e-08-j2.09176152346198368450e-09
  +1.37906293048261540121e-08-j2.08431423174124273039e-09
  +1.38228601253450033968e-08-j2.07687749617663927034e-09
  +1.38550166292017943606e-08-j2.06945127574727425876e-09
  +1.38870990661428712210e-08-j2.06203554507790836976e-09
  +1.39191076861627010468e-08-j2.05463026975356235069e-09
  +1.39510427386004154117e-08-j2.04723541227807575522e-09
  +1.39829044727717747286e-08-j2.03985092778325227227e-09
  +1.40146931335891410270e-08-j2.03247679397156912364e-09
  +1.40463859380821375305e-08-j2.02517490469814750452e-09
  +1.40774708964836623122e-08-j2.01932347140393556381e-09
  +1.41084851798729524839e-08-j2.01347902648284414518e-09
  +1.41394290259955399356e-08-j2.00764153967220377263e-09
  +1.41703026700939758526e-08-j2.00181099079275604652e-09
  +1.42011063447280926403e-08-j1.99598737156252382851e-09
  +1.42318402864210643103e-08-j1.99017063810860719418e-09
  +1.42625047261055299630e-08-j1.98436077905090218944e-09
  +1.42930998959162223063e-08-j1.97855776699437848019e-09
  +1.43236260263789481996e-08-j1.97276157892304075181e-09
  +1.43540833459152844840e-08-j1.96697219963545546567e-09
  +1.43844720836074407595e-08-j1.96118960193456721394e-09
  +1.44147924676598043623e-08-j1.95541375752746881817e-09
  +1.44450447243752084035e-08-j1.94964464487502150117e-09
  +1.44749375292383486538e-08-j1.94471456675291190120e-09
  +1.45046002171828125536e-08-j1.94025580437888362796e-09
  +1.45341968013931784635e-08-j1.93580094273461105075e-09
  +1.45637274992692071758e-08-j1.93134997317365174076e-09
  +1.45931925269605480407e-08-j1.92690288945476833043e-09
  +1.46225921021970052607e-08-j1.92245966608569363513e-09
  +1.46519264384865342555e-08-j1.91802030251278409035e-09
  +1.46811957497157985445e-08-j1.91358478820191858347e-09
  +1.47104002519660214433e-08-j1.90915308855878055558e-09
  +1.47395401557544653602e-08-j1.90472520445615598151e-09
  +1.47686156709795375283e-08-j1.90030113468453557935e-09
  +1.47976270095905534825e-08-j1.89588085507433877935e-09
  +1.48265743814108786308e-08-j1.89146435060126739439e-09
  +1.48554450609743161274e-08-j1.88709503239496313350e-09
  +1.48839238061827102020e-08-j1.88383245547288465398e-09
  +1.49123402527727738252e-08-j1.88057119324867325008e-09
  +1.49406945998282374417e-08-j1.87731126820718536127e-09
  +1.49689870509200629809e-08-j1.87405266043085234162e-09
  +1.49972178081243183340e-08-j1.87079535469032578839e-09
  +1.50253870705889479768e-08-j1.86753935225561745505e-09
  +1.50534950348049988751e-08-j1.86428466889619614662e-09
  +1.50815419002467812697e-08-j1.86103128947480678667e-09
  +1.51095278667341452131e-08-j1.85777918901445594841e-09
  +1.51374531269980558480e-08-j1.85452839309080323669e-09
  +1.51653178784116456927e-08-j1.85127888278515518918e-09
  +1.51931223157172655024e-08-j1.84803065369227770169e-09
  +1.52208666316480840285e-08-j1.84478371103500467151e-09
  +1.52485005833801839507e-08-j1.84177669262713137688e-09
  +1.52759061664381860638e-08-j1.83956967761166829479e-09
  +1.53032529453407151294e-08-j1.83736174837310850333e-09
  +1.53305411055374988004e-08-j1.83515293064574995960e-09
  +1.53577708347204072631e-08-j1.83294322478692496886e-09
  +1.53849423220439049931e-08-j1.83073261223167434514e-09
  +1.54120557528775856942e-08-j1.82852109925263461168e-09
  +1.54391113081331152863e-08-j1.82630872307873145588e-09
  +1.54661091770661522124e-08-j1.82409544397238630130e-09
  +1.54930495406278023641e-08-j1.82188128557393798125e-09
  +1.55199325823644673482e-08-j1.81966624293649322652e-09
  +1.55467584827142554926e-08-j1.81745033101260181869e-09
  +1.55735274238342788609e-08-j1.81523354350606272001e-09
  +1.56002395876815015868e-08-j1.81301586899977797786e-09
  +1.56268764259037417738e-08-j1.81100402998291708059e-09
  +1.56533880429651631303e-08-j1.80975246050236382517e-09
  +1.56798438521304626993e-08-j1.80849799996409280661e-09
  +1.57062440286269477010e-08-j1.80724066335131098113e-09
  +1.57325887458797171765e-08-j1.80598047480390540922e-09
  +1.57588781807414882496e-08-j1.80471742247155842243e-09
  +1.57851125063297976661e-08-j1.80345152012425179296e-09
  +1.58112918952304406954e-08-j1.80218278014555427008e-09
  +1.58374165191239924667e-08-j1.80091121631862047724e-09
  +1.58634865504420783270e-08-j1.79963682943338515194e-09
  +1.58895021591300139165e-08-j1.79835963576983291416e-09
  +1.59154635163646114451e-08-j1.79707963452504518588e-09
  +1.59413707901731069138e-08-j1.79579684614623746117e-09
  +1.59672241507651531081e-08-j1.79451126567527777465e-09
  +1.59930237662648058652e-08-j1.79322290020198740481e-09
  +1.60188253232430356521e-08-j1.79285407301829375582e-09
  +1.60445744177011579460e-08-j1.79249431698526053011e-09
  +1.60702703912523643207e-08-j1.79212984399603923342e-09
  +1.60959134073992161353e-08-j1.79176068004139434461e-09
  +1.61215036282028926789e-08-j1.79138685789625246142e-09
  +1.61470412181529042041e-08-j1.79100838244203695513e-09
  +1.61725263403124401982e-08-j1.79062526506856639574e-09
  +1.61979591575493861887e-08-j1.79023751298464909770e-09
  +1.62233398302330988839e-08-j1.78984514958167106766e-09
  +1.62486685197387005907e-08-j1.78944818329536494904e-09
  +1.62739453854037262302e-08-j1.78904663467410173942e-09
  +1.62991705875663775805e-08-j1.78864050941538362483e-09
  +1.63243442820374289205e-08-j1.78822984826118372791e-09
  +1.63494666315494059420e-08-j1.78781462285735021085e-09
  +1.63746558142217548344e-08-j1.78790686295126622684e-09
  +1.63998933023202369990e-08-j1.78842468806189402755e-09
  +1.64250797133616143004e-08-j1.78893604601351843941e-09
  +1.64502152049994473687e-08-j1.78944094241348785386e-09
  +1.64752999330533546981e-08-j1.78993939376449451746e-09
  +1.65003340508874062685e-08-j1.79043143311195412222e-09
  +1.65253177130399542011e-08-j1.79091707695759111339e-09
  +1.65502510732748845706e-08-j1.79139634298423445627e-09
  +1.65751342845715588890e-08-j1.79186925025773904125e-09
  +1.65999674986847904157e-08-j1.79233582326002883735e-09
  +1.66247508685646882474e-08-j1.79279606966146157003e-09
  +1.66494845438177088478e-08-j1.79325002225569782357e-09
  +1.66741686761497427061e-08-j1.79369768867010074995e-09
  +1.66988034157774541152e-08-j1.79413908455785079494e-09
  +1.67233889093977810696e-08-j1.79457425256719540556e-09
  +1.67482806312464785715e-08-j1.79588179072603267570e-09
  +1.67731704643400027180e-08-j1.79729878182812636498e-09
  +1.67980109527686879449e-08-j1.79870748334595574054e-09
  +1.68228022435261653890e-08-j1.80010793395111234379e-09
  +1.68475444834537822360e-08-j1.80150016820596846595e-09
  +1.68722378218928570936e-08-j1.80288419167215257166e-09
  +1.68968824055518224580e-08-j1.80426002874035805300e-09
  +1.69214783802634342681e-08-j1.80562770632988402825e-09
  +1.69460258905367642680e-08-j1.80698725844245300434e-09
  +1.69705250825308779134e-08-j1.80833869771132171397e-09
  +1.69949761009738049650e-08-j1.80968204481917543388e-09
  +1.70193790874969815476e-08-j1.81101734393006222537e-09
  +1.70437341870322845034e-08-j1.81234460274147443991e-09
  +1.70680415414701766027e-08-j1.81366385208567502139e-09
  +1.70923012928915342841e-08-j1.81497511545914844315e-09
</dep>
<dep S[1,2] frequency>
  -1.96398146842723526602e-04-j3.79392452009260074618e-05
  -9.71516765997275036229e-05-j1.88866772426977283321e-05
  -6.40501338202704555971e-05-j1.25351643614817487835e-05
  -4.74968204423837365015e-05-j9.35694621552647054995e-06
  -3.75647341976431198762e-05-j7.44774511733698183272e-06
  -3.09438091132242812050e-05-j6.17297935279539239530e-06
  -2.62151843848200060924e-05-j5.26072891085230946761e-06
  -2.26693438038097174652e-05-j4.57504813933671471523e-06
  -1.99120777030057577244e-05-j4.04041738286601754719e-06
  -1.77068449076010799698e-05-j3.61152744304660479441e-06
  -1.59031115292332364932e-05-j3.25954650064855110220e-06
  -1.44005174800758910898e-05-j2.96525405778765541417e-06
  -1.31295802905626000381e-05-j2.71534403503451091461e-06
  -1.20406681492580936403e-05-j2.50031235032058812834e-06
  -1.10973834429949957459e-05-j2.31318951339663472804e-06
  -1.02724273194391762051e-05-j2.14874852363635574588e-06
  -9.54492373334116146223e-06-j2.00299234551149079871e-06
  -8.89863542929545472970e-06-j1.87281223453197756372e-06
  -8.32074326977110402103e-06-j1.75575396520385771443e-06
  -7.80099174722995606442e-06-j1.64985419255577381894e-06
  -7.33107862414280081774e-06-j1.55352357106330479458e-06
  -6.90421102790162864900e-06-j1.46546174943455885806e-06
  -6.51477734190651979694e-06-j1.38459454312599662879e-06
  -6.15810112068086646964e-06-j1.31002681378682766357e-06
  -5.83025406323362081225e-06-j1.24100665740305656782e-06
  -5.52791214461904900114e-06-j1.17689785794314542376e-06
  -5.24824371719951530247e-06-j1.11715846226333593784e-06
  -4.98882158950788673303e-06-j1.06132394578312393468e-06
  -4.74755329489734613111e-06-j1.00899386206378726309e-06
  -4.52262530620939227417e-06-j9.59821161757482616461e-07
  -4.31245804707954377271e-06-j9.13503579812186203833e-07
  -4.11566933861931807996e-06-j8.69776636463362885421e-07
  -3.93104449174045149275e-06-j8.28407911968008717619e-07
  -3.75751167730860706088e-06-j7.89192330910543712168e-07
  -3.59412151834407108265e-06-j7.51948255517291255974e-07
  -3.44003008354907053630e-06-j7.16514229567733246018e-07
  -3.29448463847156308072e-06-j6.82746250784603970268e-07
  -3.15681164650713439929e-06-j6.50515473620646207172e-07
  -3.02640661583405927025e-06-j6.19706265602217594306e-07
  -2.90272546926360906883e-06-j5.90214555245020104091e-07
  -2.78527717701180885059e-06-j5.61946421821681158525e-07
  -2.67361744194533002540e-06-j5.34816886424080704060e-07
  -2.56734326590288725010e-06-j5.08748871886778201682e-07
  -2.46608825706241114022e-06-j4.83672304081378937705e-07
  -2.36951856275292518120e-06-j4.59523334165005457927e-07
  -2.27732933301490501421e-06-j4.36243661024185477053e-07
  -2.18924163551914192373e-06-j4.13779940710086497484e-07
  -2.10499975599711090728e-06-j3.92083270305420126986e-07
  -2.02436882946954504000e-06-j3.71108733740363072893e-07
  -1.94713275550026854497e-06-j3.50815003307308734088e-07
  -1.87325305628593512568e-06-j3.31289011519105739490e-07
  -1.80335855823822630233e-06-j3.13131777608547789609e-07
  -1.73717896388220524150e-06-j2.96233467632000798776e-07
  -1.67450761646095078862e-06-j2.80524199935010300668e-07
  -1.61515781981032020476e-06-j2.65941104975849392566e-07
  -1.55881650082347350758e-06-j2.52326242352803632119e-07
  -1.50529048265047853110e-06-j2.39604900067580141587e-07
  -1.45440124030571647670e-06-j2.27708676614231030845e-07
  -1.40598360140027990536e-06-j2.16574899136046881369e-07
  -1.35993720324126024073e-06-j2.06179851925337436912e-07
  -1.31606367317335506315e-06-j1.96433514065291636695e-07
  -1.27422446678269511555e-06-j1.87283323379462611605e-07
  -1.23429823618515053797e-06-j1.78685719932960868814e-07
  -1.19617214109135857253e-06-j1.70600644678966032205e-07
  -1.15974115945707634547e-06-j1.62991236878231542338e-07
  -1.12490746279072705165e-06-j1.55823559720581590200e-07
  -1.09157984905838547092e-06-j1.49066352041741465254e-07
  -1.05967322726159147973e-06-j1.42690802366308172878e-07
  -1.02910814809293003631e-06-j1.36670344553703633755e-07
  -9.99810376225588052891e-07-j1.30980470764150280218e-07
  -9.71710499752741260201e-07-j1.25598562037929643614e-07
  -9.44743573276804562355e-07-j1.20503733237678175431e-07
  -9.18848791161553172030e-07-j1.15676692264701943718e-07
  -8.93969188236032582924e-07-j1.11099610540293647301e-07
  -8.70051365087801331443e-07-j1.06756005505944371299e-07
  -8.47082977680031069401e-07-j1.02649257528411380187e-07
  -8.24982461196226034716e-07-j9.87475643147590828656e-08
  -8.03704128984071942047e-07-j9.50370668129887943590e-08
  -7.83206233990196050878e-07-j9.15055187154410427484e-08
  -7.63449540348310637814e-07-j8.81415832793243002214e-08
  -7.44397154310147964002e-07-j8.49347618489732010769e-08
  -7.26025978700205415909e-07-j8.18806303577505839825e-08
  -7.08334934573493869393e-07-j7.89840923966027864902e-08
  -6.91250164932866936819e-07-j7.62167911541133265797e-08
  -6.74742522755679658538e-07-j7.35709169765852109875e-08
  -6.58784543850435467872e-07-j7.10392293659570795245e-08
  -6.43373727446166283650e-07-j6.86250534123297238116e-08
  -6.28499983888429711501e-07-j6.63276962305008317518e-08
  -6.14101813364544225411e-07-j6.41246145394524567493e-08
  -6.00157371645974047951e-07-j6.20104294339730475504e-08
  -5.86667393003468405874e-07-j5.99889071507298856907e-08
  -5.73634143502272832007e-07-j5.80637315936314803533e-08
  -5.60994887425603551716e-07-j5.62121414888839013771e-08
  -5.48732177630397044675e-07-j5.44301535800079654234e-08
  -5.36878383303634561843e-07-j5.27332070063832895094e-08
  -5.25385815390492228278e-07-j5.11045255593399843102e-08
  -5.14221366122492703685e-07-j4.95336463876694818117e-08
  -5.03401025093115635907e-07-j4.80290351902617192255e-08
  -4.92918600854762757912e-07-j4.65900095152340037020e-08
  -4.82722730068537486340e-07-j4.51990523000752023705e-08
  -4.72827265757159109751e-07-j4.38633492520784832782e-08
  -4.63237002594418382094e-07-j4.25860798454886311685e-08
  -4.53897538666604259536e-07-j4.13488528886538245685e-08
  -4.44832012422543113311e-07-j4.01617697656351738437e-08
  -4.36031687021843708394e-07-j3.90228200874489721647e-08
  -4.27451344540206099179e-07-j3.79172997742692708035e-08
  -4.19132444493980396615e-07-j3.68612171880528233644e-08
  -4.11033263912747907177e-07-j3.58408780377707184289e-08
  -4.03134059438841990479e-07-j3.48507916435518122508e-08
  -3.95481829559226672027e-07-j3.39081007641441827883e-08
  -3.88006486238465241665e-07-j3.29897796477682994719e-08
  -3.80739289577302844145e-07-j3.21075607532051066505e-08
  -3.73664355971506868175e-07-j3.12568132499242012369e-08
  -3.66752405123016303052e-07-j3.04288334790272976968e-08
  -3.60050202658335119144e-07-j2.96397847231988744357e-08
  -3.53490794618740090485e-07-j2.88684762981969204165e-08
  -3.47117054864294321968e-07-j2.81296908108021302440e-08
  -3.40892789242685880865e-07-j2.74123087018306814124e-08
  -3.34821491792967931331e-07-j2.67182882802012424592e-08
  -3.28909833182586026544e-07-j2.60502325991186883872e-08
  -3.23123334361126165735e-07-j2.53980248730420744973e-08
  -3.17503460621731800429e-07-j2.47751060777499740025e-08
  -3.11989625023503939455e-07-j2.41632838512794313878e-08
  -3.06638023898885842587e-07-j2.35803788606172660472e-08
  -3.01387818405550269670e-07-j2.30082555525750309733e-08
  -2.96280456730606273368e-07-j2.24600398269740587427e-08
  -2.91276796182466589500e-07-j2.19243191213363289352e-08
  -2.86400060185410829887e-07-j2.14085696066757066515e-08
  -2.81627115017478344320e-07-j2.09062453958816439556e-08
  -2.76968308924746553755e-07-j2.04208977806417851436e-08
  -2.72411402994814460321e-07-j1.99492281408170126705e-08
  -2.67958675551154951709e-07-j1.94923639120629521898e-08
  -2.63604193320314741504e-07-j1.90488475070967663547e-08
  -2.59346471117720228369e-07-j1.86186824142409540131e-08
  -2.55181773220633195299e-07-j1.82010369653320405023e-08
  -2.51108700150903445023e-07-j1.77959103023041303229e-08
  -2.47122046478526038099e-07-j1.74020532249896752252e-08
  -2.43223928631110787350e-07-j1.70204183998517400229e-08
  -2.39404408194223637613e-07-j1.66484490314402967612e-08
  -2.35672163688779243891e-07-j1.62888646259889768952e-08
  -2.32009630572393160409e-07-j1.59370481521338781557e-08
  -2.28434743785938169257e-07-j1.55981699684651218996e-08
  -2.24919758603722019105e-07-j1.52649227844918589724e-08
  -2.21494238369764663839e-07-j1.49454965640869431884e-08
  -2.18118014691635375389e-07-j1.46293728776898482484e-08
  -2.14834356078611431348e-07-j1.43282276364586926510e-08
  -2.11595775158585044119e-07-j1.40297483286065953096e-08
  -2.08439860676275049807e-07-j1.37439491203380096682e-08
  -2.05333645406941852223e-07-j1.34624619830920710130e-08
  -2.02296493960505969532e-07-j1.31904331318152507504e-08
  -1.99316164268926921189e-07-j1.29249306678423819241e-08
  -1.96390905024749959555e-07-j1.26656226344301550673e-08
  -1.93530359313516452389e-07-j1.24151624157590656690e-08
  -1.90710585264360964377e-07-j1.21676174677672537306e-08
  -1.87964074316320330097e-07-j1.19313175065076711442e-08
  -1.85253059512411443435e-07-j1.16969515806060688521e-08
  -1.82605911570989233107e-07-j1.14716961283053769209e-08
  -1.80001666707995538431e-07-j1.12505257259326931937e-08
  -1.77445178766100824106e-07-j1.10347270274816314714e-08
  -1.74942700623070345969e-07-j1.08259888934906115865e-08
  -1.72471840021939065979e-07-j1.06189570938140805521e-08
  -1.70066403499289276716e-07-j1.04219358017025891639e-08
  -1.67690700954912558507e-07-j1.02264337659238837501e-08
  -1.65363610629820412887e-07-j1.00370665785603773695e-08
  -1.63078986584382512112e-07-j9.85250243258598364096e-09
  -1.60825710037302927822e-07-j9.67017819618035832190e-09
  -1.58628029885741620434e-07-j9.49593044007155091668e-09
  -1.56456697044024029913e-07-j9.32297038744859530951e-09
  -1.54329955985402980727e-07-j9.15564202489242832387e-09
  -1.52240354280898762649e-07-j8.99232382196727277492e-09
  -1.50177357003145463473e-07-j8.83064093056441079510e-09
  -1.48165855375720106604e-07-j8.67642332240506900279e-09
  -1.46177763163643841464e-07-j8.52329852949088852163e-09
  -1.44226418425296293116e-07-j8.37437843688286774249e-09
  -1.42311853339271271723e-07-j8.22976859426600774823e-09
  -1.40419186724308852858e-07-j8.08615733206084317441e-09
  -1.38571419607954101217e-07-j7.94879652265103765922e-09
  -1.36748034024900431632e-07-j7.81315736366682192410e-09
  -1.34950609267412999474e-07-j7.67964516750264560994e-09
  -1.33193526017740306883e-07-j7.55153876511486099796e-09
  -1.31455977461089589867e-07-j7.42428100546242307761e-09
  -1.29750296333479937404e-07-j7.30064382968053667496e-09
  -1.28075305617417252471e-07-j7.18044574456529127863e-09
  -1.26418630711021131180e-07-j7.06102379511041510168e-09
  -1.24798213563179377339e-07-j6.94633903147455267796e-09
  -1.23200609198972966301e-07-j6.83353730248823696224e-09
  -1.21620191723675149611e-07-j6.72144554291567369786e-09
  -1.20079060507270858561e-07-j6.61487671728845323178e-09
  -1.18554462369970609947e-07-j6.50899665572619121747e-09
  -1.17049721450458791389e-07-j6.40455743725648244095e-09
  -1.15578640704322582964e-07-j6.30455492092275813332e-09
  -1.14122967909698941105e-07-j6.20515611303124382963e-09
  -1.12688811868773583173e-07-j6.10768938652309229323e-09
  -1.11283770732578803362e-07-j6.01381047675585430592e-09
  -1.09893217384856536423e-07-j5.92048391750102894934e-09
  -1.08524817013418098968e-07-j5.82934663620436539615e-09
  -1.07182197795664435409e-07-j5.74120694049789147265e-09
  -1.05853211003886504206e-07-j5.65357259469670267831e-09
  -1.04546101563622391191e-07-j5.56818150537274462556e-09
  -1.03262524933594456983e-07-j5.48542366113647754118e-09
  -1.01991784871906071383e-07-j5.40312809104118475327e-09
  -1.00741836696154426373e-07-j5.32295426559254998651e-09
  -9.95141430635832324607e-08-j5.24524583483482114415e-09
  -9.82985448423749799232e-08-j5.16796021158946964325e-09
  -9.71019365646696944826e-08-j5.09252395243874281582e-09
  -9.59271691451708065443e-08-j5.01955547156654345813e-09
  -9.47638063221095817528e-08-j4.94697362358949063395e-09
  -9.36170004574497356073e-08-j4.87583995218329646262e-09
  -9.24923898448460937065e-08-j4.80732322440635201128e-09
  -9.13785393968986444028e-08-j4.73915991028136115566e-09
  -9.02782600549077590083e-08-j4.67193440926441890290e-09
  -8.92012101550844136778e-08-j4.60760086826681388046e-09
  -8.81343187666812998996e-08-j4.54359021361436064821e-09
  -8.70775312855891092607e-08-j4.47991526743416700609e-09
  -8.60456064703805584849e-08-j4.41951450725287425250e-09
  -8.50232780068114111540e-08-j4.35940857037114062016e-09
  -8.40104133914658306677e-08-j4.29959344961403494228e-09
  -8.30180836917908324819e-08-j4.24225831056140118361e-09
  -8.20380677426864171629e-08-j4.18582574720226764843e-09
  -8.10669989428949613192e-08-j4.12965859509117353534e-09
  -8.01116359627615458379e-08-j4.07508890854342111399e-09
  -7.91718173486476288443e-08-j4.02211377646765068304e-09
  -7.82404622520419718635e-08-j3.96938065215106374171e-09
  -7.73197107021340521330e-08-j3.91732016535284679838e-09
  -7.64180998542625503757e-08-j3.86760081261096029619e-09
  -7.55244995183942673251e-08-j3.81810188402149858467e-09
  -7.46388039576463951114e-08-j3.76882050106241296664e-09
  -7.37708997490877054135e-08-j3.72166644971146837710e-09
  -7.29132097742583277984e-08-j3.67521503397519969486e-09
  -7.20630068668147102933e-08-j3.62896158434574126369e-09
  -7.12245834145635474075e-08-j3.58373754039640901505e-09
  -7.04010660160714814679e-08-j3.54015916209634645571e-09
  -6.95846438044428992431e-08-j3.49676062943478246632e-09
  -6.87752259230586551404e-08-j3.45353969865914555771e-09
  -6.79828886667322813168e-08-j3.41241578562552993330e-09
  -6.71986326721887175273e-08-j3.37171044231166709286e-09
  -6.64210189146081327604e-08-j3.33116621575895349291e-09
  -6.56538211556363609162e-08-j3.29150538481812196435e-09
  -6.49002078080793862478e-08-j3.25334196148704150984e-09
  -6.41528964816074477275e-08-j3.21532441359162981799e-09
  -6.34118088205176038829e-08-j3.17745094257529042772e-09
  -6.26848980046061476936e-08-j3.14122119002154532726e-09
  -6.19664707426393506680e-08-j3.10558996957580678490e-09
  -6.12539521812576243136e-08-j3.07008890259457995042e-09
  -6.05485062525543906613e-08-j3.03494624356518726567e-09
  -5.98576225363085829343e-08-j3.00156999748378854801e-09
  -5.91723511682165062901e-08-j2.96831105214381018009e-09
  -5.84926243366994336462e-08-j2.93516798478718165576e-09
  -5.78224831405730039321e-08-j2.90290055716494100809e-09
  -5.71632085804061202590e-08-j2.87176176658141994356e-09
  -5.65092037005100598040e-08-j2.84072707722540067693e-09
  -5.58604058386656235858e-08-j2.80979527311067408859e-09
  -5.52229561949581953705e-08-j2.78011134280380023862e-09
  -5.45935057101378812070e-08-j2.75107175227524075184e-09
  -5.39690070704759641870e-08-j2.72212424988673438105e-09
  -5.33494023129075952719e-08-j2.69326778057146039559e-09
  -5.27422374915049259101e-08-j2.66590326547292731457e-09
  -5.21409467272433040365e-08-j2.63883482942361960309e-09
  -5.15443127182042867869e-08-j2.61184753138614686773e-09
  -5.09523019328459926900e-08-j2.58494413224470344556e-09
  -5.03731844940925785514e-08-j2.55965627388688401968e-09
  -4.97985000903467320089e-08-j2.53444033884945468783e-09
  -4.92281982118609919115e-08-j2.50929551791338800642e-09
  -4.86628595360375761852e-08-j2.48433679984235089202e-09
  -4.81091560036390794874e-08-j2.46080073152861712292e-09
  -4.75596267673265218357e-08-j2.43732730507834122946e-09
  -4.70142249772950789322e-08-j2.41391583591373971802e-09
  -4.64736367359166104528e-08-j2.39070015754916839541e-09
  -4.59439721521961657379e-08-j2.36881313041270883852e-09
  -4.54182410360256256512e-08-j2.34698025151979193932e-09
  -4.48963998917949909276e-08-j2.32520094198877488280e-09
  -4.43787903462870360907e-08-j2.30354532849724035536e-09
  -4.38718780364613453670e-08-j2.28321209352537224228e-09
  -4.33686748425049189668e-08-j2.26292524058069077186e-09
  -4.28691403473432207737e-08-j2.24268425762939125846e-09
  -4.23732347180519251658e-08-j2.22248867151522894395e-09
  -4.18875106108527324974e-08-j2.20355481876991364043e-09
  -4.14056453441790892663e-08-j2.18472635008015197870e-09
  -4.09272424276469280732e-08-j2.16593669890102009170e-09
  -4.04522648059122789463e-08-j2.14718546663255412589e-09
  -3.99858685223805734851e-08-j2.12943374278451314644e-09
  -3.95242253246789843007e-08-j2.11198244054592234296e-09
  -3.90658518929803050983e-08-j2.09456348263197129658e-09
  -3.86107137273278344028e-08-j2.07717651394140976115e-09
  -3.81622845898852711306e-08-j2.06047354014303242250e-09
  -3.77198161981629383168e-08-j2.04432417394288252862e-09
  -3.72804376975364866000e-08-j2.02820117761636198793e-09
  -3.68441169384835007923e-08-j2.01210426598993499995e-09
  -3.64124006729404959671e-08-j1.99632836769129863618e-09
  -3.59881233510410264846e-08-j1.98141128652904369495e-09
  -3.55667677902068554184e-08-j1.96651506189304405158e-09
  -3.51483040061490116263e-08-j1.95163947781897686348e-09
  -3.47327024239376822953e-08-j1.93678432201494147308e-09
  -3.43251335983607340466e-08-j1.92293007538833122957e-09
  -3.39208869886671327886e-08-j1.90919661913059866383e-09
  -3.35193768871651082234e-08-j1.89547877801643050441e-09
  -3.31205756848056199063e-08-j1.88177637294414616263e-09
  -3.27270945537814879640e-08-j1.86859113037212159638e-09
  -3.23390967248154964496e-08-j1.85596131105652399926e-09
  -3.19536900443768865021e-08-j1.84334242408730309133e-09
  -3.15708487153006261581e-08-j1.83073437563504629857e-09
  -3.11905472831299698338e-08-j1.81813705494838672348e-09
  -3.08179365001137668008e-08-j1.80654640004042620011e-09
  -3.04478322285853289446e-08-j1.79497226562519459911e-09
  -3.00801588093063109739e-08-j1.78340467704069996803e-09
  -2.97148924371917977747e-08-j1.77184357347963195972e-09
  -2.93541668821954580449e-08-j1.76070907225118982757e-09
  -2.89986097841190604936e-08-j1.75012975585146816401e-09
  -2.86453574359089667188e-08-j1.73955299931759499933e-09
  -2.82943875581349263303e-08-j1.72897878744256676744e-09
  -2.79456781585337841948e-08-j1.71840709609025863209e-09
  -2.76030313329887279315e-08-j1.70859419035805530502e-09
  -2.72634951913067979988e-08-j1.69896269498336602316e-09
  -2.69261246318676086109e-08-j1.68933005601899773129e-09
  -2.65908990537715115669e-08-j1.67969628044199597113e-09
  -2.62582937259190976035e-08-j1.67016101628424155853e-09
  -2.59318079945194637734e-08-j1.66143304484733713741e-09
  -2.56073781066554839854e-08-j1.65270048501833971076e-09
  -2.52849847507254658858e-08-j1.64396337323851394116e-09
  -2.49646088559298170321e-08-j1.63522175482871480667e-09
  -2.46477044159065360953e-08-j1.62677769439938954456e-09
  -2.43355924375619037913e-08-j1.61890738337720169167e-09
  -2.40254151033212261497e-08-j1.61102931780622089598e-09
  -2.37171545207247764890e-08-j1.60314356235177875321e-09
  -2.34107930172070579366e-08-j1.59525018627718604011e-09
  -2.31083706561300608758e-08-j1.58778075763852647382e-09
  -2.28098261324335495800e-08-j1.58072761418909913368e-09
  -2.25131036806082819418e-08-j1.57366378672580784338e-09
  -2.22181867053308109071e-08-j1.56658936954899460931e-09
  -2.19250588122756729682e-08-j1.55950445795680149342e-09
  -2.16359997114667623402e-08-j1.55290290886573915312e-09
  -2.13502685566797230073e-08-j1.54663045036333825932e-09
  -2.10662548250939962617e-08-j1.54034458423884880188e-09
  -2.07839431090425757544e-08-j1.53404542472555355081e-09
  -2.05033181841052056030e-08-j1.52773309491903131295e-09
  -2.02265957222724119552e-08-j1.52190119746200273105e-09
  -1.99529718852320229561e-08-j1.51637674114556061528e-09
  -1.96809681083678590987e-08-j1.51083634021952273078e-09
  -1.94105700723734657336e-08-j1.50528012504195008763e-09
  -1.91417636251385889382e-08-j1.49970824117170899088e-09
  -1.88764363459060439732e-08-j1.49455498072727335443e-09
  -1.86142579973663958692e-08-j1.48974952525649237439e-09
  -1.83536090549029331416e-08-j1.48492573362782325674e-09
  -1.80944761957993942299e-08-j1.48008377213240457944e-09
  -1.78368462534656461894e-08-j1.47522378472369872736e-09
  -1.75820515238419919810e-08-j1.47066408947270315882e-09
  -1.73306975785049881958e-08-j1.46655217293146875730e-09
  -1.70807885676247444090e-08-j1.46241967324942991656e-09
  -1.68323120860169749705e-08-j1.45826675822533446603e-09
  -1.65852558687567263158e-08-j1.45409361133497049890e-09
  -1.63402041754015527343e-08-j1.45004706587996324249e-09
  -1.60990911059102799425e-08-j1.44660670858275305193e-09
  -1.58593442068214578837e-08-j1.44314361936303147005e-09
  -1.56209519136123961111e-08-j1.43965799736434257859e-09
  -1.53839027924160634731e-08-j1.43615003529355285368e-09
  -1.51481855390969950190e-08-j1.43261991037905796999e-09
  -1.49164515476495168607e-08-j1.42975218871258993453e-09
  -1.46863231450791335327e-08-j1.42694004674180096795e-09
  -1.44574766310366617043e-08-j1.42410333199720982579e-09
  -1.42299013364010877209e-08-j1.42124224549563475043e-09
  -1.40035867092314628264e-08-j1.41835699657208488303e-09
  -1.37799886122515553386e-08-j1.41584318147385267636e-09
  -1.35589666557893024158e-08-j1.41366689918583836652e-09
  -1.33391586855138858655e-08-j1.41146408102226576464e-09
  -1.31205547366963615743e-08-j1.40923493473756109356e-09
  -1.29031449513381223165e-08-j1.40697968647654115200e-09
  -1.26870944166454812305e-08-j1.40474825568391966732e-09
  -1.24746959852331368745e-08-j1.40319617405962209298e-09
  -1.22634480993351644313e-08-j1.40161563491193965397e-09
  -1.20533414408939335406e-08-j1.40000687563208369979e-09
  -1.18443667945080976157e-08-j1.39837011203492104598e-09
  -1.16365150409911862126e-08-j1.39670558229942312171e-09
  -1.14310995067203711895e-08-j1.39541242582731026306e-09
  -1.12279598053526974356e-08-j1.39444603195919876057e-09
  -1.10259026254718632731e-08-j1.39344954149224705930e-09
  -1.08249193404021762890e-08-j1.39242319699758358754e-09
  -1.06250014161464576582e-08-j1.39136722950913529791e-09
  -1.04261404071365258237e-08-j1.39028188217645031051e-09
  -1.02304621349782103554e-08-j1.38985449933392966613e-09
  -1.00360308412163431897e-08-j1.38946574089739625984e-09
  -9.84261907541406158084e-09-j1.38904528118276626467e-09
  -9.65021884070211090281e-09-j1.38859337094727749579e-09
  -9.45882222465384693911e-09-j1.38811025181701714613e-09
  -9.26886636698650764311e-09-j1.38774993925602386372e-09
  -9.08165971441346062009e-09-j1.38796810398798345106e-09
  -8.89542170866874694198e-09-j1.38815271820162903680e-09
  -8.71014485041437009711e-09-j1.38830404226206379191e-09
  -8.52582171718998354379e-09-j1.38842233650527226863e-09
  -8.34244496446583372744e-09-j1.38850784861776644455e-09
  -8.16085461159425751761e-09-j1.38887750759898330349e-09
  -7.98141297218858780277e-09-j1.38967031341468237941e-09
  -7.80288530357365379880e-09-j1.39042797198081320248e-09
  -7.62526463825772083082e-09-j1.39115074960260023438e-09
  -7.44854407961342374108e-09-j1.39183890942275234820e-09
  -7.27271679953110264049e-09-j1.39249271890543690952e-09
  -7.09880031200729961648e-09-j1.39352959280693429912e-09
  -6.92666619258925172694e-09-j1.39490088033073452220e-09
  -6.75539530966192554781e-09-j1.39623540185279659187e-09
  -6.58498118290863093072e-09-j1.39753342579709407619e-09
  -6.41541739411834772110e-09-j1.39879523102582619387e-09
  -6.24669759033554681275e-09-j1.40002108749894268278e-09
  -6.07982627345017469198e-09-j1.40166356773424836429e-09
  -5.91456936018298250557e-09-j1.40362162741249568560e-09
  -5.75012858028349315637e-09-j1.40554125455194872358e-09
  -5.58649789558640438710e-09-j1.40742273709915523331e-09
  -5.42367132955830879383e-09-j1.40926635141219077189e-09
  -5.26164296217604210880e-09-j1.41107238001881776141e-09
  -5.10124722968625474054e-09-j1.41325796848172858916e-09
  -4.94246204057530649445e-09-j1.41581590290210435986e-09
  -4.78444922693176091413e-09-j1.41833368512958960772e-09
  -4.62720315905933260670e-09-j1.42081160645489922729e-09
  -4.47071826214963825187e-09-j1.42324995473365355838e-09
  -4.31498901443339995636e-09-j1.42564901813295359073e-09
  -4.16055511191181569532e-09-j1.42831190989840777782e-09
  -4.00785883946359493639e-09-j1.43148811462502575727e-09
  -3.85589427658614335792e-09-j1.43462236048437062337e-09
  -3.70465616717755304835e-09-j1.43771494699748008167e-09
  -3.55413930410629752025e-09-j1.44076617431898406277e-09
  -3.40433853071991650337e-09-j1.44377633757425168465e-09
  -3.25540578920119260556e-09-j1.44684448440671562712e-09
  -3.10843632754358135301e-09-j1.45066322089242500641e-09
  -2.96216076758791605564e-09-j1.45443808707789656272e-09
  -2.81657419507545799796e-09-j1.45816939322242012540e-09
  -2.67167174248966437355e-09-j1.46185744591105470838e-09
  -2.52744858787060892470e-09-j1.46550254939326937109e-09
  -2.38389995433374480563e-09-j1.46910500539804394977e-09
  -2.24202130946693247263e-09-j1.47338615249444898742e-09
  -2.10109418246058132757e-09-j1.47783236674877266565e-09
  -1.96082119638939118920e-09-j1.48223298800245419513e-09
  -1.82119779390280165979e-09-j1.48658833365130316516e-09
  -1.68221946116742034848e-09-j1.49089871661846764002e-09
  -1.54388172500637754145e-09-j1.49516444842041239341e-09
  -1.40658034794677541053e-09-j1.49972102305847370219e-09
  -1.27067812774944001839e-09-j1.50487677434707665065e-09
  -1.13539763058838889051e-09-j1.50998474148077366402e-09
  -1.00073458422726417790e-09-j1.51504525259035164734e-09
  -8.66684757451021908233e-10-j1.52005863139743801590e-09
  -7.33243956413445990942e-10-j1.52502519966325991763e-09
  -6.00408025819078263564e-10-j1.52994527600765675901e-09
  -4.69025179541553670781e-10-j1.53566201387472358532e-09
  -3.38431462329673988552e-10-j1.54152388366042143202e-09
  -2.08425296452575686990e-10-j1.54733592768385335955e-09
  -7.90027087154887259196e-11-j1.55309848212713278290e-09
  +4.98402385761725467659e-11-j1.55881187995320103317e-09
  +1.78107444767296811256e-10-j1.56447645119026499173e-09
  +3.05631193533604615863e-10-j1.57029645595670621146e-09
  +4.31829756970881929158e-10-j1.57696865201431690068e-09
  +5.57468596153021620446e-10-j1.58358842878383930101e-09
  +6.82551442838059255639e-10-j1.59015613569668528741e-09
  +8.07081999005448991102e-10-j1.59667211798567847764e-09
  +9.31063933029365690339e-10-j1.60313671785354362770e-09
  +1.05450087839290844477e-09-j1.60955027588761708983e-09
  +1.17702581570613750312e-09-j1.61645432565244043470e-09
  +1.29857407646089944836e-09-j1.62394950952583013962e-09
  +1.41959202091024356538e-09-j1.63138977976612020397e-09
  +1.54008313344987751867e-09-j1.63877549503404933066e-09
  +1.66005086640579913532e-09-j1.64610701209208549105e-09
  +1.77949864205992896264e-09-j1.65338468455517433685e-09
  +1.89842985311936176469e-09-j1.66060886272979756353e-09
  +2.01641243679555377922e-09-j1.66858188552819231563e-09
  +2.13362857087785973769e-09-j1.67697557660295212485e-09
  +2.25034156914195983315e-09-j1.68531157476060475939e-09
  +2.36655468568618638017e-09-j1.69359025270336998294e-09
  +2.48227114829660092877e-09-j1.70181197746726526715e-09
  +2.59749415520174386406e-09-j1.70997711532817542285e-09
  +2.71222687658965593920e-09-j1.71808603045257957306e-09
  +2.82607072677575718278e-09-j1.72710383350795041311e-09
  +2.93925598069670478461e-09-j1.73648653809291355056e-09
  +3.05196322825812677906e-09-j1.74580843825565855534e-09
  +3.16419551580523082658e-09-j1.75506991923488303296e-09
  +3.27595586331754607960e-09-j1.76427136377605282804e-09
  +3.38724726467503463022e-09-j1.77341315232507126872e-09
  +3.49807268929544259317e-09-j1.78249566051382774154e-09
  +3.60812983616527312878e-09-j1.79251773935201647903e-09
  +3.71756945370804786721e-09-j1.80299778560037785829e-09
  +3.82655431120101429626e-09-j1.81341352372704941171e-09
  +3.93508726397404005030e-09-j1.82376535534191829911e-09
  +4.04317114301347224116e-09-j1.83405367960220278870e-09
  +4.15080875481753263859e-09-j1.84427889426293296437e-09
  +4.25800288453857333092e-09-j1.85444138923565559103e-09
  +4.36457490392322568872e-09-j1.86540098881318881796e-09
  +4.47053857943118556427e-09-j1.87710802947079430439e-09
  +4.57606901292713021227e-09-j1.88874680167097259427e-09
  +4.68116888624264962513e-09-j1.90031772287270984847e-09
  +4.78584085595369155105e-09-j1.91182121471092049248e-09
  +4.89008756024133728805e-09-j1.92325768680287505317e-09
  +4.99391161283894477470e-09-j1.93462755227585884174e-09
  +5.09725114683091794762e-09-j1.94641789395147269678e-09
  +5.19999284411497848053e-09-j1.95950725583417221443e-09
  +5.30232124138527698314e-09-j1.97252384868302973584e-09
  +5.40423886066050685378e-09-j1.98546811046490717216e-09
  +5.50574820002191757944e-09-j1.99834048480327074315e-09
  +5.60685174114839823901e-09-j2.01114140120629049148e-09
  +5.70755194198923801817e-09-j2.02387129567148086183e-09
  +5.80785124316717830277e-09-j2.03653059365922714399e-09
  +5.90762238463587973817e-09-j2.05098456185476137259e-09
  +6.00698451246389425209e-09-j2.06556471718291812128e-09
  +6.10595422918696253878e-09-j2.08006743217862432867e-09
  +6.20453388912872532197e-09-j2.09449317040152973294e-09
  +6.30272582723569561418e-09-j2.10884239335646113799e-09
  +6.40053236250890847783e-09-j2.12311555080429276629e-09
  +6.49795579250906361358e-09-j2.13731309771099736490e-09
  +6.59497603940775982359e-09-j2.15243510776865795940e-09
  +6.69158878874213481026e-09-j2.16880217057878669708e-09
  +6.78782623040770044630e-09-j2.18508594028953891658e-09
  +6.88369058644458062974e-09-j2.20128690361743473289e-09
  +6.97918405936016481212e-09-j2.21740554961075519643e-09
  +7.07430883362029626731e-09-j2.23344236576182939640e-09
  +7.16906707921016303292e-09-j2.24939782724321397743e-09
  +7.26346094804910357530e-09-j2.26527240874998881046e-09
  +7.35751441046458781108e-09-j2.28328811645506349250e-09
  +7.45121250067627136198e-09-j2.30162121797789848536e-09
  +7.54455338412505637783e-09-j2.31986481302788637401e-09
  +7.63753914131730825478e-09-j2.33801942112750431112e-09
  +7.73017183501874639399e-09-j2.35608556292093888593e-09
  +7.82245351530005816818e-09-j2.37406374430557402144e-09
  +7.91438621473545791856e-09-j2.39195447251791922944e-09
  +8.00598383861999125734e-09-j2.41019655203147860170e-09
  +8.09730630215878556744e-09-j2.43090300025893987062e-09
  +8.18828652788066081424e-09-j2.45151220871946823263e-09
  +8.27892648038176463986e-09-j2.47202474055694601213e-09
  +8.36922811181162823085e-09-j2.49244114595673794229e-09
  +8.45919336175127132874e-09-j2.51276196286886291452e-09
  +8.54882414817506620652e-09-j2.53298774803747063564e-09
  +8.63812238058956367629e-09-j2.55311903323551488785e-09
  +8.72712435284355256330e-09-j2.57429229434666152305e-09
  +8.81586757028319583847e-09-j2.59765789148269830606e-09
  +8.90428468054248649929e-09-j2.62091790204663367595e-09
  +8.99237752961691061404e-09-j2.64407291967098408337e-09
  +9.08014795077672847585e-09-j2.66712352936535766576e-09
  +9.16759775914484870081e-09-j2.69007032651134427903e-09
  +9.25472876213385901621e-09-j2.71291388176372712560e-09
  +9.34154274734308184274e-09-j2.73565478280265123411e-09
  +9.42807203835788030597e-09-j2.75986672150599001696e-09
  +9.51433481405856073073e-09-j2.78634592124638584295e-09
  +9.60028696891622391874e-09-j2.81270983385679843449e-09
  +9.68593023265893264443e-09-j2.83895910651379380238e-09
  +9.77126632575070732472e-09-j2.86509436927570649590e-09
  +9.85629695219886137498e-09-j2.89111626011633564016e-09
  +9.94102380868979252128e-09-j2.91702539419832019434e-09
  +1.00254485737534478259e-08-j2.94282240126352036841e-09
  +1.01095643743522370680e-08-j2.97008849969426077468e-09
  +1.01933663495209656475e-08-j3.00023032473858341144e-09
  +1.02768728905226931023e-08-j3.03024560920180011645e-09
  +1.03600856207378487009e-08-j3.06013504451398082276e-09
  +1.04430061508022435147e-08-j3.08989931992760031463e-09
  +1.05256360812708914294e-08-j3.11953911391587439407e-09
  +1.06079770017918095685e-08-j3.14905509740037603116e-09
  +1.06900304842394480996e-08-j3.17844795725466853908e-09
  +1.07717576277150446889e-08-j3.20862884078004508534e-09
  +1.08530056886389966914e-08-j3.24309426349306975082e-09
  +1.09339736608413479443e-08-j3.27742006640767675541e-09
  +1.10146630589289554535e-08-j3.31160701007589425671e-09
  +1.10950753886582886940e-08-j3.34565584257130115163e-09
  +1.11752121470017215183e-08-j3.37956729965847998797e-09
  +1.12550748187804256440e-08-j3.41334211648503707898e-09
  +1.13346648756661588695e-08-j3.44698103103569532885e-09
  +1.14139837828491431760e-08-j3.48048476264408744732e-09
  +1.14924997387437602325e-08-j3.51927469689231949267e-09
  +1.15706739782341750135e-08-j3.55869844019421229242e-09
  +1.16485856292371826895e-08-j3.59796824656907029462e-09
  +1.17262360886138351144e-08-j3.63708494284355794972e-09
  +1.18036267480583476837e-08-j3.67604933447320255419e-09
  +1.18807589858737518697e-08-j3.71486223253678999461e-09
  +1.19576341761226121806e-08-j3.75352442465878411406e-09
  +1.20342536772547105259e-08-j3.79203671183851654123e-09
  +1.21100662382958155535e-08-j3.83366459321880600432e-09
  +1.21849558966617128833e-08-j3.87911290696814709638e-09
  +1.22596004753576214899e-08-j3.92438993983889134727e-09
  +1.23340012612647451315e-08-j3.96949659530299483465e-09
  +1.24081595364072583717e-08-j4.01443375745557626538e-09
  +1.24820765701479832313e-08-j4.05920231568136508692e-09
  +1.25557536268767732477e-08-j4.10380314105231370053e-09
  +1.26291919618947588771e-08-j4.14823709959810896800e-09
  +1.27023928168197496212e-08-j4.19250506635301753872e-09
  +1.27733842741442098073e-08-j4.24419657469973925836e-09
  +1.28439315027109078398e-08-j4.29653958896815522338e-09
  +1.29142548955285387710e-08-j4.34869255712694451318e-09
  +1.29843556139174989569e-08-j4.40065645605215348143e-09
  +1.30542348091864869277e-08-j4.45243226176542287374e-09
  +1.31238936250743719886e-08-j4.50402094248134121889e-09
  +1.31933332001214149795e-08-j4.55542345189601732158e-09
  +1.32625546658166086957e-08-j4.60664073505035151114e-09
  +1.33307480173688352237e-08-j4.65982560379531544678e-09
  +1.33958776903710572093e-08-j4.72038808766647059706e-09
  +1.34608073987789378644e-08-j4.78073854445282189307e-09
  +1.35255381672229068662e-08-j4.84087805231131813378e-09
  +1.35900710138218694695e-08-j4.90080768079290117284e-09
  +1.36544069485193525560e-08-j4.96052849564334390696e-09
  +1.37185469789578022009e-08-j5.02004154286790942424e-09
  +1.37824921001775347599e-08-j5.07934787735935649340e-09
  +1.38462433022068038952e-08-j5.13844854204992838633e-09
  +1.39073973566536491023e-08-j5.20187243988607247650e-09
  +1.39649302644430563169e-08-j5.27155677345447397622e-09
  +1.40222935918280551358e-08-j5.34100643889635019894e-09
  +1.40794882004389334554e-08-j5.41022260452119051451e-09
  +1.41365149392324621116e-08-j5.47920644889459910052e-09
  +1.41933746606932214474e-08-j5.54795911877500191393e-09
  +1.42500682029206378799e-08-j5.61648177573839412013e-09
  +1.43065964046321393513e-08-j5.68477555770044819481e-09
  +1.43629600926539461160e-08-j5.75284161101038219154e-09
  +1.44149546531725701510e-08-j5.82632230187118233102e-09
  +1.44620292829042746065e-08-j5.90596392438452691142e-09
  +1.45089720637802744079e-08-j5.98534774548763000227e-09
  +1.45557836570450653132e-08-j6.06447504011192990417e-09
  +1.46024647201662049707e-08-j6.14334707332139843925e-09
  +1.46490159021661886152e-08-j6.22196511163336045715e-09
  +1.46954378541322039212e-08-j6.30033039815184568161e-09
  +1.47417312203773703226e-08-j6.37844417383556692946e-09
  +1.47878966389697425208e-08-j6.45630767613854307248e-09
  +1.48287417554846520264e-08-j6.53875252389942292450e-09
  +1.48613697026834006303e-08-j6.62847925338012262847e-09
  +1.48939130266716394187e-08-j6.71792675394566060094e-09
  +1.49263721473742436513e-08-j6.80709639507275835636e-09
  +1.49587474837603227493e-08-j6.89598953332897148121e-09
  +1.49910394519787171438e-08-j6.98460751664426603366e-09
  +1.50232484699805101867e-08-j7.07295167461450382796e-09
  +1.50553749456813903337e-08-j7.16102334399859494772e-09
  +1.50874192867939202606e-08-j7.24882384759767164917e-09
  +1.51160701988715969750e-08-j7.33832055749809334829e-09
  +1.51290718879005189246e-08-j7.43679358063274492699e-09
  +1.51420475623446270390e-08-j7.53497126179566095604e-09
  +1.51549973580994720083e-08-j7.63285502195867207068e-09
  +1.51679214011450416274e-08-j7.73044629098450595343e-09
  +1.51808198251977487458e-08-j7.82774647255439470911e-09
  +1.51936927628956803316e-08-j7.92475696203580475327e-09
  +1.52065403409010893663e-08-j8.02147915582314392322e-09
  +1.52193626858374572219e-08-j8.11791443981377896895e-09
  +1.52321599292237484372e-08-j8.21406418035553636550e-09
  +1.52240997978521261987e-08-j8.31604888845053588427e-09
  +1.52115384012728350096e-08-j8.41906788673276342110e-09
  +1.51990216898405359001e-08-j8.52178747960447256722e-09
  +1.51865494536529570494e-08-j8.62420909629792717716e-09
  +1.51741214828499003512e-08-j8.72633415920690700172e-09
  +1.51617375709839395445e-08-j8.82816407800608219003e-09
  +1.51493975174830527021e-08-j8.92970024577476718409e-09
  +1.51371011108637063833e-08-j9.03094406763172645988e-09
  +1.51248481535078729772e-08-j9.13189691852360358387e-09
  +1.51023860900603901333e-08-j9.23251454467287641323e-09
  +1.50588125719539508460e-08-j9.33274927010352652446e-09
  +1.50153654058157974974e-08-j9.43269674531201767987e-09
  +1.49720439995908276262e-08-j9.53235831529428397101e-09
  +1.49288477603283403957e-08-j9.63173532407395334715e-09
  +1.48857761035013710123e-08-j9.73082909993678821504e-09
  +1.48428284423810445595e-08-j9.82964097205729368386e-09
  +1.48000041937819194155e-08-j9.92817226126278445933e-09
  +1.47573027795951201963e-08-j1.00264242779288107179e-08
  +1.47147236303668914850e-08-j1.01243983168559206842e-08
  +1.46485254510449320558e-08-j1.02138001727889330728e-08
  +1.45717285099424239626e-08-j1.02991757372934973411e-08
  +1.44951449050100509515e-08-j1.03843035152064661964e-08
  +1.44187736478810988588e-08-j1.04691846435241099625e-08
  +1.43426137462375556643e-08-j1.05538202660827828344e-08
  +1.42666642296488498925e-08-j1.06382114979492375675e-08
  +1.41909241261017025364e-08-j1.07223594579158864465e-08
  +1.41153924665592868586e-08-j1.08062652618842563577e-08
  +1.40400682851987880466e-08-j1.08899300222536642654e-08
  +1.39649506257135119736e-08-j1.09733548397217364510e-08
  +1.38617803575871906983e-08-j1.10323729009224789738e-08
  +1.37558799731368967021e-08-j1.10886281941812540645e-08
  +1.36502744405268435136e-08-j1.11447090028907710037e-08
  +1.35449624079337203185e-08-j1.12006161236398414250e-08
  +1.34399425435456773931e-08-j1.12563503333791506064e-08
  +1.33352135325479112064e-08-j1.13119123938474827305e-08
  +1.32307740508469083035e-08-j1.13673030827978419473e-08
  +1.31266228011177488642e-08-j1.14225231512312071999e-08
  +1.30227584649969418117e-08-j1.14775733790040020201e-08
  +1.29191797581160562569e-08-j1.15324545110684984068e-08
  +1.27968277009665506625e-08-j1.15486046250833051902e-08
  +1.26742742991964863044e-08-j1.15635679316294524317e-08
  +1.25520724739544701994e-08-j1.15784661632069245249e-08
  +1.24302206572476782680e-08-j1.15932996079307011888e-08
  +1.23087172977268684222e-08-j1.16080685442648424491e-08
  +1.21875608620476286855e-08-j1.16227732399936513191e-08
  +1.20667497910780674083e-08-j1.16374139980138515337e-08
  +1.19462825730557502481e-08-j1.16519910793083544353e-08
  +1.18261576851130916760e-08-j1.16665047643318202678e-08
  +1.17063736186986963870e-08-j1.16809553263560533386e-08
  +1.15855705136627960104e-08-j1.16552424281922561581e-08
  +1.14649606810227722323e-08-j1.16246479076923943588e-08
  +1.13447112745867788204e-08-j1.15941208564110624447e-08
  +1.12248207256438334875e-08-j1.15636609712590434804e-08
  +1.11052874434988176423e-08-j1.15332679812664825045e-08
  +1.09861098920482004726e-08-j1.15029415731169842061e-08
  +1.08672865131436610166e-08-j1.14726814654254722797e-08
  +1.07488157535802684716e-08-j1.14424873821473618670e-08
  +1.06306960894596892020e-08-j1.14123590295796215336e-08
  +1.05129260030296854525e-08-j1.13822961185344497390e-08
  +1.04064656731158676591e-08-j1.13261024074216194937e-08
  +1.03060551370290221560e-08-j1.12563815505442435235e-08
  +1.02059549990543301498e-08-j1.11868531137691697385e-08
  +1.01061639007218827727e-08-j1.11175162808700093976e-08
  +1.00066805120031109331e-08-j1.10483702215044340358e-08
  +9.90750349793839029727e-09-j1.09794141216033055538e-08
  +9.80863154370256434179e-09-j1.09106471605219872802e-08
  +9.71006332050298596111e-09-j1.08420685417339079596e-08
  +9.61179752469487362314e-09-j1.07736774574609805035e-08
  +9.51383286147830776047e-09-j1.07054731033893353399e-08
  +9.42382523919083580319e-09-j1.06302359358669573255e-08
  +9.35492008866781691794e-09-j1.05355815720031703561e-08
  +9.28623079025578130469e-09-j1.04412045713382377942e-08
  +9.21775641328068615190e-09-j1.03471037517283532849e-08
  +9.14949602294619436070e-09-j1.02532779461577586159e-08
  +9.08144871849027377669e-09-j1.01597259686421206400e-08
  +9.01361357866674210308e-09-j1.00664466627355223981e-08
  +8.94598968838644990582e-09-j9.97343887775705904878e-09
  +8.87857615945227162242e-09-j9.88070145005817484508e-09
  +8.81137208453161314082e-09-j9.78823324421754307762e-09
  +8.74437657045821356983e-09-j9.69603312313745957278e-09
  +8.70041646912204313339e-09-j9.59542919125052723788e-09
  +8.66529359354567953852e-09-j9.49181820352927346248e-09
  +8.63027841030400319640e-09-j9.38851529444335293236e-09
  +8.59537047659176889304e-09-j9.28551915006089801121e-09
  +8.56056931770631357923e-09-j9.18282849549791416966e-09
  +8.52587449415828945581e-09-j9.08044203295104032129e-09
  +8.49128555025442811727e-09-j8.97835848919317929761e-09
  +8.45680204231556141500e-09-j8.87657658924839875286e-09
  +8.42242352364344762219e-09-j8.77509507042193343949e-09
  +8.38814955273763953178e-09-j8.67391267448960010292e-09
  +8.35453190728258980857e-09-j8.57302524521334966112e-09
  +8.34843954029763797713e-09-j8.47229089217358243970e-09
  +8.34236167257937861122e-09-j8.37185336187859238485e-09
  +8.33629824236092511744e-09-j8.27171142006335199007e-09
  +8.33024918732628855939e-09-j8.17186384029060270408e-09
  +8.32421445871065719804e-09-j8.07230938946192954291e-09
  +8.31819399374521695990e-09-j7.97304685569629710356e-09
  +8.31218772917171431179e-09-j7.87407503489406553880e-09
  +8.30619561684120325920e-09-j7.77539271405775377285e-09
  +8.30021759515598045938e-09-j7.67699870123355072793e-09
  +8.29425360284687389349e-09-j7.57889181121244129942e-09
  +8.29162510984481778345e-09-j7.48214677508821267271e-09
  +8.30719366573624515592e-09-j7.39157544324709478766e-09
  +8.32270967012126144701e-09-j7.30126433494970871120e-09
  +8.33817334318036713179e-09-j7.21121238241200181098e-09
  +8.35358490511709635670e-09-j7.12141852213079288284e-09
  +8.36894456150704025207e-09-j7.03188171218045955772e-09
  +8.38425254008078867969e-09-j6.94260088895349413106e-09
  +8.39950905165965413436e-09-j6.85357501293254523999e-09
  +8.41471430256587736325e-09-j6.76480305463414681317e-09
  +8.42986851274849219936e-09-j6.67628397200844801560e-09
  +8.44497188805306001826e-09-j6.58801674457459139214e-09
  +8.46189021781642947851e-09-j6.50125604384741770762e-09
  +8.49183136133558638029e-09-j6.42354263357499215792e-09
  +8.52167862426343605129e-09-j6.34604511754318858398e-09
  +8.55143238018488227325e-09-j6.26876263815920254846e-09
  +8.58109300778590939048e-09-j6.19169433333566021049e-09
  +8.61066089552862184351e-09-j6.11483932911465459378e-09
  +8.64013641118456755223e-09-j6.03819678193149425590e-09
  +8.66951993124938803177e-09-j5.96176583794495730199e-09
  +8.69881182627653224626e-09-j5.88554565346494674568e-09
  +8.72801247360770189368e-09-j5.80953537629427043136e-09
  +8.75712222857878858144e-09-j5.73373418860923979296e-09
  +8.78614147196184344065e-09-j5.65814123578720450992e-09
  +8.82396287457952701791e-09-j5.59257105648287396455e-09
  +8.86235202023937904816e-09-j5.52792877100201770250e-09
  +8.90062594882451891674e-09-j5.46345919076094162444e-09
  +8.93878512743720454385e-09-j5.39916162160933279596e-09
  +8.97683001490821859638e-09-j5.33503538204627641103e-09
  +9.01476105827016574834e-09-j5.27107981000893865975e-09
  +9.05257871950078602190e-09-j5.20729421772483134675e-09
  +9.09028343996840768230e-09-j5.14367795207717659421e-09
  +9.12787567138334507626e-09-j5.08023034163130005730e-09
  +9.16535585892684693546e-09-j5.01695072559685129529e-09
  +9.20272444778940159901e-09-j4.95383844232330881054e-09
  +9.24318367218084507459e-09-j4.89639730542250778510e-09
  +9.28599856843988569290e-09-j4.84335789310413175596e-09
  +9.32868947885515487077e-09-j4.79045463016128603685e-09
  +9.37125689144875324302e-09-j4.73768698356787792227e-09
  +9.41370128578674068982e-09-j4.68505443473415953186e-09
  +9.45602314920533126260e-09-j4.63255644729772427337e-09
  +9.49822295502205918557e-09-j4.58019251067013654141e-09
  +9.54030118153817555148e-09-j4.52796210192939753088e-09
  +9.58225829818537318406e-09-j4.47586471418645411909e-09
  +9.62409478395379573380e-09-j4.42389981771138689367e-09
  +9.66581109930645835695e-09-j4.37206691985273756263e-09
  +9.70749127298414051857e-09-j4.32059676757444633127e-09
  +9.75201816442587129813e-09-j4.27746267964091404965e-09
  +9.79642014551785196912e-09-j4.23443483335601488467e-09
  +9.84069768908790432643e-09-j4.19151284228582342899e-09
  +9.88485128142710137189e-09-j4.14869628535526812669e-09
  +9.92888139533491576643e-09-j4.10598476918722998169e-09
  +9.97278850707129717641e-09-j4.06337788855437241831e-09
  +1.00165730833278629418e-08-j4.02087525774579040464e-09
  +1.00602356028031953995e-08-j3.97847645741195250161e-09
  +1.01037765225923214189e-08-j3.93618111809696757572e-09
  +1.01471963159358523906e-08-j3.89398882560230013733e-09
  +1.01904954369749333641e-08-j3.85189921064470570887e-09
  +1.02341092321328591699e-08-j3.81214595474537869720e-09
  +1.02785398349170235929e-08-j3.77729883620739423854e-09
  +1.03228494473637803607e-08-j3.74253387247092081061e-09
  +1.03670385297072753348e-08-j3.70785074980801262357e-09
  +1.04111075377477859676e-08-j3.67324916179712172993e-09
  +1.04550569294904197823e-08-j3.63872879067762769521e-09
  +1.04988871479583989735e-08-j3.60428935655877997869e-09
  +1.05425986505268734708e-08-j3.56993053334921416095e-09
  +1.05861918806897395092e-08-j3.53565202999431109905e-09
  +1.06296672855699497381e-08-j3.50145353969880223116e-09
  +1.06730253004574693991e-08-j3.46733478636352821730e-09
  +1.07162663763774773357e-08-j3.43329544057100657955e-09
  +1.07595406509442614605e-08-j3.40181833955508125471e-09
  +1.08028981787803388852e-08-j3.37370633770684664148e-09
  +1.08461408164168387417e-08-j3.34565763559725099112e-09
  +1.08892689946402076012e-08-j3.31767199098197687036e-09
  +1.09322831402027586573e-08-j3.28974916868934179282e-09
  +1.09751836725330902351e-08-j3.26188895216812255488e-09
  +1.10179710205571575808e-08-j3.23409108726935896809e-09
  +1.10606455986224829929e-08-j3.20635536284115125638e-09
  +1.11032078260418115343e-08-j3.17868154529264469714e-09
  +1.11456581193215953216e-08-j3.15106940446897289112e-09
  +1.11879968903417908594e-08-j3.12351872045235743838e-09
  +1.12302245554129457713e-08-j3.09602925129160476340e-09
  +1.12722529547307935106e-08-j3.07030734855664831182e-09
  +1.13140169504714656931e-08-j3.04763370081390652611e-09
  +1.13556730355814098581e-08-j3.02500864718193096321e-09
  +1.13972216007091110804e-08-j3.00243203074204313841e-09
  +1.14386630472636716608e-08-j2.97990364754679317541e-09
  +1.14799977597890763976e-08-j2.95742335130805848587e-09
  +1.15212261361552344250e-08-j2.93499093805654666225e-09
  +1.15623485598292555343e-08-j2.91260625294074823834e-09
  +1.16033654194815646405e-08-j2.89026911437334334867e-09
  +1.16442770971068189071e-08-j2.86797936062667771719e-09
  +1.16850839767897177147e-08-j2.84573681505504940327e-09
  +1.17257864424944303022e-08-j2.82354129437701433068e-09
  +1.17663208384823502009e-08-j2.80182886806008957871e-09
  +1.18062561703329412585e-08-j2.78354245863546040776e-09
  +1.18460907075147784936e-08-j2.76529318059286988774e-09
  +1.18858248130776114266e-08-j2.74708090606731588868e-09
  +1.19254588502951172961e-08-j2.72890549937582776125e-09
  +1.19649931791320424408e-08-j2.71076683222578119087e-09
  +1.20044281624360991712e-08-j2.69266475652774331469e-09
  +1.20437641536143146744e-08-j2.67459915893493116493e-09
  +1.20830015091751702876e-08-j2.65656990540503762001e-09
  +1.21221405831651964559e-08-j2.63857686592463882062e-09
  +1.21611817277191123596e-08-j2.62061991207833327466e-09
  +1.22001252964839185536e-08-j2.60269890105930215263e-09
  +1.22389716341102604620e-08-j2.58481372478753104831e-09
  +1.22772421416262090725e-08-j2.56908163181789566601e-09
  +1.23151934939385662889e-08-j2.55437270812693182336e-09
  +1.23530512451699952552e-08-j2.53969183327206721235e-09
  +1.23908157310989129874e-08-j2.52503889436009632305e-09
  +1.24284872804318700054e-08-j2.51041380568858041276e-09
  +1.24660662241245606194e-08-j2.49581646334951870766e-09
  +1.25035528935503143590e-08-j2.48124675376417562928e-09
  +1.25409476098585745570e-08-j2.46670460725157312816e-09
  +1.25782507007677318475e-08-j2.45218991405282869296e-09
  +1.26154624926200345297e-08-j2.43770256350202856013e-09
  +1.26525833028852973539e-08-j2.42324248320668174300e-09
  +1.26896134550331457143e-08-j2.40880956254384940599e-09
  +1.27265092700991491608e-08-j2.39455516568862322786e-09
  +1.27626185881005179112e-08-j2.38272662803608481709e-09
  +1.27986406869435055363e-08-j2.37091904310711762972e-09
  +1.28345758674383802096e-08-j2.35913236462067936173e-09
  +1.28704244388676999949e-08-j2.34736649314032606461e-09
  +1.29061867012800188356e-08-j2.33562137182817911494e-09
  +1.29418629569360082065e-08-j2.32389692456195788400e-09
  +1.29774535063514401305e-08-j2.31219307724889956806e-09
  +1.30129586491159669450e-08-j2.30050975338060100516e-09
  +1.30483786787146530299e-08-j2.28884690351313972281e-09
  +1.30837138957071589569e-08-j2.27720443059387229465e-09
  +1.31189645916504407290e-08-j2.26558228123061373070e-09
  +1.31541310604728537792e-08-j2.25398038109228346174e-09
  +1.31890367571103560183e-08-j2.24292182273523997849e-09
  +1.32233228160315831676e-08-j2.23347027245238155486e-09
  +1.32575277739258777843e-08-j2.22403398874508844035e-09
  +1.32916519118439896228e-08-j2.21461291274256736934e-09
  +1.33256955045367384694e-08-j2.20520701568493131165e-09
  +1.33596588319675765960e-08-j2.19581623037913940236e-09
  +1.33935421706233575191e-08-j2.18644050281714380211e-09
  +1.34273457950789630174e-08-j2.17707978312544150373e-09
  +1.34610699794507471495e-08-j2.16773401666342145544e-09
  +1.34947149933876169955e-08-j2.15840316917043604100e-09
  +1.35282811101268205656e-08-j2.14908717645387042757e-09
  +1.35617686003702939838e-08-j2.13978598249580449033e-09
  +1.35951777322636924594e-08-j2.13049953968275974608e-09
  +1.36283515627503671723e-08-j2.12165699093143548343e-09
  +1.36609577806067774896e-08-j2.11416710893138325359e-09
  +1.36934884079019595503e-08-j2.10668792425532160774e-09
  +1.37259437002779825248e-08-j2.09921940959571317316e-09
  +1.37583239144487861477e-08-j2.09176152346198368450e-09
  +1.37906293048261540121e-08-j2.08431423174124273039e-09
  +1.38228601253450033968e-08-j2.07687749617663927034e-09
  +1.38550166292017943606e-08-j2.06945127574727425876e-09
  +1.38870990661428712210e-08-j2.06203554507790836976e-09
  +1.39191076861627010468e-08-j2.05463026975356235069e-09
  +1.39510427386004154117e-08-j2.04723541227807575522e-09
  +1.39829044727717747286e-08-j2.03985092778325227227e-09
  +1.40146931335891410270e-08-j2.03247679397156912364e-09
  +1.40463859380821375305e-08-j2.02517490469814750452e-09
  +1.40774708964836623122e-08-j2.01932347140393556381e-09
  +1.41084851798729524839e-08-j2.01347902648284414518e-09
  +1.41394290259955399356e-08-j2.00764153967220377263e-09
  +1.41703026700939758526e-08-j2.00181099079275604652e-09
  +1.42011063447280926403e-08-j1.99598737156252382851e-09
  +1.42318402864210643103e-08-j1.99017063810860719418e-09
  +1.42625047261055299630e-08-j1.98436077905090218944e-09
  +1.42930998959162223063e-08-j1.97855776699437848019e-09
  +1.43236260263789481996e-08-j1.97276157892304075181e-09
  +1.43540833459152844840e-08-j1.96697219963545546567e-09
  +1.43844720836074407595e-08-j1.96118960193456721394e-09
  +1.44147924676598043623e-08-j1.95541375752746881817e-09
  +1.44450447243752084035e-08-j1.94964464487502150117e-09
  +1.44749375292383486538e-08-j1.94471456675291190120e-09
  +1.45046002171828125536e-08-j1.94025580437888362796e-09
  +1.45341968013931784635e-08-j1.93580094273461105075e-09
  +1.45637274992692071758e-08-j1.93134997317365174076e-09
  +1.45931925269605480407e-08-j1.92690288945476833043e-09
  +1.46225921021970052607e-08-j1.92245966608569363513e-09
  +1.46519264384865342555e-08-j1.91802030251278409035e-09
  +1.46811957497157985445e-08-j1.91358478820191858347e-09
  +1.47104002519660214433e-08-j1.90915308855878055558e-09
  +1.47395401557544653602e-08-j1.90472520445615598151e-09
  +1.47686156709795375283e-08-j1.90030113468453557935e-09
  +1.47976270095905534825e-08-j1.89588085507433877935e-09
  +1.48265743814108786308e-08-j1.89146435060126739439e-09
  +1.48554450609743161274e-08-j1.88709503239496313350e-09
  +1.48839238061827102020e-08-j1.88383245547288465398e-09
  +1.49123402527727738252e-08-j1.88057119324867325008e-09
  +1.49406945998282374417e-08-j1.87731126820718536127e-09
  +1.49689870509200629809e-08-j1.87405266043085234162e-09
  +1.49972178081243183340e-08-j1.87079535469032578839e-09
  +1.50253870705889479768e-08-j1.86753935225561745505e-09
  +1.50534950348049988751e-08-j1.86428466889619614662e-09
  +1.50815419002467812697e-08-j1.86103128947480678667e-09
  +1.51095278667341452131e-08-j1.85777918901445594841e-09
  +1.51374531269980558480e-08-j1.85452839309080323669e-09
  +1.51653178784116456927e-08-j1.85127888278515518918e-09
  +1.51931223157172655024e-08-j1.84803065369227770169e-09
  +1.52208666316480840285e-08-j1.84478371103500467151e-09
  +1.52485005833801839507e-08-j1.84177669262713137688e-09
  +1.52759061664381860638e-08-j1.83956967761166829479e-09
  +1.53032529453407151294e-08-j1.83736174837310850333e-09
  +1.53305411055374988004e-08-j1.83515293064574995960e-09
  +1.53577708347204072631e-08-j1.83294322478692496886e-09
  +1.53849423220439049931e-08-j1.83073261223167434514e-09
  +1.54120557528775856942e-08-j1.82852109925263461168e-09
  +1.54391113081331152863e-08-j1.82630872307873145588e-09
  +1.54661091770661522124e-08-j1.82409544397238630130e-09
  +1.54930495406278023641e-08-j1.82188128557393798125e-09
  +1.55199325823644673482e-08-j1.81966624293649322652e-09
  +1.55467584827142554926e-08-j1.81745033101260181869e-09
  +1.55735274238342788609e-08-j1.81523354350606272001e-09
  +1.56002395876815015868e-08-j1.81301586899977797786e-09
  +1.56268764259037417738e-08-j1.81100402998291708059e-09
  +1.56533880429651631303e-08-j1.80975246050236382517e-09
  +1.56798438521304626993e-08-j1.80849799996409280661e-09
  +1.57062440286269477010e-08-j1.80724066335131098113e-09
  +1.57325887458797171765e-08-j1.80598047480390540922e-09
  +1.57588781807414882496e-08-j1.80471742247155842243e-09
  +1.57851125063297976661e-08-j1.80345152012425179296e-09
  +1.58112918952304406954e-08-j1.80218278014555427008e-09
  +1.58374165191239924667e-08-j1.80091121631862047724e-09
  +1.58634865504420783270e-08-j1.79963682943338515194e-09
  +1.58895021591300139165e-08-j1.79835963576983291416e-09
  +1.59154635163646114451e-08-j1.79707963452504518588e-09
  +1.59413707901731069138e-08-j1.79579684614623746117e-09
  +1.59672241507651531081e-08-j1.79451126567527777465e-09
  +1.59930237662648058652e-08-j1.79322290020198740481e-09
  +1.60188253232430356521e-08-j1.79285407301829375582e-09
  +1.60445744177011579460e-08-j1.79249431698526053011e-09
  +1.60702703912523643207e-08-j1.79212984399603923342e-09
  +1.60959134073992161353e-08-j1.79176068004139434461e-09
  +1.61215036282028926789e-08-j1.79138685789625246142e-09
  +1.61470412181529042041e-08-j1.79100838244203695513e-09
  +1.61725263403124401982e-08-j1.79062526506856639574e-09
  +1.61979591575493861887e-08-j1.79023751298464909770e-09
  +1.62233398302330988839e-08-j1.78984514958167106766e-09
  +1.62486685197387005907e-08-j1.78944818329536494904e-09
  +1.62739453854037262302e-08-j1.78904663467410173942e-09
  +1.62991705875663775805e-08-j1.78864050941538362483e-09
  +1.63243442820374289205e-08-j1.78822984826118372791e-09
  +1.63494666315494059420e-08-j1.78781462285735021085e-09
  +1.63746558142217548344e-08-j1.78790686295126622684e-09
  +1.63998933023202369990e-08-j1.78842468806189402755e-09
  +1.64250797133616143004e-08-j1.78893604601351843941e-09
  +1.64502152049994473687e-08-j1.78944094241348785386e-09
  +1.64752999330533546981e-08-j1.78993939376449451746e-09
  +1.65003340508874062685e-08-j1.79043143311195412222e-09
  +1.65253177130399542011e-08-j1.79091707695759111339e-09
  +1.65502510732748845706e-08-j1.79139634298423445627e-09
  +1.65751342845715588890e-08-j1.79186925025773904125e-09
  +1.65999674986847904157e-08-j1.79233582326002883735e-09
  +1.66247508685646882474e-08-j1.79279606966146157003e-09
  +1.66494845438177088478e-08-j1.79325002225569782357e-09
  +1.66741686761497427061e-08-j1.79369768867010074995e-09
  +1.66988034157774541152e-08-j1.79413908455785079494e-09
  +1.67233889093977810696e-08-j1.79457425256719540556e-09
  +1.67482806312464785715e-08-j1.79588179072603267570e-09
  +1.67731704643400027180e-08-j1.79729878182812636498e-09
  +1.67980109527686879449e-08-j1.79870748334595574054e-09
  +1.68228022435261653890e-08-j1.80010793395111234379e-09
  +1.68475444834537822360e-08-j1.80150016820596846595e-09
  +1.68722378218928570936e-08-j1.80288419167215257166e-09
  +1.68968824055518224580e-08-j1.80426002874035805300e-09
  +1.69214783802634342681e-08-j1.80562770632988402825e-09
  +1.69460258905367642680e-08-j1.80698725844245300434e-09
  +1.69705250825308779134e-08-j1.80833869771132171397e-09
  +1.69949761009738049650e-08-j1.80968204481917543388e-09
  +1.70193790874969815476e-08-j1.81101734393006222537e-09
  +1.70437341870322845034e-08-j1.81234460274147443991e-09
  +1.70680415414701766027e-08-j1.81366385208567502139e-09
  +1.70923012928915342841e-08-j1.81497511545914844315e-09
</dep>
<dep S[1,1] frequency>
  -9.99999790182240611003e-01-j6.29132629498293355873e-04
  -9.99999947510064046696e-01-j3.14708085267267228570e-04
  -9.99999976669812329355e-01-j2.09836911278199684302e-04
  -9.99999986878240876287e-01-j1.57389506284446868386e-04
  -9.99999991603676918750e-01-j1.25917280646910490155e-04
  -9.99999994170616579581e-01-j1.04934220584419770858e-04
  -9.99999995718365508601e-01-j8.99455484086601519999e-05
  -9.99999996722870432286e-01-j7.87036219934515035449e-05
  -9.99999997411516461376e-01-j6.99596511957640589119e-05
  -9.99999997904067461363e-01-j6.29643168935308005559e-05
  -9.99999998268472189977e-01-j5.72407573120804988331e-05
  -9.99999998545609725120e-01-j5.24710526589179632835e-05
  -9.99999998761269881520e-01-j4.84350978319096194609e-05
  -9.99999998932373901361e-01-j4.49756708510058993578e-05
  -9.99999999070400047430e-01-j4.19774730775451365011e-05
  -9.99999999183353471821e-01-j3.93540289082035723970e-05
  -9.99999999276957152183e-01-j3.70392088613700077703e-05
  -9.99999999355390523093e-01-j3.49815781596739407795e-05
  -9.99999999421761542884e-01-j3.31405298861480054028e-05
  -9.99999999478422663124e-01-j3.14835781410437769916e-05
  -9.99999999527178107250e-01-j2.99844245494392132832e-05
  -9.99999999569432862501e-01-j2.86215520631294901351e-05
  -9.99999999606293155097e-01-j2.73771855825770316811e-05
  -9.99999999638638392696e-01-j2.62365124135335514512e-05
  -9.99999999667177341678e-01-j2.51870898073632583228e-05
  -9.99999999692484542457e-01-j2.42183892180743632792e-05
  -9.99999999715028953240e-01-j2.33214418321648818899e-05
  -9.99999999735199263107e-01-j2.24885600539731976240e-05
  -9.99999999753316659579e-01-j2.17131166128718961340e-05
  -9.99999999769651037873e-01-j2.09893678477675305321e-05
  -9.99999999784427884286e-01-j2.03123111935784249858e-05
  -9.99999999797839489446e-01-j1.96775693882222417409e-05
  -9.99999999810048723070e-01-j1.90812957323747721991e-05
  -9.99999999821195473260e-01-j1.85200960675456545597e-05
  -9.99999999831398866945e-01-j1.79909641290810542720e-05
  -9.99999999840762598957e-01-j1.74912276733851418972e-05
  -9.99999999849376153271e-01-j1.70185033410042986209e-05
  -9.99999999857317134477e-01-j1.65706586464753274988e-05
  -9.99999999864654154358e-01-j1.61457798157556285700e-05
  -9.99999999871447053934e-01-j1.57421444478745322900e-05
  -9.99999999877748124710e-01-j1.53581981772896838175e-05
  -9.99999999883603329920e-01-j1.49925346701020765849e-05
  -9.99999999889053303725e-01-j1.46438784114127221246e-05
  -9.99999999894135793710e-01-j1.43110698398601869906e-05
  -9.99999999898882108162e-01-j1.39930524641351799472e-05
  -9.99999999903321223904e-01-j1.36888616599313502786e-05
  -9.99999999907480119354e-01-j1.33976148970636396978e-05
  -9.99999999911380443862e-01-j1.31185031881429325484e-05
  -9.99999999915043957799e-01-j1.28507835843460032342e-05
  -9.99999999918489312911e-01-j1.25937725716886531893e-05
  -9.99999999921732718455e-01-j1.23468402451759696944e-05
  -9.99999999924785276662e-01-j1.21094051571447168688e-05
  -9.99999999927662419630e-01-j1.18809297366006686646e-05
  -9.99999999930376137769e-01-j1.16609162322626166758e-05
  -9.99999999932938865577e-01-j1.14489030924038775658e-05
  -9.99999999935362704484e-01-j1.12444617319590613836e-05
  -9.99999999937655981164e-01-j1.10471936421627288952e-05
  -9.99999999939829686824e-01-j1.08567277972096555794e-05
  -9.99999999941890704847e-01-j1.06727183252235546405e-05
  -9.99999999943847361905e-01-j1.04948424124156136444e-05
  -9.99999999945706208315e-01-j1.03227984122657788610e-05
  -9.99999999947473905415e-01-j1.01563041393017871916e-05
  -9.99999999949155893297e-01-j9.99509532439079453696e-06
  -9.99999999950758500233e-01-j9.83892421500966486161e-06
  -9.99999999952286056093e-01-j9.68755830473879203852e-06
  -9.99999999953743445857e-01-j9.54077917828988077522e-06
  -9.99999999955134555307e-01-j9.39838145992185249186e-06
  -9.99999999956464158402e-01-j9.26017185466551426124e-06
  -9.99999999957734808653e-01-j9.12596827292846209286e-06
  -9.99999999958950391843e-01-j8.99559903011196841693e-06
  -9.99999999960114016595e-01-j8.86890211386825816581e-06
  -9.99999999961229457668e-01-j8.74572451243631254823e-06
  -9.99999999962297714262e-01-j8.62592159815925539352e-06
  -9.99999999963322894203e-01-j8.50935656100073911949e-06
  -9.99999999964306218736e-01-j8.39589988738990415532e-06
  -9.99999999965250685463e-01-j8.28542888032206061868e-06
  -9.99999999966157737674e-01-j8.17782721631035151475e-06
  -9.99999999967029817860e-01-j8.07298453723775511859e-06
  -9.99999999967868480333e-01-j7.97079607267621533700e-06
  -9.99999999968675390427e-01-j7.87116229068538806127e-06
  -9.99999999969452102455e-01-j7.77398857441234990642e-06
  -9.99999999970200725841e-01-j7.67918492246494171756e-06
  -9.99999999970921815695e-01-j7.58666567089362898612e-06
  -9.99999999971616926331e-01-j7.49634923466935105353e-06
  -9.99999999972286945926e-01-j7.40815786817026094749e-06
  -9.99999999972933539816e-01-j7.32201744182585924451e-06
  -9.99999999973558040267e-01-j7.23785723436166471138e-06
  -9.99999999974161224436e-01-j7.15560973905048698407e-06
  -9.99999999974744091524e-01-j7.07521048295841370229e-06
  -9.99999999975306974598e-01-j6.99659785871315740039e-06
  -9.99999999975851205924e-01-j6.91971296702250664883e-06
  -9.99999999976377451638e-01-j6.84449946939622501672e-06
  -9.99999999976886932984e-01-j6.77090345026538840788e-06
  -9.99999999977380427119e-01-j6.69887328847077839045e-06
  -9.99999999977857823019e-01-j6.62835953651083424203e-06
  -9.99999999978320230909e-01-j6.55931480691770657732e-06
  -9.99999999978768316922e-01-j6.49169366637104419340e-06
  -9.99999999979202414124e-01-j6.42545253611060251383e-06
  -9.99999999979623632740e-01-j6.36054959804486061181e-06
  -9.99999999980032194813e-01-j6.29694470664865950041e-06
  -9.99999999980428211366e-01-j6.23459930650641073091e-06
  -9.99999999980812348532e-01-j6.17347635413686341609e-06
  -9.99999999981186271647e-01-j6.11354024444492255899e-06
  -9.99999999981548093331e-01-j6.05475674198023959701e-06
  -9.99999999981900589141e-01-j5.99709291539784329048e-06
  -9.99999999982242537833e-01-j5.94051707592327048836e-06
  -9.99999999982574827584e-01-j5.88499871965061415385e-06
  -9.99999999982898124529e-01-j5.83050847219861116525e-06
  -9.99999999983212317645e-01-j5.77701803719707832589e-06
  -9.99999999983517851021e-01-j5.72450014741610726306e-06
  -9.99999999983815168747e-01-j5.67292851788772391740e-06
  -9.99999999984104936956e-01-j5.62227780266877411291e-06
  -9.99999999984386045426e-01-j5.57252355288074348229e-06
  -9.99999999984660936647e-01-j5.52364217745285170314e-06
  -9.99999999984927723240e-01-j5.47561090607743755019e-06
  -9.99999999985187626450e-01-j5.42840775331230872042e-06
  -9.99999999985441645478e-01-j5.38201148564356159418e-06
  -9.99999999985688448056e-01-j5.33640158911968321472e-06
  -9.99999999985928811341e-01-j5.29155823943595356564e-06
  -9.99999999986163845556e-01-j5.24746227309767898487e-06
  -9.99999999986392662521e-01-j5.20409516000328573239e-06
  -9.99999999986615928371e-01-j5.16143897778722869082e-06
  -9.99999999986833532084e-01-j5.11947638665553696934e-06
  -9.99999999987046139793e-01-j5.07819060645835573353e-06
  -9.99999999987253640477e-01-j5.03756539371063606636e-06
  -9.99999999987455701067e-01-j4.99758502084353776476e-06
  -9.99999999987653542810e-01-j4.95823425543947338888e-06
  -9.99999999987846499572e-01-j4.91949834125202691411e-06
  -9.99999999988035237486e-01-j4.88136297946596048379e-06
  -9.99999999988219312463e-01-j4.84381431131232395278e-06
  -9.99999999988399390638e-01-j4.80683890113223100685e-06
  -9.99999999988575249965e-01-j4.77042372044036031768e-06
  -9.99999999988746890445e-01-j4.73455613256170487963e-06
  -9.99999999988914645144e-01-j4.69922387804367836574e-06
  -9.99999999989078958151e-01-j4.66441506066778443812e-06
  -9.99999999989239829468e-01-j4.63011813411090950688e-06
  -9.99999999989397037048e-01-j4.59632188915471780373e-06
  -9.99999999989550691915e-01-j4.56301544149692943320e-06
  -9.99999999989701127134e-01-j4.53018822003021820900e-06
  -9.99999999989848009641e-01-j4.49782995571284077799e-06
  -9.99999999989992116589e-01-j4.46593067076497871168e-06
  -9.99999999990133336958e-01-j4.43448066854857181145e-06
  -9.99999999990270893591e-01-j4.40347052355560043032e-06
  -9.99999999990406562844e-01-j4.37289107222093488699e-06
  -9.99999999990538679384e-01-j4.34273340362087185447e-06
  -9.99999999990668131389e-01-j4.31298885113172753730e-06
  -9.99999999990795140903e-01-j4.28364898377462462349e-06
  -9.99999999990919485882e-01-j4.25470559860735002576e-06
  -9.99999999991041277347e-01-j4.22615071274680122556e-06
  -9.99999999991160848367e-01-j4.19797655630251650185e-06
  -9.99999999991277976896e-01-j4.17017556513728677179e-06
  -9.99999999991392773957e-01-j4.14274037419337961115e-06
  -9.99999999991505239549e-01-j4.11566381098456235096e-06
  -9.99999999991615484696e-01-j4.08893888924906736323e-06
  -9.99999999991723731441e-01-j4.06255880313757723759e-06
  -9.99999999991829868762e-01-j4.03651692115865275606e-06
  -9.99999999991933896659e-01-j4.01080678091270703711e-06
  -9.99999999992035704111e-01-j3.98542208350251304374e-06
  -9.99999999992135846227e-01-j3.96035668854691544062e-06
  -9.99999999992234211987e-01-j3.93560460917490907446e-06
  -9.99999999992330579346e-01-j3.91116000719926895749e-06
  -9.99999999992425614437e-01-j3.88701718869661291703e-06
  -9.99999999992518318059e-01-j3.86317059933393542551e-06
  -9.99999999992609578392e-01-j3.83961482035337835710e-06
  -9.99999999992698729301e-01-j3.81634456431617926595e-06
  -9.99999999992786881009e-01-j3.79335467117856975895e-06
  -9.99999999992872923293e-01-j3.77064010455713565699e-06
  -9.99999999992957966377e-01-j3.74819594788101567208e-06
  -9.99999999993041233104e-01-j3.72601740103720073817e-06
  -9.99999999993123278585e-01-j3.70409977680578568829e-06
  -9.99999999993203769755e-01-j3.68243849760507701863e-06
  -9.99999999993282484567e-01-j3.66102909237204338869e-06
  -9.99999999993360533246e-01-j3.63986719332382617839e-06
  -9.99999999993436694545e-01-j3.61894853316289668039e-06
  -9.99999999993511412555e-01-j3.59826894210237930384e-06
  -9.99999999993585131364e-01-j3.57782434509656639199e-06
  -9.99999999993657295860e-01-j3.55761075926053060424e-06
  -9.99999999993728572178e-01-j3.53762429113203331587e-06
  -9.99999999993798627251e-01-j3.51786113429334578741e-06
  -9.99999999993867794146e-01-j3.49831756693623103518e-06
  -9.99999999993935628773e-01-j3.47898994943872487065e-06
  -9.99999999994001798065e-01-j3.45987472222947996687e-06
  -9.99999999994067634290e-01-j3.44096840351735121802e-06
  -9.99999999994132027226e-01-j3.42226758718291135220e-06
  -9.99999999994195309938e-01-j3.40376894080301000919e-06
  -9.99999999994257704472e-01-j3.38546920356779647984e-06
  -9.99999999994319321850e-01-j3.36736518442942755593e-06
  -9.99999999994379384916e-01-j3.34945376027848775691e-06
  -9.99999999994439225937e-01-j3.33173187403212543012e-06
  -9.99999999994497734690e-01-j3.31419653300606177897e-06
  -9.99999999994555022198e-01-j3.29684480720952963369e-06
  -9.99999999994611532550e-01-j3.27967382763988823206e-06
  -9.99999999994667376768e-01-j3.26268078479570516139e-06
  -9.99999999994722665875e-01-j3.24586292710250793304e-06
  -9.99999999994776622714e-01-j3.22921755939529227022e-06
  -9.99999999994829913419e-01-j3.21274204154751246194e-06
  -9.99999999994882537990e-01-j3.19643378703095552257e-06
  -9.99999999994933719272e-01-j3.18029026154681694098e-06
  -9.99999999994984900553e-01-j3.16430898176921158305e-06
  -9.99999999995034971612e-01-j3.14848751402617525673e-06
  -9.99999999995084376536e-01-j3.13282347305970038039e-06
  -9.99999999995133115327e-01-j3.11731452087049908621e-06
  -9.99999999995180410828e-01-j3.10195836552170978973e-06
  -9.99999999995227817351e-01-j3.08675275999496860659e-06
  -9.99999999995274557740e-01-j3.07169550114440836604e-06
  -9.99999999995320187907e-01-j3.05678442859609811460e-06
  -9.99999999995365485006e-01-j3.04201742370203408273e-06
  -9.99999999995409893927e-01-j3.02739240858098117466e-06
  -9.99999999995453858759e-01-j3.01290734512180741588e-06
  -9.99999999995497157457e-01-j2.99856023400489577770e-06
  -9.99999999995540012065e-01-j2.98434911383954149392e-06
  -9.99999999995581867474e-01-j2.97027206024618254510e-06
  -9.99999999995623722882e-01-j2.95632718495354004028e-06
  -9.99999999995664468067e-01-j2.94251263500355878791e-06
  -9.99999999995704214051e-01-j2.92882659193295789884e-06
  -9.99999999995744404124e-01-j2.91526727091034138235e-06
  -9.99999999995783706019e-01-j2.90183292002547185836e-06
  -9.99999999995822119736e-01-j2.88852181952936934830e-06
  -9.99999999995860422430e-01-j2.87533228105825714778e-06
  -9.99999999995897836946e-01-j2.86226264694902156235e-06
  -9.99999999995935029418e-01-j2.84931128955756680189e-06
  -9.99999999995971666777e-01-j2.83647661055785074748e-06
  -9.99999999996007526981e-01-j2.82375704028195141787e-06
  -9.99999999996042943096e-01-j2.81115103710549967342e-06
  -9.99999999996078026143e-01-j2.79865708681888219019e-06
  -9.99999999996112887146e-01-j2.78627370198502023228e-06
  -9.99999999996147304060e-01-j2.77399942139483842804e-06
  -9.99999999996180832795e-01-j2.76183280948261848946e-06
  -9.99999999996214250508e-01-j2.74977245573960084386e-06
  -9.99999999996246891065e-01-j2.73781697419178712789e-06
  -9.99999999996279864689e-01-j2.72596500287380101360e-06
  -9.99999999996311617068e-01-j2.71421520330322252603e-06
  -9.99999999996343702513e-01-j2.70256625995615564072e-06
  -9.99999999996374233646e-01-j2.69101687981126028382e-06
  -9.99999999996405097846e-01-j2.67956579186812346902e-06
  -9.99999999996435851024e-01-j2.66821174664211044716e-06
  -9.99999999996465938068e-01-j2.65695351574770538785e-06
  -9.99999999996495358978e-01-j2.64578989145121445584e-06
  -9.99999999996524890911e-01-j2.63471968623184223156e-06
  -9.99999999996553867732e-01-j2.62374173234627654222e-06
  -9.99999999996582511486e-01-j2.61285488144236266377e-06
  -9.99999999996610378084e-01-j2.60205800415890693486e-06
  -9.99999999996638022637e-01-j2.59134998970828263736e-06
  -9.99999999996665889235e-01-j2.58072974551368771319e-06
  -9.99999999996692978677e-01-j2.57019619684686114947e-06
  -9.99999999996720179141e-01-j2.55974828645650402412e-06
  -9.99999999996746269382e-01-j2.54938497419496836911e-06
  -9.99999999996772803712e-01-j2.53910523670211016965e-06
  -9.99999999996798560886e-01-j2.52890806706356450960e-06
  -9.99999999996824207038e-01-j2.51879247446745370583e-06
  -9.99999999996849520123e-01-j2.50875748388860876677e-06
  -9.99999999996874500141e-01-j2.49880213578219630491e-06
  -9.99999999996898703003e-01-j2.48892548578152216862e-06
  -9.99999999996923238932e-01-j2.47912660438368565702e-06
  -9.99999999996947774861e-01-j2.46940457666044905856e-06
  -9.99999999996971533633e-01-j2.45975850198858132415e-06
  -9.99999999996994959339e-01-j2.45018749376897601260e-06
  -9.99999999997018385045e-01-j2.44069067913055694791e-06
  -9.99999999997041144617e-01-j2.43126719869001774722e-06
  -9.99999999997063793167e-01-j2.42191620628712190729e-06
  -9.99999999997086330694e-01-j2.41263686873932794755e-06
  -9.99999999997108535155e-01-j2.40342836556399902582e-06
  -9.99999999997130406548e-01-j2.39428988876737357337e-06
  -9.99999999997152499986e-01-j2.38522064259958007312e-06
  -9.99999999997173816269e-01-j2.37621984332693385116e-06
  -9.99999999997195243573e-01-j2.36728671898731099697e-06
  -9.99999999997216115766e-01-j2.35842050919114263108e-06
  -9.99999999997236876936e-01-j2.34962046489805189344e-06
  -9.99999999997257082995e-01-j2.34088584821297523056e-06
  -9.99999999997277622121e-01-j2.33221593215683669536e-06
  -9.99999999997297717158e-01-j2.32361000048893742012e-06
  -9.99999999997317479128e-01-j2.31506734750315186611e-06
  -9.99999999997337241098e-01-j2.30658727783811366927e-06
  -9.99999999997356447956e-01-j2.29816910627008855609e-06
  -9.99999999997375876859e-01-j2.28981215754876006612e-06
  -9.99999999997394528606e-01-j2.28151576621239002220e-06
  -9.99999999997413624442e-01-j2.27327927641347543299e-06
  -9.99999999997432276189e-01-j2.26510204172667318429e-06
  -9.99999999997450705891e-01-j2.25698342500422845561e-06
  -9.99999999997468802526e-01-j2.24892279819807831945e-06
  -9.99999999997486677117e-01-j2.24091954220565447547e-06
  -9.99999999997504884774e-01-j2.23297304669863309385e-06
  -9.99999999997522204254e-01-j2.22508270997534398288e-06
  -9.99999999997539634755e-01-j2.21724793880998898349e-06
  -9.99999999997556843212e-01-j2.20946814831113833914e-06
  -9.99999999997574273713e-01-j2.20174276175627043286e-06
  -9.99999999997590927059e-01-j2.19407121046489768672e-06
  -9.99999999997607691427e-01-j2.18645293365230260655e-06
  -9.99999999997623789660e-01-j2.17888737830103822516e-06
  -9.99999999997640443006e-01-j2.17137399902164623965e-06
  -9.99999999997656652262e-01-j2.16391225791415568963e-06
  -9.99999999997672639473e-01-j2.15650162444931835004e-06
  -9.99999999997688737707e-01-j2.14914157534396020970e-06
  -9.99999999997704502874e-01-j2.14183159443749804367e-06
  -9.99999999997720157019e-01-j2.13457117255944609605e-06
  -9.99999999997734811963e-01-j2.12735980742398292451e-06
  -9.99999999997750466108e-01-j2.12019700350814636834e-06
  -9.99999999997765676163e-01-j2.11308227194544790437e-06
  -9.99999999997780220085e-01-j2.10601513040723890643e-06
  -9.99999999997795208095e-01-j2.09899510299188400751e-06
  -9.99999999997809752017e-01-j2.09202172012462571179e-06
  -9.99999999997824184916e-01-j2.08509451844902399337e-06
  -9.99999999997838617816e-01-j2.07821304073532850729e-06
  -9.99999999997852495603e-01-j2.07137683575418640053e-06
  -9.99999999997866817480e-01-j2.06458545820300677333e-06
  -9.99999999997880917313e-01-j2.05783846859609161211e-06
  -9.99999999997894351011e-01-j2.05113543318132882849e-06
  -9.99999999997908006755e-01-j2.04447592383398491568e-06
  -9.99999999997921995565e-01-j2.03785951797056212123e-06
  -9.99999999997935318241e-01-j2.03128579845969142802e-06
  -9.99999999997948196828e-01-j2.02475435353976071769e-06
  -9.99999999997961852571e-01-j2.01826477672721752495e-06
  -9.99999999997974731158e-01-j2.01181666673027755599e-06
  -9.99999999997987276679e-01-j2.00540962736908293939e-06
  -9.99999999998000266288e-01-j1.99904326749478601573e-06
  -9.99999999998012922831e-01-j1.99271720091399315162e-06
  -9.99999999998025579373e-01-j1.98643104630385561597e-06
  -9.99999999998037791826e-01-j1.98018442713536905260e-06
  -9.99999999998050226324e-01-j1.97397697160266020512e-06
  -9.99999999998062327755e-01-j1.96780831254771152247e-06
  -9.99999999998074207141e-01-j1.96167808738846203773e-06
  -9.99999999998086419595e-01-j1.95558593804897627787e-06
  -9.99999999998097965914e-01-j1.94953151088134401438e-06
  -9.99999999998109623256e-01-j1.94351445660647266026e-06
  -9.99999999998121613665e-01-j1.93753443024649531137e-06
  -9.99999999998132826917e-01-j1.93159109105582226450e-06
  -9.99999999998144595281e-01-j1.92568410245635485544e-06
  -9.99999999998155919556e-01-j1.91981313197117209646e-06
  -9.99999999998166910764e-01-j1.91397785116960397793e-06
  -9.99999999998177901972e-01-j1.90817793560073599375e-06
  -9.99999999998189115225e-01-j1.90241306473680870577e-06
  -9.99999999998199884388e-01-j1.89668292190916214771e-06
  -9.99999999998210209462e-01-j1.89098719425197314395e-06
  -9.99999999998220978625e-01-j1.88532557264732734046e-06
  -9.99999999998231747789e-01-j1.87969775166984379063e-06
  -9.99999999998242516952e-01-j1.87410342953024689085e-06
  -9.99999999998253175093e-01-j1.86854230801977793752e-06
  -9.99999999998262945056e-01-j1.86301409245817015170e-06
  -9.99999999998273381152e-01-j1.85751849164246120752e-06
  -9.99999999998283706226e-01-j1.85205521779648592812e-06
  -9.99999999998293809256e-01-j1.84662398652201264896e-06
  -9.99999999998303579218e-01-j1.84122451674389910505e-06
  -9.99999999998313460203e-01-j1.83585653066377116368e-06
  -9.99999999998322786077e-01-j1.83051975371571558973e-06
  -9.99999999998333000129e-01-j1.82521391451654248279e-06
  -9.99999999998342214980e-01-j1.81993874482196847452e-06
  -9.99999999998352206987e-01-j1.81469397947923899957e-06
  -9.99999999998361532860e-01-j1.80947935638041696960e-06
  -9.99999999998371191801e-01-j1.80429461642448863687e-06
  -9.99999999998380628696e-01-j1.79913950347054278919e-06
  -9.99999999998389288436e-01-j1.79401376429710808636e-06
  -9.99999999998398503287e-01-j1.78891714856312008782e-06
  -9.99999999998408051205e-01-j1.78384940875790268658e-06
  -9.99999999998417044011e-01-j1.77881030017143238236e-06
  -9.99999999998425370684e-01-j1.77379958084981103007e-06
  -9.99999999998434252468e-01-j1.76881701155920065926e-06
  -9.99999999998443245275e-01-j1.76386235574745605792e-06
  -9.99999999998451793992e-01-j1.75893537950063788929e-06
  -9.99999999998460342709e-01-j1.75403585151430526291e-06
  -9.99999999998469002449e-01-j1.74916354305296297349e-06
  -9.99999999998477440144e-01-j1.74431822791673011920e-06
  -9.99999999998485988861e-01-j1.73949968240616261154e-06
  -9.99999999998494315534e-01-j1.73470768528420572597e-06
  -9.99999999998502309140e-01-j1.72994201774582881776e-06
  -9.99999999998510857857e-01-j1.72520246338319320958e-06
  -9.99999999998518629418e-01-j1.72048880815527102557e-06
  -9.99999999998526734046e-01-j1.71580084035284494287e-06
  -9.99999999998534727652e-01-j1.71113835056992315902e-06
  -9.99999999998542832280e-01-j1.70650113166691759919e-06
  -9.99999999998550270774e-01-j1.70188897874538306436e-06
  -9.99999999998558597447e-01-j1.69730168911583739084e-06
  -9.99999999998566035941e-01-j1.69273906226732374484e-06
  -9.99999999998573696480e-01-j1.68820089984358782083e-06
  -9.99999999998581468041e-01-j1.68368700560455203024e-06
  -9.99999999998589128580e-01-j1.67919718540475025438e-06
  -9.99999999998596345030e-01-j1.67473124716455858215e-06
  -9.99999999998604116591e-01-j1.67028900084237260706e-06
  -9.99999999998611222018e-01-j1.66587025840843792079e-06
  -9.99999999998618327446e-01-j1.66147483381662612840e-06
  -9.99999999998625765940e-01-j1.65710254297884365360e-06
  -9.99999999998633093412e-01-j1.65275320373922751533e-06
  -9.99999999998640198839e-01-j1.64842663585077272408e-06
  -9.99999999998647526311e-01-j1.64412266094793224843e-06
  -9.99999999998654520716e-01-j1.63984110252380811176e-06
  -9.99999999998661404099e-01-j1.63558178590540723059e-06
  -9.99999999998668287482e-01-j1.63134453822935359180e-06
  -9.99999999998675392909e-01-j1.62712918841804406345e-06
  -9.99999999998681721181e-01-j1.62293556715884695962e-06
  -9.99999999998688937630e-01-j1.61876350687945422871e-06
  -9.99999999998695154879e-01-j1.61461284172775108017e-06
  -9.99999999998701927240e-01-j1.61048340754673152724e-06
  -9.99999999998708477555e-01-j1.60637504185513330802e-06
  -9.99999999998715027871e-01-j1.60228758382338342028e-06
  -9.99999999998722022276e-01-j1.59822087425859039169e-06
  -9.99999999998728128503e-01-j1.59417475557631605984e-06
  -9.99999999998734456774e-01-j1.59014907178695041201e-06
  -9.99999999998741007090e-01-j1.58614366847085349749e-06
  -9.99999999998746891272e-01-j1.58215839275934038497e-06
  -9.99999999998753774655e-01-j1.57819309331778285523e-06
  -9.99999999998760102926e-01-j1.57424762032473999162e-06
  -9.99999999998765987108e-01-j1.57032182545244148218e-06
  -9.99999999998771982312e-01-j1.56641556185082888363e-06
  -9.99999999998778088539e-01-j1.56252868412628747109e-06
  -9.99999999998784416810e-01-j1.55866104832310214579e-06
  -9.99999999998790078948e-01-j1.55481251190990300206e-06
  -9.99999999998796407219e-01-j1.55098293375763040051e-06
  -9.99999999998802069356e-01-j1.54717217412556612416e-06
  -9.99999999998807620472e-01-j1.54338009464333244600e-06
  -9.99999999998813837720e-01-j1.53960655829306293251e-06
  -9.99999999998819610880e-01-j1.53585142939271780040e-06
  -9.99999999998825273018e-01-j1.53211457358147302178e-06
  -9.99999999998831157200e-01-j1.52839585780362881578e-06
  -9.99999999998836708315e-01-j1.52469515029210499978e-06
  -9.99999999998842148408e-01-j1.52101232055171081817e-06
  -9.99999999998847588500e-01-j1.51734723934766701061e-06
  -9.99999999998853139616e-01-j1.51369977868405496456e-06
  -9.99999999998859245842e-01-j1.51006981179490614041e-06
  -9.99999999998864574913e-01-j1.50645721312716103912e-06
  -9.99999999998869570916e-01-j1.50286185832714123903e-06
  -9.99999999998874677942e-01-j1.49928362422354097426e-06
  -9.99999999998880229057e-01-j1.49572238881831602487e-06
  -9.99999999998885558128e-01-j1.49217803126602310090e-06
  -9.99999999998890776176e-01-j1.48865043186663319136e-06
  -9.99999999998895994224e-01-j1.48513947204852398969e-06
  -9.99999999998901212273e-01-j1.48164503435539471701e-06
  -9.99999999998906319298e-01-j1.47816700243487988175e-06
  -9.99999999998911648369e-01-j1.47470526102556722918e-06
  -9.99999999998916866417e-01-j1.47125969594042998870e-06
  -9.99999999998921862421e-01-j1.46783019405893527965e-06
  -9.99999999998926636380e-01-j1.46441664331217508317e-06
  -9.99999999998931632383e-01-j1.46101893267233169348e-06
  -9.99999999998936850432e-01-j1.45763695213791096895e-06
  -9.99999999998941402346e-01-j1.45427059272499332880e-06
  -9.99999999998946398350e-01-j1.45091974645490603561e-06
  -9.99999999998951505376e-01-j1.44758430633908523421e-06
  -9.99999999998955835245e-01-j1.44426416637313020392e-06
  -9.99999999998960720227e-01-j1.44095922152105129859e-06
  -9.99999999998965383163e-01-j1.43766936770709205527e-06
  -9.99999999998970490189e-01-j1.43439450180457673487e-06
  -9.99999999998974709037e-01-j1.43113452162303859777e-06
  -9.99999999998979260951e-01-j1.42788932589876849843e-06
  -9.99999999998984256955e-01-j1.42465881428551594590e-06
  -9.99999999998989141936e-01-j1.42144288734166671914e-06
  -9.99999999998992805672e-01-j1.41824144652405020906e-06
  -9.99999999998997801676e-01-j1.41505439417191419050e-06
  -9.99999999999002131545e-01-j1.41188163350270320996e-06
  -9.99999999999006683460e-01-j1.40872306860002203572e-06
  -9.99999999999010569240e-01-j1.40557860440253444400e-06
  -9.99999999999015343199e-01-j1.40244814669622133782e-06
  -9.99999999999020006136e-01-j1.39933160210441265152e-06
  -9.99999999999024002939e-01-j1.39622887807961962384e-06
  -9.99999999999028665876e-01-j1.39313988289176400453e-06
  -9.99999999999032662679e-01-j1.39006452562240594832e-06
  -9.99999999999036659482e-01-j1.38700271615292472900e-06
  -9.99999999999041322418e-01-j1.38395436515813168741e-06
  -9.99999999999045541266e-01-j1.38091938409411276757e-06
  -9.99999999999049538069e-01-j1.37789768519463921460e-06
  -9.99999999999053645894e-01-j1.37488918145813618452e-06
  -9.99999999999057753719e-01-j1.37189378664207750379e-06
  -9.99999999999061972566e-01-j1.36891141525406916518e-06
  -9.99999999999065636302e-01-j1.36594198254340673865e-06
  -9.99999999999069744128e-01-j1.36298540449159220223e-06
  -9.99999999999074185020e-01-j1.36004159780866501882e-06
  -9.99999999999077959778e-01-j1.35711047992021098008e-06
  -9.99999999999081623514e-01-j1.35419196896366723699e-06
  -9.99999999999085731339e-01-j1.35128598377869449986e-06
  -9.99999999999089839164e-01-j1.34839244390036816397e-06
  -9.99999999999093502900e-01-j1.34551126955118401259e-06
  -9.99999999999097499703e-01-j1.34264238163358971577e-06
  -9.99999999999101496506e-01-j1.33978570172426566387e-06
  -9.99999999999105160242e-01-j1.33694115206501470466e-06
  -9.99999999999109046023e-01-j1.33410865555695806185e-06
  -9.99999999999112709759e-01-j1.33128813575345901006e-06
  -9.99999999999116262472e-01-j1.32847951685261202196e-06
  -9.99999999999120037231e-01-j1.32568272369114942496e-06
  -9.99999999999123923011e-01-j1.32289768173702647478e-06
  -9.99999999999127697770e-01-j1.32012431708373395281e-06
  -9.99999999999131028439e-01-j1.31736255644205822950e-06
  -9.99999999999134803197e-01-j1.31461232713640514143e-06
  -9.99999999999138244888e-01-j1.31187355709603404730e-06
  -9.99999999999142130669e-01-j1.30914617484958874799e-06
  -9.99999999999145239293e-01-j1.30643010951884828921e-06
  -9.99999999999149125074e-01-j1.30372529081252498625e-06
  -9.99999999999152344721e-01-j1.30103164902005694304e-06
  -9.99999999999156119479e-01-j1.29834911500590857921e-06
  -9.99999999999159339126e-01-j1.29567762020442066976e-06
  -9.99999999999162447750e-01-j1.29301709661146728229e-06
  -9.99999999999166222509e-01-j1.29036747678167941475e-06
  -9.99999999999169442155e-01-j1.28772869382116262972e-06
  -9.99999999999172994869e-01-j1.28510068138126670350e-06
  -9.99999999999176214516e-01-j1.28248337365544503974e-06
  -9.99999999999179878252e-01-j1.27987670537016155898e-06
  -9.99999999999182986876e-01-j1.27728061178314115211e-06
  -9.99999999999186206523e-01-j1.27469502867503042924e-06
  -9.99999999999189426170e-01-j1.27211989234637571790e-06
  -9.99999999999192534794e-01-j1.26955513961170505557e-06
  -9.99999999999195754441e-01-j1.26700070779308078672e-06
  -9.99999999999199085110e-01-j1.26445653471644990950e-06
  -9.99999999999202193735e-01-j1.26192255870580187782e-06
  -9.99999999999205968493e-01-j1.25939871857928728460e-06
  -9.99999999999208744050e-01-j1.25688495364322700948e-06
  -9.99999999999211408586e-01-j1.25438120368675028853e-06
  -9.99999999999215072322e-01-j1.25188740897963816835e-06
  -9.99999999999218180946e-01-j1.24940351026291487585e-06
  -9.99999999999221511615e-01-j1.24692944874984011736e-06
  -9.99999999999224398195e-01-j1.24446516611720687388e-06
  -9.99999999999227062730e-01-j1.24201060450123816173e-06
  -9.99999999999230393399e-01-j1.23956570649541693412e-06
  -9.99999999999233613046e-01-j1.23713041514280243355e-06
  -9.99999999999236499626e-01-j1.23470467393343467111e-06
  -9.99999999999239164161e-01-j1.23228842680066550323e-06
  -9.99999999999242383808e-01-j1.22988161811478555581e-06
  -9.99999999999245270388e-01-j1.22748419268061441551e-06
  -9.99999999999247712879e-01-j1.22509609573257746243e-06
  -9.99999999999251043548e-01-j1.22271727292893524647e-06
  -9.99999999999253819105e-01-j1.22034767035174240622e-06
  -9.99999999999256483640e-01-j1.21798723449746381441e-06
  -9.99999999999259925332e-01-j1.21563591227819854056e-06
  -9.99999999999262589867e-01-j1.21329365101334462326e-06
  -9.99999999999265032358e-01-j1.21096039842880815313e-06
  -9.99999999999268029960e-01-j1.20863610265047857805e-06
  -9.99999999999271471651e-01-j1.20632071220359448724e-06
  -9.99999999999273581075e-01-j1.20401417600506568110e-06
  -9.99999999999276356633e-01-j1.20171644336384988911e-06
  -9.99999999999278910146e-01-j1.19942746397264697653e-06
  -9.99999999999282018770e-01-j1.19714718790931751280e-06
  -9.99999999999284461261e-01-j1.19487556562859328362e-06
  -9.99999999999287236818e-01-j1.19261254796146170975e-06
  -9.99999999999290123398e-01-j1.19035808611099484503e-06
  -9.99999999999292454866e-01-j1.18811213164768476590e-06
  -9.99999999999295452469e-01-j1.18587463650770651864e-06
  -9.99999999999297783937e-01-j1.18364555298758181177e-06
  -9.99999999999300670517e-01-j1.18142483374243857510e-06
  -9.99999999999303001985e-01-j1.17921243178320495135e-06
  -9.99999999999305999587e-01-j1.17700830047001747397e-06
  -9.99999999999308331056e-01-j1.17481239351200676784e-06
  -9.99999999999310884569e-01-j1.17262466496358669790e-06
  -9.99999999999313105015e-01-j1.17044506921999601124e-06
  -9.99999999999315991595e-01-j1.16827356101534994958e-06
  -9.99999999999318212041e-01-j1.16611009541900584260e-06
  -9.99999999999320876576e-01-j1.16395462783255211766e-06
  -9.99999999999323541111e-01-j1.16180711398639073351e-06
  -9.99999999999325983602e-01-j1.15966750993693879528e-06
  -9.99999999999328204048e-01-j1.15753577206509669534e-06
  -9.99999999999330535516e-01-j1.15541185707030173027e-06
  -9.99999999999333311074e-01-j1.15329572196963532815e-06
  -9.99999999999335975609e-01-j1.15118732409482370486e-06
  -9.99999999999337751966e-01-j1.14908662108902358583e-06
  -9.99999999999340638546e-01-j1.14699357090360602194e-06
  -9.99999999999342747969e-01-j1.14490813179624696546e-06
  -9.99999999999345412505e-01-j1.14283026232711096316e-06
  -9.99999999999347410906e-01-j1.14075992135729070983e-06
  -9.99999999999349742374e-01-j1.13869706804463054058e-06
  -9.99999999999352073843e-01-j1.13664166184295076044e-06
  -9.99999999999354405311e-01-j1.13459366249671472489e-06
  -9.99999999999356625757e-01-j1.13255303004184813248e-06
  -9.99999999999359179270e-01-j1.13051972479955780195e-06
  -9.99999999999361399716e-01-j1.12849370737736674642e-06
  -9.99999999999363287095e-01-j1.12647493866280822490e-06
  -9.99999999999366062653e-01-j1.12446337982423338820e-06
  -9.99999999999367950032e-01-j1.12245899230541377321e-06
  -9.99999999999370281500e-01-j1.12046173782597265448e-06
  -9.99999999999372168880e-01-j1.11847157837665097700e-06
  -9.99999999999374833415e-01-j1.11648847621800610191e-06
  -9.99999999999376831816e-01-j1.11451239387720684552e-06
  -9.99999999999378941240e-01-j1.11254329414757904620e-06
  -9.99999999999380939641e-01-j1.11058114008443540937e-06
  -9.99999999999383382132e-01-j1.10862589500280037703e-06
  -9.99999999999385380534e-01-j1.10667752247507083451e-06
  -9.99999999999387712002e-01-j1.10473598633031815532e-06
  -9.99999999999389488359e-01-j1.10280125065070906344e-06
  -9.99999999999391930849e-01-j1.10087327976999325597e-06
  -9.99999999999394151295e-01-j1.09895203826924007459e-06
  -9.99999999999395816630e-01-j1.09703749097850948975e-06
  -9.99999999999397926054e-01-j1.09512960297131229350e-06
  -9.99999999999399924455e-01-j1.09322833956482079889e-06
  -9.99999999999402255924e-01-j1.09133366631459373054e-06
  -9.99999999999404254325e-01-j1.08944554901639353384e-06
  -9.99999999999406030682e-01-j1.08756395370118824528e-06
  -9.99999999999407918061e-01-j1.08568884663395061149e-06
  -9.99999999999410249529e-01-j1.08382019431384740112e-06
  -9.99999999999412580998e-01-j1.08195796346870340921e-06
  -9.99999999999414246332e-01-j1.08010212105413028385e-06
  -9.99999999999416244734e-01-j1.07825263425415375406e-06
  -9.99999999999418021090e-01-j1.07640947047653440803e-06
  -9.99999999999419908470e-01-j1.07457259735008513978e-06
  -9.99999999999421795849e-01-j1.07274198272438231091e-06
  -9.99999999999423794250e-01-j1.07091759466862352669e-06
  -9.99999999999426014696e-01-j1.06909940146842458098e-06
  -9.99999999999427902075e-01-j1.06728737162452773093e-06
  -9.99999999999429678432e-01-j1.06548147385129503720e-06
  -9.99999999999431676834e-01-j1.06368167707372003168e-06
  -9.99999999999433675235e-01-j1.06188795042847274436e-06
  -9.99999999999435229547e-01-j1.06010026325804522344e-06
  -9.99999999999437116927e-01-j1.05831858511037248801e-06
  -9.99999999999438782261e-01-j1.05654288573835543676e-06
  -9.99999999999440891685e-01-j1.05477313509821633355e-06
  -9.99999999999442557019e-01-j1.05300930334693822676e-06
  -9.99999999999444555421e-01-j1.05125136084033371420e-06
  -9.99999999999446109733e-01-j1.04949927813196921128e-06
  -9.99999999999448219157e-01-j1.04775302597250744163e-06
  -9.99999999999450217558e-01-j1.04601257530828590410e-06
  -9.99999999999451882893e-01-j1.04427789727547827468e-06
  -9.99999999999453770272e-01-j1.04254896320006327796e-06
  -9.99999999999455324584e-01-j1.04082574460034333966e-06
  -9.99999999999456878896e-01-j1.03910821318102424984e-06
  -9.99999999999458655253e-01-j1.03739634083447110098e-06
  -9.99999999999460542632e-01-j1.03569009963793531389e-06
  -9.99999999999462096945e-01-j1.03398946185183918419e-06
  -9.99999999999463873301e-01-j1.03229439991785015299e-06
  -9.99999999999465760681e-01-j1.03060488646196633607e-06
  -9.99999999999467648060e-01-j1.02892089428680598301e-06
  -9.99999999999469091350e-01-j1.02724239636796523551e-06
  -9.99999999999470756684e-01-j1.02556936585984211415e-06
  -9.99999999999472422019e-01-j1.02390177609269710235e-06
  -9.99999999999474420420e-01-j1.02223960056945602049e-06
  -9.99999999999475863710e-01-j1.02058281296463408227e-06
  -9.99999999999477307000e-01-j1.01893138712304628714e-06
  -9.99999999999478861312e-01-j1.01728529705915753415e-06
  -9.99999999999480637669e-01-j1.01564451695662755363e-06
  -9.99999999999482191981e-01-j1.01400902116944190781e-06
  -9.99999999999483746294e-01-j1.01237878420237115258e-06
  -9.99999999999485189583e-01-j1.01075378073284546330e-06
  -9.99999999999486854918e-01-j1.00913398559895937772e-06
  -9.99999999999488409230e-01-j1.00751937380158281389e-06
  -9.99999999999489963542e-01-j1.00590992050031458194e-06
  -9.99999999999491406832e-01-j1.00430560101261946933e-06
  -9.99999999999493183189e-01-j1.00270639081466299178e-06
  -9.99999999999494626479e-01-j1.00111226553790547379e-06
  -9.99999999999496402836e-01-j9.99523200978436351753e-07
  -9.99999999999497957148e-01-j9.97939173068566171180e-07
  -9.99999999999499511460e-01-j9.96360157896915031841e-07
  -9.99999999999500954750e-01-j9.94786131706648429898e-07
  -9.99999999999502509063e-01-j9.93217070890854787356e-07
  -9.99999999999504174397e-01-j9.91652951991049380113e-07
  -9.99999999999505284620e-01-j9.90093751696523393147e-07
  -9.99999999999506949955e-01-j9.88539446842634184507e-07
  -9.99999999999508393245e-01-j9.86990014409945758632e-07
  -9.99999999999510058579e-01-j9.85445431528417344275e-07
  -9.99999999999511279825e-01-j9.83905675471568819804e-07
  -9.99999999999512945159e-01-j9.82370723638024712313e-07
  -9.99999999999514388449e-01-j9.80840553578229616780e-07
  -9.99999999999516053784e-01-j9.79315142982681214364e-07
  -9.99999999999517275029e-01-j9.77794469679373291695e-07
  -9.99999999999518385252e-01-j9.76278511635267672375e-07
  -9.99999999999520050586e-01-j9.74767246951829294561e-07
  -9.99999999999521715921e-01-j9.73260653867771656500e-07
  -9.99999999999523159211e-01-j9.71758710755227380577e-07
  -9.99999999999524269434e-01-j9.70261396131042127116e-07
  -9.99999999999525712724e-01-j9.68768688626730547500e-07
  -9.99999999999527044992e-01-j9.67280567006178849251e-07
  -9.99999999999528266237e-01-j9.65797010168613434756e-07
  -9.99999999999529931571e-01-j9.64317997143122292156e-07
  -9.99999999999531485884e-01-j9.62843507086314431563e-07
  -9.99999999999532707129e-01-j9.61373519281987001106e-07
  -9.99999999999533817352e-01-j9.59908013141010302212e-07
  -9.99999999999535149620e-01-j9.58446968198877746804e-07
  -9.99999999999537036999e-01-j9.56990364116119209380e-07
  -9.99999999999538480289e-01-j9.55538180689778111689e-07
  -9.99999999999539812556e-01-j9.54090397813830631900e-07
  -9.99999999999540589712e-01-j9.52646995514771782172e-07
  -9.99999999999541921980e-01-j9.51207953940872807429e-07
  -9.99999999999543809359e-01-j9.49773253360512636325e-07
  -9.99999999999545030605e-01-j9.48342874160789382492e-07
  -9.99999999999546473894e-01-j9.46916796846977714055e-07
  -9.99999999999547362073e-01-j9.45495002041037122731e-07
  -9.99999999999549027407e-01-j9.44077470481068552197e-07
  -9.99999999999550359675e-01-j9.42664183021202907376e-07
  -9.99999999999551469898e-01-j9.41255120638754988832e-07
  -9.99999999999552802166e-01-j9.39850264406022801338e-07
  -9.99999999999554023411e-01-j9.38449595518114703780e-07
  -9.99999999999555466701e-01-j9.37053095281193332998e-07
  -9.99999999999557132035e-01-j9.35660745112630610817e-07
  -9.99999999999557798169e-01-j9.34272526541104623444e-07
  -9.99999999999559463504e-01-j9.32888421203193172585e-07
  -9.99999999999560684749e-01-j9.31508410845492098974e-07
  -9.99999999999562017017e-01-j9.30132477321419638815e-07
  -9.99999999999563238262e-01-j9.28760602592164571290e-07
  -9.99999999999564570530e-01-j9.27392768726034003191e-07
  -9.99999999999565791775e-01-j9.26028957894074632097e-07
  -9.99999999999567346087e-01-j9.24669152374609878358e-07
  -9.99999999999568123243e-01-j9.23313334548262190098e-07
  -9.99999999999570010623e-01-j9.21961486899985604655e-07
  -9.99999999999571009823e-01-j9.20613592016941178188e-07
  -9.99999999999572009024e-01-j9.19269632587104463513e-07
  -9.99999999999573452314e-01-j9.17929591400850414627e-07
  -9.99999999999574895604e-01-j9.16593451347340897066e-07
  -9.99999999999575783782e-01-j9.15261195416105780781e-07
  -9.99999999999577116050e-01-j9.13932806690116010573e-07
  -9.99999999999578448318e-01-j9.12608268358005232734e-07
  -9.99999999999579447518e-01-j9.11287563705562301999e-07
  -9.99999999999581001831e-01-j9.09970676112998223867e-07
  -9.99999999999582334098e-01-j9.08657589056081602264e-07
  -9.99999999999583777388e-01-j9.07348286106235624817e-07
  -9.99999999999584443522e-01-j9.06042750928940452837e-07
  -9.99999999999585775790e-01-j9.04740967284148267459e-07
  -9.99999999999587108057e-01-j9.03442919024581262819e-07
  -9.99999999999588329302e-01-j9.02148590095405220730e-07
  -9.99999999999589328503e-01-j9.00857964530560058072e-07
  -9.99999999999590660771e-01-j8.99571026452586290923e-07
  -9.99999999999591770994e-01-j8.98287760089751087835e-07
  -9.99999999999592770195e-01-j8.97008149751298920032e-07
  -9.99999999999594546551e-01-j8.95732179835169302104e-07
  -9.99999999999595434730e-01-j8.94459834828310405960e-07
  -9.99999999999596322908e-01-j8.93191099305607564147e-07
  -9.99999999999597988243e-01-j8.91925957929560232660e-07
  -9.99999999999598876421e-01-j8.90664395448898044988e-07
  -9.99999999999600097667e-01-j8.89406396698676315076e-07
  -9.99999999999601429934e-01-j8.88151946600272437433e-07
  -9.99999999999602096068e-01-j8.86901030148604371724e-07
  -9.99999999999603428336e-01-j8.85653632440500105505e-07
  -9.99999999999605204692e-01-j8.84409738653561005822e-07
  -9.99999999999605759804e-01-j8.83169334044731921711e-07
  -9.99999999999607203094e-01-j8.81932403953955601978e-07
  -9.99999999999608202295e-01-j8.80698933802474394132e-07
  -9.99999999999609423540e-01-j8.79468909093456625252e-07
  -9.99999999999610422741e-01-j8.78242315410931881576e-07
  -9.99999999999611643986e-01-j8.77019138419040960818e-07
  -9.99999999999612976254e-01-j8.75799363861818396470e-07
  -9.99999999999613753410e-01-j8.74582977562096714793e-07
  -9.99999999999614974655e-01-j8.73369965410567427832e-07
  -9.99999999999615751811e-01-j8.72160313398501598521e-07
  -9.99999999999616973057e-01-j8.70954007584037717629e-07
  -9.99999999999618416346e-01-j8.69751034101147123991e-07
  -9.99999999999619304525e-01-j8.68551379161327117488e-07
  -9.99999999999620192703e-01-j8.67355029051470882943e-07
  -9.99999999999621747016e-01-j8.66161970134393179946e-07
  -9.99999999999622635194e-01-j8.64972188846705454824e-07
  -9.99999999999623634395e-01-j8.63785671701034219933e-07
  -9.99999999999625077685e-01-j8.62602405282623075107e-07
  -9.99999999999625521774e-01-j8.61422376249595181995e-07
  -9.99999999999626631997e-01-j8.60245571327190793044e-07
  -9.99999999999627853242e-01-j8.59071977327828062180e-07
  -9.99999999999628963465e-01-j8.57901581128118064630e-07
  -9.99999999999629629599e-01-j8.56734369675777221054e-07
  -9.99999999999631294934e-01-j8.55570329989089325733e-07
  -9.99999999999632294134e-01-j8.54409449157647123924e-07
  -9.99999999999632849246e-01-j8.53251714340433464593e-07
  -9.99999999999634181513e-01-j8.52097112766242064031e-07
  -9.99999999999635069692e-01-j8.50945631732612891319e-07
  -9.99999999999636290937e-01-j8.49797258605719089432e-07
  -9.99999999999636957071e-01-j8.48651980819253338667e-07
  -9.99999999999638400361e-01-j8.47509785870516258496e-07
  -9.99999999999638955472e-01-j8.46370661334369581306e-07
  -9.99999999999639843651e-01-j8.45234594846379984988e-07
  -9.99999999999641397963e-01-j8.44101574109133194166e-07
  -9.99999999999642175119e-01-j8.42971586890532185126e-07
  -9.99999999999642952275e-01-j8.41844621024107411630e-07
  -9.99999999999644062498e-01-j8.40720664408378989113e-07
  -9.99999999999645394766e-01-j8.39599705006213690791e-07
  -9.99999999999645727833e-01-j8.38481730844821877168e-07
  -9.99999999999647393167e-01-j8.37366730015218888963e-07
  -9.99999999999647837257e-01-j8.36254690671377802403e-07
  -9.99999999999648947480e-01-j8.35145601026293055357e-07
  -9.99999999999649502591e-01-j8.34039449362856138624e-07
  -9.99999999999650834859e-01-j8.32936224022779369597e-07
  -9.99999999999652056104e-01-j8.31835913409049005554e-07
  -9.99999999999652500193e-01-j8.30738505985884691962e-07
  -9.99999999999653832461e-01-j8.29643990277887029688e-07
  -9.99999999999654387572e-01-j8.28552354870672214442e-07
  -9.99999999999655608818e-01-j8.27463588409590687678e-07
  -9.99999999999656608018e-01-j8.26377679599620939845e-07
  -9.99999999999657496197e-01-j8.25294617204726188860e-07
  -9.99999999999658162331e-01-j8.24214390048169476364e-07
  -9.99999999999659383576e-01-j8.23136987009917299983e-07
  -9.99999999999659938688e-01-j8.22062397029475267876e-07
  -9.99999999999660937888e-01-j8.20990609105818853790e-07
  -9.99999999999661826067e-01-j8.19921612292684846789e-07
  -9.99999999999663047312e-01-j8.18855395701814958041e-07
  -9.99999999999663602424e-01-j8.17791948501257202127e-07
  -9.99999999999664490602e-01-j8.16731259914828454633e-07
  -9.99999999999665267758e-01-j8.15673319223173772729e-07
  -9.99999999999666600026e-01-j8.14618115760790344911e-07
  -9.99999999999667044115e-01-j8.13565638919208840871e-07
  -9.99999999999668154338e-01-j8.12515878143378592513e-07
  -9.99999999999669042516e-01-j8.11468822933224969911e-07
  -9.99999999999670263762e-01-j8.10424462841164504273e-07
  -9.99999999999670485806e-01-j8.09382787476035861976e-07
  -9.99999999999671929096e-01-j8.08343786498343966319e-07
  -9.99999999999672484208e-01-j8.07307449622846730271e-07
  -9.99999999999673261364e-01-j8.06273766615471433023e-07
  -9.99999999999674038520e-01-j8.05242727295434949334e-07
  -9.99999999999675481810e-01-j8.04214321533328819797e-07
  -9.99999999999675703855e-01-j8.03188539252179947847e-07
  -9.99999999999677036122e-01-j8.02165370425744040129e-07
  -9.99999999999677258167e-01-j8.01144805079038919620e-07
  -9.99999999999678479412e-01-j8.00126833287804753880e-07
  -9.99999999999679256568e-01-j7.99111445177695032711e-07
  -9.99999999999679922702e-01-j7.98098630925267067309e-07
  -9.99999999999680588836e-01-j7.97088380756139587724e-07
  -9.99999999999681588037e-01-j7.96080684945737496580e-07
  -9.99999999999682698260e-01-j7.95075533818601960738e-07
  -9.99999999999682920304e-01-j7.94072917747964247844e-07
  -9.99999999999684363594e-01-j7.93072827155526662437e-07
  -9.99999999999685029728e-01-j7.92075252511040511778e-07
  -9.99999999999685695862e-01-j7.91080184332403726400e-07
  -9.99999999999686028929e-01-j7.90087613184918118092e-07
  -9.99999999999687694263e-01-j7.89097529681601617418e-07
  -9.99999999999688138352e-01-j7.88109924481705119029e-07
  -9.99999999999688915509e-01-j7.87124788291598478121e-07
  -9.99999999999689359598e-01-j7.86142111864340429463e-07
  -9.99999999999690469821e-01-j7.85161885998669982908e-07
  -9.99999999999691246977e-01-j7.84184101539465938772e-07
  -9.99999999999691802088e-01-j7.83208749376653368297e-07
  -9.99999999999693023334e-01-j7.82235820446155466925e-07
  -9.99999999999693356401e-01-j7.81265305728726237018e-07
  -9.99999999999694133557e-01-j7.80297196248882167553e-07
  -9.99999999999695132757e-01-j7.79331483077024581054e-07
  -9.99999999999695687869e-01-j7.78368157326571368268e-07
  -9.99999999999696798092e-01-j7.77407210155332040279e-07
  -9.99999999999697131159e-01-j7.76448632764552487105e-07
  -9.99999999999698130360e-01-j7.75492416398836521265e-07
  -9.99999999999699018538e-01-j7.74538552346316025527e-07
  -9.99999999999699351605e-01-j7.73587031937189821071e-07
  -9.99999999999700683873e-01-j7.72637846544926877793e-07
  -9.99999999999700905917e-01-j7.71690987584297915613e-07
  -9.99999999999702238185e-01-j7.70746446513170055533e-07
  -9.99999999999702682274e-01-j7.69804214830706874624e-07
  -9.99999999999703237386e-01-j7.68864284077359829815e-07
  -9.99999999999703681475e-01-j7.67926645835506179586e-07
  -9.99999999999704680675e-01-j7.66991291727746553619e-07
  -9.99999999999705568854e-01-j7.66058213417964696898e-07
  -9.99999999999705901921e-01-j7.65127402610581974830e-07
  -9.99999999999707234188e-01-j7.64198851050046294749e-07
  -9.99999999999707678278e-01-j7.63272550521267798481e-07
  -9.99999999999708233389e-01-j7.62348492847950419200e-07
  -9.99999999999708899523e-01-j7.61426669894302676220e-07
  -9.99999999999709787701e-01-j7.60507073563572943277e-07
  -9.99999999999710786902e-01-j7.59589695797833137483e-07
  -9.99999999999711119969e-01-j7.58674528578190054049e-07
  -9.99999999999711675081e-01-j7.57761563924992148208e-07
  -9.99999999999712452237e-01-j7.56850793895390080318e-07
  -9.99999999999713229393e-01-j7.55942210585878767622e-07
  -9.99999999999714339616e-01-j7.55035806130810100272e-07
  -9.99999999999714450638e-01-j7.54131572701754490240e-07
  -9.99999999999715116772e-01-j7.53229502508238742901e-07
  -9.99999999999716226995e-01-j7.52329587796229444534e-07
  -9.99999999999716560062e-01-j7.51431820849900296573e-07
  -9.99999999999717337218e-01-j7.50536193989158567637e-07
  -9.99999999999717781307e-01-j7.49642699570673603289e-07
  -9.99999999999718780508e-01-j7.48751329987892496148e-07
  -9.99999999999719779709e-01-j7.47862077669873297997e-07
  -9.99999999999719890731e-01-j7.46974935082237190704e-07
  -9.99999999999720889932e-01-j7.46089894725465844111e-07
  -9.99999999999721889132e-01-j7.45206949136600775888e-07
  -9.99999999999722000155e-01-j7.44326090887223707351e-07
  -9.99999999999722777311e-01-j7.43447312583770600923e-07
  -9.99999999999723221400e-01-j7.42570606868381551821e-07
  -9.99999999999724109578e-01-j7.41695966417214451334e-07
  -9.99999999999724997757e-01-j7.40823383941715430370e-07
  -9.99999999999725108779e-01-j7.39952852186191051264e-07
  -9.99999999999726219002e-01-j7.39084363930157341903e-07
  -9.99999999999726552069e-01-j7.38217911986701951646e-07
  -9.99999999999727218203e-01-j7.37353489202054599733e-07
  -9.99999999999727995359e-01-j7.36491088456859848175e-07
  -9.99999999999728661493e-01-j7.35630702664370803990e-07
  -9.99999999999728772515e-01-j7.34772324770977879520e-07
  -9.99999999999729771716e-01-j7.33915947756205298422e-07
  -9.99999999999730326827e-01-j7.33061564632075715079e-07
  -9.99999999999730992961e-01-j7.32209168443104073607e-07
  -9.99999999999731881140e-01-j7.31358752266298878410e-07
  -9.99999999999732436251e-01-j7.30510309210480438532e-07
  -9.99999999999733213407e-01-j7.29663832417235791428e-07
  -9.99999999999733768519e-01-j7.28819315058507200164e-07
  -9.99999999999733768519e-01-j7.27976750339342787031e-07
  -9.99999999999734656697e-01-j7.27136131494301196326e-07
  -9.99999999999735433853e-01-j7.26297451791059531184e-07
  -9.99999999999736211009e-01-j7.25460704527438891513e-07
  -9.99999999999736655099e-01-j7.24625883032145739573e-07
  -9.99999999999736988165e-01-j7.23792980664133237141e-07
  -9.99999999999737876344e-01-j7.22961990814190067556e-07
  -9.99999999999738653500e-01-j7.22132906901969891175e-07
  -9.99999999999739208612e-01-j7.21305722378216183291e-07
  -9.99999999999739208612e-01-j7.20480430722744072251e-07
  -9.99999999999740651901e-01-j7.19657025446192744750e-07
  -9.99999999999741095991e-01-j7.18835500088334662188e-07
  -9.99999999999741318035e-01-j7.18015848218665730873e-07
  -9.99999999999741984169e-01-j7.17198063435075883817e-07
  -9.99999999999742650303e-01-j7.16382139366003614906e-07
  -9.99999999999743205414e-01-j7.15568069667357331785e-07
  -9.99999999999743871548e-01-j7.14755848025166357219e-07
  -9.99999999999744093593e-01-j7.13945468153245023981e-07
  -9.99999999999744648704e-01-j7.13136923794462906641e-07
  -9.99999999999745425860e-01-j7.12330208719577927797e-07
  -9.99999999999746203017e-01-j7.11525316727339590220e-07
  -9.99999999999746647106e-01-j7.10722241645018584199e-07
  -9.99999999999747424262e-01-j7.09920977327660763277e-07
  -9.99999999999747757329e-01-j7.09121517657459069319e-07
  -9.99999999999748534485e-01-j7.08323856544976436331e-07
  -9.99999999999749089596e-01-j7.07527987927432772199e-07
  -9.99999999999749533686e-01-j7.06733905769583967137e-07
  -9.99999999999749755730e-01-j7.05941604062680466670e-07
  -9.99999999999750754931e-01-j7.05151076825950743970e-07
  -9.99999999999751199020e-01-j7.04362318104373709078e-07
  -9.99999999999751865154e-01-j7.03575321970477912767e-07
  -9.99999999999752309243e-01-j7.02790082522114167526e-07
  -9.99999999999752753332e-01-j7.02006593884680491353e-07
  -9.99999999999753419466e-01-j7.01224850208787155561e-07
  -9.99999999999754196622e-01-j7.00444845671634701498e-07
  -9.99999999999754640712e-01-j6.99666574475738626574e-07
  -9.99999999999754973778e-01-j6.98890030850413385975e-07
  -9.99999999999755861957e-01-j6.98115209048901480375e-07
  -9.99999999999756417068e-01-j6.97342103351837503049e-07
  -9.99999999999756750135e-01-j6.96570708063773928364e-07
  -9.99999999999757194225e-01-j6.95801017514627844047e-07
  -9.99999999999757860358e-01-j6.95033026059940460912e-07
  -9.99999999999758082403e-01-j6.94266728079391417063e-07
  -9.99999999999758748537e-01-j6.93502117978174571165e-07
  -9.99999999999759858760e-01-j6.92739190185619032800e-07
  -9.99999999999760080804e-01-j6.91977939155612361309e-07
  -9.99999999999760302849e-01-j6.91218359366278375630e-07
  -9.99999999999760968983e-01-j6.90460445320296273965e-07
  -9.99999999999761524094e-01-j6.89704191544580349441e-07
  -9.99999999999761968184e-01-j6.88949592589111825804e-07
  -9.99999999999762412273e-01-j6.88196643028532338145e-07
  -9.99999999999763189429e-01-j6.87445337460757445847e-07
  -9.99999999999763189429e-01-j6.86695670507710798392e-07
  -9.99999999999764077607e-01-j6.85947636814171111762e-07
  -9.99999999999764854763e-01-j6.85201231048614542703e-07
  -9.99999999999765187830e-01-j6.84456447902363420616e-07
  -9.99999999999765298853e-01-j6.83713282090326448469e-07
  -9.99999999999765964986e-01-j6.82971728350043779036e-07
  -9.99999999999766853165e-01-j6.82231781441579865219e-07
  -9.99999999999766853165e-01-j6.81493436148158628890e-07
  -9.99999999999767630321e-01-j6.80756687275205678376e-07
  -9.99999999999768074410e-01-j6.80021529650773519006e-07
  -9.99999999999768407477e-01-j6.79287958125326830256e-07
  -9.99999999999769184633e-01-j6.78555967571316831690e-07
  -9.99999999999769850767e-01-j6.77825552883516496256e-07
  -9.99999999999770294856e-01-j6.77096708978068591125e-07
  -9.99999999999770294856e-01-j6.76369430793744898052e-07
  -9.99999999999770960990e-01-j6.75643713290718544993e-07
  -9.99999999999771849168e-01-j6.74919551450295602545e-07
  -9.99999999999772293258e-01-j6.74196940276079648365e-07
  -9.99999999999772182235e-01-j6.73475874792697300223e-07
  -9.99999999999773292458e-01-j6.72756350045795992544e-07
  -9.99999999999773625525e-01-j6.72038361102576760125e-07
  -9.99999999999774180637e-01-j6.71321903051045884533e-07
  -9.99999999999774402681e-01-j6.70606971000017011682e-07
  -9.99999999999775179838e-01-j6.69893560079426248094e-07
  -9.99999999999775734949e-01-j6.69181665439908115026e-07
  -9.99999999999775734949e-01-j6.68471282252157309145e-07
  -9.99999999999776290061e-01-j6.67762405708205287061e-07
  -9.99999999999777067217e-01-j6.67055031019516135258e-07
  -9.99999999999777511306e-01-j6.66349153418737916597e-07
  -9.99999999999777733350e-01-j6.65644768158171975893e-07
  -9.99999999999778621529e-01-j6.64941870509749646517e-07
  -9.99999999999778954596e-01-j6.64240455766728857385e-07
  -9.99999999999779287663e-01-j6.63540519240297424962e-07
  -9.99999999999779620730e-01-j6.62842056263073099275e-07
  -9.99999999999780175841e-01-j6.62145062186556006455e-07
  -9.99999999999780619930e-01-j6.61449532381765088105e-07
  -9.99999999999781175042e-01-j6.60755462239129681092e-07
  -9.99999999999781730153e-01-j6.60062847169019866049e-07
  -9.99999999999782174243e-01-j6.59371682599834925768e-07
  -9.99999999999782729354e-01-j6.58681963980230830098e-07
  -9.99999999999782618332e-01-j6.57993686777421617243e-07
  -9.99999999999783173443e-01-j6.57306846477371246731e-07
  -9.99999999999784061622e-01-j6.56621438585272596538e-07
  -9.99999999999784283666e-01-j6.55937458624856495969e-07
  -9.99999999999784283666e-01-j6.55254902138512427847e-07
  -9.99999999999784838778e-01-j6.54573764686969620612e-07
  -9.99999999999785504912e-01-j6.53894041849722258858e-07
  -9.99999999999786171045e-01-j6.53215729224072124348e-07
  -9.99999999999786615135e-01-j6.52538822426613127127e-07
  -9.99999999999787059224e-01-j6.51863317090896247452e-07
  -9.99999999999787392291e-01-j6.51189208869550612166e-07
  -9.99999999999787947402e-01-j6.50516493431948224864e-07
  -9.99999999999788058425e-01-j6.49845166466643209022e-07
  -9.99999999999789168648e-01-j6.49175223679248296400e-07
  -9.99999999999789390692e-01-j6.48506660793284930484e-07
  -9.99999999999789501715e-01-j6.47839473549504581331e-07
  -9.99999999999789945804e-01-j6.47173657706713861549e-07
  -9.99999999999790611938e-01-j6.46509209040907588067e-07
  -9.99999999999791056027e-01-j6.45846123345315368950e-07
  -9.99999999999791278071e-01-j6.45184396430644172460e-07
  -9.99999999999791500116e-01-j6.44524024124228647129e-07
  -9.99999999999792055227e-01-j6.43865002271092348167e-07
  -9.99999999999792277272e-01-j6.43207326732990590223e-07
  -9.99999999999792610339e-01-j6.42550993388622735029e-07
  -9.99999999999793165451e-01-j6.41895998133206345575e-07
  -9.99999999999793609540e-01-j6.41242336879006899345e-07
  -9.99999999999794386696e-01-j6.40590005554699972506e-07
  -9.99999999999794608740e-01-j6.39939000105795603413e-07
  -9.99999999999794830785e-01-j6.39289316494212129160e-07
  -9.99999999999795607941e-01-j6.38640950698062733276e-07
  -9.99999999999796052030e-01-j6.37993898711118956231e-07
  -9.99999999999796607142e-01-j6.37348156544936112860e-07
  -9.99999999999796607142e-01-j6.36703720226330828248e-07
  -9.99999999999796829186e-01-j6.36060585797765484805e-07
  -9.99999999999797606343e-01-j6.35418749318212089996e-07
  -9.99999999999798272476e-01-j6.34778206862727171678e-07
  -9.99999999999798605543e-01-j6.34138954521707871418e-07
  -9.99999999999798716566e-01-j6.33500988401103067453e-07
  -9.99999999999799382699e-01-j6.32864304623579633175e-07
  -9.99999999999799715766e-01-j6.32228899326082346978e-07
  -9.99999999999799715766e-01-j6.31594768661847607201e-07
  -9.99999999999800270878e-01-j6.30961908799235797216e-07
  -9.99999999999800603945e-01-j6.30330315922049663936e-07
  -9.99999999999801159056e-01-j6.29699986229532517868e-07
  -9.99999999999801714168e-01-j6.29070915935731264341e-07
</dep>
