<Qucs Dataset 1.0.0>
<indep frequency 1001>
  +1.00000000000000000000e+06
  +1.99900000000000000000e+06
  +2.99800000000000000000e+06
  +3.99700000000000000000e+06
  +4.99600000000000000000e+06
  +5.99500000000000000000e+06
  +6.99400000000000000000e+06
  +7.99300000000000000000e+06
  +8.99200000000000000000e+06
  +9.99100000000000000000e+06
  +1.09900000000000000000e+07
  +1.19890000000000000000e+07
  +1.29880000000000000000e+07
  +1.39870000000000000000e+07
  +1.49860000000000000000e+07
  +1.59850000000000000000e+07
  +1.69840000000000000000e+07
  +1.79830000000000000000e+07
  +1.89820000000000000000e+07
  +1.99810000000000000000e+07
  +2.09800000000000000000e+07
  +2.19790000000000000000e+07
  +2.29780000000000000000e+07
  +2.39770000000000000000e+07
  +2.49760000000000000000e+07
  +2.59750000000000000000e+07
  +2.69740000000000000000e+07
  +2.79730000000000000000e+07
  +2.89720000000000000000e+07
  +2.99710000000000000000e+07
  +3.09700000000000000000e+07
  +3.19690000000000000000e+07
  +3.29680000000000000000e+07
  +3.39670000000000000000e+07
  +3.49660000000000000000e+07
  +3.59650000000000000000e+07
  +3.69640000000000000000e+07
  +3.79630000000000000000e+07
  +3.89620000000000000000e+07
  +3.99610000000000000000e+07
  +4.09600000000000000000e+07
  +4.19590000000000000000e+07
  +4.29580000000000000000e+07
  +4.39570000000000000000e+07
  +4.49560000000000000000e+07
  +4.59550000000000000000e+07
  +4.69540000000000000000e+07
  +4.79530000000000000000e+07
  +4.89520000000000000000e+07
  +4.99510000000000000000e+07
  +5.09500000000000000000e+07
  +5.19490000000000000000e+07
  +5.29480000000000000000e+07
  +5.39470000000000000000e+07
  +5.49460000000000000000e+07
  +5.59450000000000000000e+07
  +5.69440000000000000000e+07
  +5.79430000000000000000e+07
  +5.89420000000000000000e+07
  +5.99410000000000000000e+07
  +6.09400000000000000000e+07
  +6.19390000000000000000e+07
  +6.29380000000000000000e+07
  +6.39370000000000000000e+07
  +6.49360000000000000000e+07
  +6.59350000000000000000e+07
  +6.69340000000000000000e+07
  +6.79330000000000000000e+07
  +6.89320000000000000000e+07
  +6.99310000000000000000e+07
  +7.09300000000000000000e+07
  +7.19290000000000000000e+07
  +7.29280000000000000000e+07
  +7.39270000000000000000e+07
  +7.49260000000000000000e+07
  +7.59250000000000000000e+07
  +7.69240000000000000000e+07
  +7.79230000000000000000e+07
  +7.89220000000000000000e+07
  +7.99210000000000000000e+07
  +8.09200000000000000000e+07
  +8.19190000000000000000e+07
  +8.29180000000000000000e+07
  +8.39170000000000000000e+07
  +8.49160000000000000000e+07
  +8.59150000000000000000e+07
  +8.69140000000000000000e+07
  +8.79130000000000000000e+07
  +8.89120000000000000000e+07
  +8.99110000000000000000e+07
  +9.09100000000000000000e+07
  +9.19090000000000000000e+07
  +9.29080000000000000000e+07
  +9.39070000000000000000e+07
  +9.49060000000000000000e+07
  +9.59050000000000000000e+07
  +9.69040000000000000000e+07
  +9.79030000000000000000e+07
  +9.89020000000000000000e+07
  +9.99010000000000000000e+07
  +1.00900000000000000000e+08
  +1.01899000000000000000e+08
  +1.02898000000000000000e+08
  +1.03897000000000000000e+08
  +1.04896000000000000000e+08
  +1.05895000000000000000e+08
  +1.06894000000000000000e+08
  +1.07893000000000000000e+08
  +1.08892000000000000000e+08
  +1.09891000000000000000e+08
  +1.10890000000000000000e+08
  +1.11889000000000000000e+08
  +1.12888000000000000000e+08
  +1.13887000000000000000e+08
  +1.14886000000000000000e+08
  +1.15885000000000000000e+08
  +1.16884000000000000000e+08
  +1.17883000000000000000e+08
  +1.18882000000000000000e+08
  +1.19881000000000000000e+08
  +1.20880000000000000000e+08
  +1.21879000000000000000e+08
  +1.22878000000000000000e+08
  +1.23877000000000000000e+08
  +1.24876000000000000000e+08
  +1.25875000000000000000e+08
  +1.26874000000000000000e+08
  +1.27873000000000000000e+08
  +1.28872000000000000000e+08
  +1.29871000000000000000e+08
  +1.30870000000000000000e+08
  +1.31869000000000000000e+08
  +1.32868000000000000000e+08
  +1.33867000000000000000e+08
  +1.34866000000000000000e+08
  +1.35865000000000000000e+08
  +1.36864000000000000000e+08
  +1.37863000000000000000e+08
  +1.38862000000000000000e+08
  +1.39861000000000000000e+08
  +1.40860000000000000000e+08
  +1.41859000000000000000e+08
  +1.42858000000000000000e+08
  +1.43857000000000000000e+08
  +1.44856000000000000000e+08
  +1.45855000000000000000e+08
  +1.46854000000000000000e+08
  +1.47853000000000000000e+08
  +1.48852000000000000000e+08
  +1.49851000000000000000e+08
  +1.50850000000000000000e+08
  +1.51849000000000000000e+08
  +1.52848000000000000000e+08
  +1.53847000000000000000e+08
  +1.54846000000000000000e+08
  +1.55845000000000000000e+08
  +1.56844000000000000000e+08
  +1.57843000000000000000e+08
  +1.58842000000000000000e+08
  +1.59841000000000000000e+08
  +1.60840000000000000000e+08
  +1.61839000000000000000e+08
  +1.62838000000000000000e+08
  +1.63837000000000000000e+08
  +1.64836000000000000000e+08
  +1.65835000000000000000e+08
  +1.66834000000000000000e+08
  +1.67833000000000000000e+08
  +1.68832000000000000000e+08
  +1.69831000000000000000e+08
  +1.70830000000000000000e+08
  +1.71829000000000000000e+08
  +1.72828000000000000000e+08
  +1.73827000000000000000e+08
  +1.74826000000000000000e+08
  +1.75825000000000000000e+08
  +1.76824000000000000000e+08
  +1.77823000000000000000e+08
  +1.78822000000000000000e+08
  +1.79821000000000000000e+08
  +1.80820000000000000000e+08
  +1.81819000000000000000e+08
  +1.82818000000000000000e+08
  +1.83817000000000000000e+08
  +1.84816000000000000000e+08
  +1.85815000000000000000e+08
  +1.86814000000000000000e+08
  +1.87813000000000000000e+08
  +1.88812000000000000000e+08
  +1.89811000000000000000e+08
  +1.90810000000000000000e+08
  +1.91809000000000000000e+08
  +1.92808000000000000000e+08
  +1.93807000000000000000e+08
  +1.94806000000000000000e+08
  +1.95805000000000000000e+08
  +1.96804000000000000000e+08
  +1.97803000000000000000e+08
  +1.98802000000000000000e+08
  +1.99801000000000000000e+08
  +2.00800000000000000000e+08
  +2.01799000000000000000e+08
  +2.02798000000000000000e+08
  +2.03797000000000000000e+08
  +2.04796000000000000000e+08
  +2.05795000000000000000e+08
  +2.06794000000000000000e+08
  +2.07793000000000000000e+08
  +2.08792000000000000000e+08
  +2.09791000000000000000e+08
  +2.10790000000000000000e+08
  +2.11789000000000000000e+08
  +2.12788000000000000000e+08
  +2.13787000000000000000e+08
  +2.14786000000000000000e+08
  +2.15785000000000000000e+08
  +2.16784000000000000000e+08
  +2.17783000000000000000e+08
  +2.18782000000000000000e+08
  +2.19781000000000000000e+08
  +2.20780000000000000000e+08
  +2.21779000000000000000e+08
  +2.22778000000000000000e+08
  +2.23777000000000000000e+08
  +2.24776000000000000000e+08
  +2.25775000000000000000e+08
  +2.26774000000000000000e+08
  +2.27773000000000000000e+08
  +2.28772000000000000000e+08
  +2.29771000000000000000e+08
  +2.30770000000000000000e+08
  +2.31769000000000000000e+08
  +2.32768000000000000000e+08
  +2.33767000000000000000e+08
  +2.34766000000000000000e+08
  +2.35765000000000000000e+08
  +2.36764000000000000000e+08
  +2.37763000000000000000e+08
  +2.38762000000000000000e+08
  +2.39761000000000000000e+08
  +2.40760000000000000000e+08
  +2.41759000000000000000e+08
  +2.42758000000000000000e+08
  +2.43757000000000000000e+08
  +2.44756000000000000000e+08
  +2.45755000000000000000e+08
  +2.46754000000000000000e+08
  +2.47753000000000000000e+08
  +2.48752000000000000000e+08
  +2.49751000000000000000e+08
  +2.50750000000000000000e+08
  +2.51749000000000000000e+08
  +2.52748000000000000000e+08
  +2.53747000000000000000e+08
  +2.54746000000000000000e+08
  +2.55745000000000000000e+08
  +2.56744000000000000000e+08
  +2.57743000000000000000e+08
  +2.58742000000000000000e+08
  +2.59741000000000000000e+08
  +2.60740000000000000000e+08
  +2.61739000000000000000e+08
  +2.62738000000000000000e+08
  +2.63737000000000000000e+08
  +2.64736000000000000000e+08
  +2.65735000000000000000e+08
  +2.66734000000000000000e+08
  +2.67733000000000000000e+08
  +2.68732000000000000000e+08
  +2.69731000000000000000e+08
  +2.70730000000000000000e+08
  +2.71729000000000000000e+08
  +2.72728000000000000000e+08
  +2.73727000000000000000e+08
  +2.74726000000000000000e+08
  +2.75725000000000000000e+08
  +2.76724000000000000000e+08
  +2.77723000000000000000e+08
  +2.78722000000000000000e+08
  +2.79721000000000000000e+08
  +2.80720000000000000000e+08
  +2.81719000000000000000e+08
  +2.82718000000000000000e+08
  +2.83717000000000000000e+08
  +2.84716000000000000000e+08
  +2.85715000000000000000e+08
  +2.86714000000000000000e+08
  +2.87713000000000000000e+08
  +2.88712000000000000000e+08
  +2.89711000000000000000e+08
  +2.90710000000000000000e+08
  +2.91709000000000000000e+08
  +2.92708000000000000000e+08
  +2.93707000000000000000e+08
  +2.94706000000000000000e+08
  +2.95705000000000000000e+08
  +2.96704000000000000000e+08
  +2.97703000000000000000e+08
  +2.98702000000000000000e+08
  +2.99701000000000000000e+08
  +3.00700000000000000000e+08
  +3.01699000000000000000e+08
  +3.02698000000000000000e+08
  +3.03697000000000000000e+08
  +3.04696000000000000000e+08
  +3.05695000000000000000e+08
  +3.06694000000000000000e+08
  +3.07693000000000000000e+08
  +3.08692000000000000000e+08
  +3.09691000000000000000e+08
  +3.10690000000000000000e+08
  +3.11689000000000000000e+08
  +3.12688000000000000000e+08
  +3.13687000000000000000e+08
  +3.14686000000000000000e+08
  +3.15685000000000000000e+08
  +3.16684000000000000000e+08
  +3.17683000000000000000e+08
  +3.18682000000000000000e+08
  +3.19681000000000000000e+08
  +3.20680000000000000000e+08
  +3.21679000000000000000e+08
  +3.22678000000000000000e+08
  +3.23677000000000000000e+08
  +3.24676000000000000000e+08
  +3.25675000000000000000e+08
  +3.26674000000000000000e+08
  +3.27673000000000000000e+08
  +3.28672000000000000000e+08
  +3.29671000000000000000e+08
  +3.30670000000000000000e+08
  +3.31669000000000000000e+08
  +3.32668000000000000000e+08
  +3.33667000000000000000e+08
  +3.34666000000000000000e+08
  +3.35665000000000000000e+08
  +3.36664000000000000000e+08
  +3.37663000000000000000e+08
  +3.38662000000000000000e+08
  +3.39661000000000000000e+08
  +3.40660000000000000000e+08
  +3.41659000000000000000e+08
  +3.42658000000000000000e+08
  +3.43657000000000000000e+08
  +3.44656000000000000000e+08
  +3.45655000000000000000e+08
  +3.46654000000000000000e+08
  +3.47653000000000000000e+08
  +3.48652000000000000000e+08
  +3.49651000000000000000e+08
  +3.50650000000000000000e+08
  +3.51649000000000000000e+08
  +3.52648000000000000000e+08
  +3.53647000000000000000e+08
  +3.54646000000000000000e+08
  +3.55645000000000000000e+08
  +3.56644000000000000000e+08
  +3.57643000000000000000e+08
  +3.58642000000000000000e+08
  +3.59641000000000000000e+08
  +3.60640000000000000000e+08
  +3.61639000000000000000e+08
  +3.62638000000000000000e+08
  +3.63637000000000000000e+08
  +3.64636000000000000000e+08
  +3.65635000000000000000e+08
  +3.66634000000000000000e+08
  +3.67633000000000000000e+08
  +3.68632000000000000000e+08
  +3.69631000000000000000e+08
  +3.70630000000000000000e+08
  +3.71629000000000000000e+08
  +3.72628000000000000000e+08
  +3.73627000000000000000e+08
  +3.74626000000000000000e+08
  +3.75625000000000000000e+08
  +3.76624000000000000000e+08
  +3.77623000000000000000e+08
  +3.78622000000000000000e+08
  +3.79621000000000000000e+08
  +3.80620000000000000000e+08
  +3.81619000000000000000e+08
  +3.82618000000000000000e+08
  +3.83617000000000000000e+08
  +3.84616000000000000000e+08
  +3.85615000000000000000e+08
  +3.86614000000000000000e+08
  +3.87613000000000000000e+08
  +3.88612000000000000000e+08
  +3.89611000000000000000e+08
  +3.90610000000000000000e+08
  +3.91609000000000000000e+08
  +3.92608000000000000000e+08
  +3.93607000000000000000e+08
  +3.94606000000000000000e+08
  +3.95605000000000000000e+08
  +3.96604000000000000000e+08
  +3.97603000000000000000e+08
  +3.98602000000000000000e+08
  +3.99601000000000000000e+08
  +4.00600000000000000000e+08
  +4.01599000000000000000e+08
  +4.02598000000000000000e+08
  +4.03597000000000000000e+08
  +4.04596000000000000000e+08
  +4.05595000000000000000e+08
  +4.06594000000000000000e+08
  +4.07593000000000000000e+08
  +4.08592000000000000000e+08
  +4.09591000000000000000e+08
  +4.10590000000000000000e+08
  +4.11589000000000000000e+08
  +4.12588000000000000000e+08
  +4.13587000000000000000e+08
  +4.14586000000000000000e+08
  +4.15585000000000000000e+08
  +4.16584000000000000000e+08
  +4.17583000000000000000e+08
  +4.18582000000000000000e+08
  +4.19581000000000000000e+08
  +4.20580000000000000000e+08
  +4.21579000000000000000e+08
  +4.22578000000000000000e+08
  +4.23577000000000000000e+08
  +4.24576000000000000000e+08
  +4.25575000000000000000e+08
  +4.26574000000000000000e+08
  +4.27573000000000000000e+08
  +4.28572000000000000000e+08
  +4.29571000000000000000e+08
  +4.30570000000000000000e+08
  +4.31569000000000000000e+08
  +4.32568000000000000000e+08
  +4.33567000000000000000e+08
  +4.34566000000000000000e+08
  +4.35565000000000000000e+08
  +4.36564000000000000000e+08
  +4.37563000000000000000e+08
  +4.38562000000000000000e+08
  +4.39561000000000000000e+08
  +4.40560000000000000000e+08
  +4.41559000000000000000e+08
  +4.42558000000000000000e+08
  +4.43557000000000000000e+08
  +4.44556000000000000000e+08
  +4.45555000000000000000e+08
  +4.46554000000000000000e+08
  +4.47553000000000000000e+08
  +4.48552000000000000000e+08
  +4.49551000000000000000e+08
  +4.50550000000000000000e+08
  +4.51549000000000000000e+08
  +4.52548000000000000000e+08
  +4.53547000000000000000e+08
  +4.54546000000000000000e+08
  +4.55545000000000000000e+08
  +4.56544000000000000000e+08
  +4.57543000000000000000e+08
  +4.58542000000000000000e+08
  +4.59541000000000000000e+08
  +4.60540000000000000000e+08
  +4.61539000000000000000e+08
  +4.62538000000000000000e+08
  +4.63537000000000000000e+08
  +4.64536000000000000000e+08
  +4.65535000000000000000e+08
  +4.66534000000000000000e+08
  +4.67533000000000000000e+08
  +4.68532000000000000000e+08
  +4.69531000000000000000e+08
  +4.70530000000000000000e+08
  +4.71529000000000000000e+08
  +4.72528000000000000000e+08
  +4.73527000000000000000e+08
  +4.74526000000000000000e+08
  +4.75525000000000000000e+08
  +4.76524000000000000000e+08
  +4.77523000000000000000e+08
  +4.78522000000000000000e+08
  +4.79521000000000000000e+08
  +4.80520000000000000000e+08
  +4.81519000000000000000e+08
  +4.82518000000000000000e+08
  +4.83517000000000000000e+08
  +4.84516000000000000000e+08
  +4.85515000000000000000e+08
  +4.86514000000000000000e+08
  +4.87513000000000000000e+08
  +4.88512000000000000000e+08
  +4.89511000000000000000e+08
  +4.90510000000000000000e+08
  +4.91509000000000000000e+08
  +4.92508000000000000000e+08
  +4.93507000000000000000e+08
  +4.94506000000000000000e+08
  +4.95505000000000000000e+08
  +4.96504000000000000000e+08
  +4.97503000000000000000e+08
  +4.98502000000000000000e+08
  +4.99501000000000000000e+08
  +5.00500000000000000000e+08
  +5.01499000000000000000e+08
  +5.02498000000000000000e+08
  +5.03497000000000000000e+08
  +5.04496000000000000000e+08
  +5.05495000000000000000e+08
  +5.06494000000000000000e+08
  +5.07493000000000000000e+08
  +5.08492000000000000000e+08
  +5.09491000000000000000e+08
  +5.10490000000000000000e+08
  +5.11489000000000000000e+08
  +5.12488000000000000000e+08
  +5.13487000000000000000e+08
  +5.14486000000000000000e+08
  +5.15485000000000000000e+08
  +5.16484000000000000000e+08
  +5.17483000000000000000e+08
  +5.18482000000000000000e+08
  +5.19481000000000000000e+08
  +5.20480000000000000000e+08
  +5.21479000000000000000e+08
  +5.22478000000000000000e+08
  +5.23477000000000000000e+08
  +5.24476000000000000000e+08
  +5.25475000000000000000e+08
  +5.26474000000000000000e+08
  +5.27473000000000000000e+08
  +5.28472000000000000000e+08
  +5.29471000000000000000e+08
  +5.30470000000000000000e+08
  +5.31469000000000000000e+08
  +5.32468000000000000000e+08
  +5.33467000000000000000e+08
  +5.34466000000000000000e+08
  +5.35465000000000000000e+08
  +5.36464000000000000000e+08
  +5.37463000000000000000e+08
  +5.38462000000000000000e+08
  +5.39461000000000000000e+08
  +5.40460000000000000000e+08
  +5.41459000000000000000e+08
  +5.42458000000000000000e+08
  +5.43457000000000000000e+08
  +5.44456000000000000000e+08
  +5.45455000000000000000e+08
  +5.46454000000000000000e+08
  +5.47453000000000000000e+08
  +5.48452000000000000000e+08
  +5.49451000000000000000e+08
  +5.50450000000000000000e+08
  +5.51449000000000000000e+08
  +5.52448000000000000000e+08
  +5.53447000000000000000e+08
  +5.54446000000000000000e+08
  +5.55445000000000000000e+08
  +5.56444000000000000000e+08
  +5.57443000000000000000e+08
  +5.58442000000000000000e+08
  +5.59441000000000000000e+08
  +5.60440000000000000000e+08
  +5.61439000000000000000e+08
  +5.62438000000000000000e+08
  +5.63437000000000000000e+08
  +5.64436000000000000000e+08
  +5.65435000000000000000e+08
  +5.66434000000000000000e+08
  +5.67433000000000000000e+08
  +5.68432000000000000000e+08
  +5.69431000000000000000e+08
  +5.70430000000000000000e+08
  +5.71429000000000000000e+08
  +5.72428000000000000000e+08
  +5.73427000000000000000e+08
  +5.74426000000000000000e+08
  +5.75425000000000000000e+08
  +5.76424000000000000000e+08
  +5.77423000000000000000e+08
  +5.78422000000000000000e+08
  +5.79421000000000000000e+08
  +5.80420000000000000000e+08
  +5.81419000000000000000e+08
  +5.82418000000000000000e+08
  +5.83417000000000000000e+08
  +5.84416000000000000000e+08
  +5.85415000000000000000e+08
  +5.86414000000000000000e+08
  +5.87413000000000000000e+08
  +5.88412000000000000000e+08
  +5.89411000000000000000e+08
  +5.90410000000000000000e+08
  +5.91409000000000000000e+08
  +5.92408000000000000000e+08
  +5.93407000000000000000e+08
  +5.94406000000000000000e+08
  +5.95405000000000000000e+08
  +5.96404000000000000000e+08
  +5.97403000000000000000e+08
  +5.98402000000000000000e+08
  +5.99401000000000000000e+08
  +6.00400000000000000000e+08
  +6.01399000000000000000e+08
  +6.02398000000000000000e+08
  +6.03397000000000000000e+08
  +6.04396000000000000000e+08
  +6.05395000000000000000e+08
  +6.06394000000000000000e+08
  +6.07393000000000000000e+08
  +6.08392000000000000000e+08
  +6.09391000000000000000e+08
  +6.10390000000000000000e+08
  +6.11389000000000000000e+08
  +6.12388000000000000000e+08
  +6.13387000000000000000e+08
  +6.14386000000000000000e+08
  +6.15385000000000000000e+08
  +6.16384000000000000000e+08
  +6.17383000000000000000e+08
  +6.18382000000000000000e+08
  +6.19381000000000000000e+08
  +6.20380000000000000000e+08
  +6.21379000000000000000e+08
  +6.22378000000000000000e+08
  +6.23377000000000000000e+08
  +6.24376000000000000000e+08
  +6.25375000000000000000e+08
  +6.26374000000000000000e+08
  +6.27373000000000000000e+08
  +6.28372000000000000000e+08
  +6.29371000000000000000e+08
  +6.30370000000000000000e+08
  +6.31369000000000000000e+08
  +6.32368000000000000000e+08
  +6.33367000000000000000e+08
  +6.34366000000000000000e+08
  +6.35365000000000000000e+08
  +6.36364000000000000000e+08
  +6.37363000000000000000e+08
  +6.38362000000000000000e+08
  +6.39361000000000000000e+08
  +6.40360000000000000000e+08
  +6.41359000000000000000e+08
  +6.42358000000000000000e+08
  +6.43357000000000000000e+08
  +6.44356000000000000000e+08
  +6.45355000000000000000e+08
  +6.46354000000000000000e+08
  +6.47353000000000000000e+08
  +6.48352000000000000000e+08
  +6.49351000000000000000e+08
  +6.50350000000000000000e+08
  +6.51349000000000000000e+08
  +6.52348000000000000000e+08
  +6.53347000000000000000e+08
  +6.54346000000000000000e+08
  +6.55345000000000000000e+08
  +6.56344000000000000000e+08
  +6.57343000000000000000e+08
  +6.58342000000000000000e+08
  +6.59341000000000000000e+08
  +6.60340000000000000000e+08
  +6.61339000000000000000e+08
  +6.62338000000000000000e+08
  +6.63337000000000000000e+08
  +6.64336000000000000000e+08
  +6.65335000000000000000e+08
  +6.66334000000000000000e+08
  +6.67333000000000000000e+08
  +6.68332000000000000000e+08
  +6.69331000000000000000e+08
  +6.70330000000000000000e+08
  +6.71329000000000000000e+08
  +6.72328000000000000000e+08
  +6.73327000000000000000e+08
  +6.74326000000000000000e+08
  +6.75325000000000000000e+08
  +6.76324000000000000000e+08
  +6.77323000000000000000e+08
  +6.78322000000000000000e+08
  +6.79321000000000000000e+08
  +6.80320000000000000000e+08
  +6.81319000000000000000e+08
  +6.82318000000000000000e+08
  +6.83317000000000000000e+08
  +6.84316000000000000000e+08
  +6.85315000000000000000e+08
  +6.86314000000000000000e+08
  +6.87313000000000000000e+08
  +6.88312000000000000000e+08
  +6.89311000000000000000e+08
  +6.90310000000000000000e+08
  +6.91309000000000000000e+08
  +6.92308000000000000000e+08
  +6.93307000000000000000e+08
  +6.94306000000000000000e+08
  +6.95305000000000000000e+08
  +6.96304000000000000000e+08
  +6.97303000000000000000e+08
  +6.98302000000000000000e+08
  +6.99301000000000000000e+08
  +7.00300000000000000000e+08
  +7.01299000000000000000e+08
  +7.02298000000000000000e+08
  +7.03297000000000000000e+08
  +7.04296000000000000000e+08
  +7.05295000000000000000e+08
  +7.06294000000000000000e+08
  +7.07293000000000000000e+08
  +7.08292000000000000000e+08
  +7.09291000000000000000e+08
  +7.10290000000000000000e+08
  +7.11289000000000000000e+08
  +7.12288000000000000000e+08
  +7.13287000000000000000e+08
  +7.14286000000000000000e+08
  +7.15285000000000000000e+08
  +7.16284000000000000000e+08
  +7.17283000000000000000e+08
  +7.18282000000000000000e+08
  +7.19281000000000000000e+08
  +7.20280000000000000000e+08
  +7.21279000000000000000e+08
  +7.22278000000000000000e+08
  +7.23277000000000000000e+08
  +7.24276000000000000000e+08
  +7.25275000000000000000e+08
  +7.26274000000000000000e+08
  +7.27273000000000000000e+08
  +7.28272000000000000000e+08
  +7.29271000000000000000e+08
  +7.30270000000000000000e+08
  +7.31269000000000000000e+08
  +7.32268000000000000000e+08
  +7.33267000000000000000e+08
  +7.34266000000000000000e+08
  +7.35265000000000000000e+08
  +7.36264000000000000000e+08
  +7.37263000000000000000e+08
  +7.38262000000000000000e+08
  +7.39261000000000000000e+08
  +7.40260000000000000000e+08
  +7.41259000000000000000e+08
  +7.42258000000000000000e+08
  +7.43257000000000000000e+08
  +7.44256000000000000000e+08
  +7.45255000000000000000e+08
  +7.46254000000000000000e+08
  +7.47253000000000000000e+08
  +7.48252000000000000000e+08
  +7.49251000000000000000e+08
  +7.50250000000000000000e+08
  +7.51249000000000000000e+08
  +7.52248000000000000000e+08
  +7.53247000000000000000e+08
  +7.54246000000000000000e+08
  +7.55245000000000000000e+08
  +7.56244000000000000000e+08
  +7.57243000000000000000e+08
  +7.58242000000000000000e+08
  +7.59241000000000000000e+08
  +7.60240000000000000000e+08
  +7.61239000000000000000e+08
  +7.62238000000000000000e+08
  +7.63237000000000000000e+08
  +7.64236000000000000000e+08
  +7.65235000000000000000e+08
  +7.66234000000000000000e+08
  +7.67233000000000000000e+08
  +7.68232000000000000000e+08
  +7.69231000000000000000e+08
  +7.70230000000000000000e+08
  +7.71229000000000000000e+08
  +7.72228000000000000000e+08
  +7.73227000000000000000e+08
  +7.74226000000000000000e+08
  +7.75225000000000000000e+08
  +7.76224000000000000000e+08
  +7.77223000000000000000e+08
  +7.78222000000000000000e+08
  +7.79221000000000000000e+08
  +7.80220000000000000000e+08
  +7.81219000000000000000e+08
  +7.82218000000000000000e+08
  +7.83217000000000000000e+08
  +7.84216000000000000000e+08
  +7.85215000000000000000e+08
  +7.86214000000000000000e+08
  +7.87213000000000000000e+08
  +7.88212000000000000000e+08
  +7.89211000000000000000e+08
  +7.90210000000000000000e+08
  +7.91209000000000000000e+08
  +7.92208000000000000000e+08
  +7.93207000000000000000e+08
  +7.94206000000000000000e+08
  +7.95205000000000000000e+08
  +7.96204000000000000000e+08
  +7.97203000000000000000e+08
  +7.98202000000000000000e+08
  +7.99201000000000000000e+08
  +8.00200000000000000000e+08
  +8.01199000000000000000e+08
  +8.02198000000000000000e+08
  +8.03197000000000000000e+08
  +8.04196000000000000000e+08
  +8.05195000000000000000e+08
  +8.06194000000000000000e+08
  +8.07193000000000000000e+08
  +8.08192000000000000000e+08
  +8.09191000000000000000e+08
  +8.10190000000000000000e+08
  +8.11189000000000000000e+08
  +8.12188000000000000000e+08
  +8.13187000000000000000e+08
  +8.14186000000000000000e+08
  +8.15185000000000000000e+08
  +8.16184000000000000000e+08
  +8.17183000000000000000e+08
  +8.18182000000000000000e+08
  +8.19181000000000000000e+08
  +8.20180000000000000000e+08
  +8.21179000000000000000e+08
  +8.22178000000000000000e+08
  +8.23177000000000000000e+08
  +8.24176000000000000000e+08
  +8.25175000000000000000e+08
  +8.26174000000000000000e+08
  +8.27173000000000000000e+08
  +8.28172000000000000000e+08
  +8.29171000000000000000e+08
  +8.30170000000000000000e+08
  +8.31169000000000000000e+08
  +8.32168000000000000000e+08
  +8.33167000000000000000e+08
  +8.34166000000000000000e+08
  +8.35165000000000000000e+08
  +8.36164000000000000000e+08
  +8.37163000000000000000e+08
  +8.38162000000000000000e+08
  +8.39161000000000000000e+08
  +8.40160000000000000000e+08
  +8.41159000000000000000e+08
  +8.42158000000000000000e+08
  +8.43157000000000000000e+08
  +8.44156000000000000000e+08
  +8.45155000000000000000e+08
  +8.46154000000000000000e+08
  +8.47153000000000000000e+08
  +8.48152000000000000000e+08
  +8.49151000000000000000e+08
  +8.50150000000000000000e+08
  +8.51149000000000000000e+08
  +8.52148000000000000000e+08
  +8.53147000000000000000e+08
  +8.54146000000000000000e+08
  +8.55145000000000000000e+08
  +8.56144000000000000000e+08
  +8.57143000000000000000e+08
  +8.58142000000000000000e+08
  +8.59141000000000000000e+08
  +8.60140000000000000000e+08
  +8.61139000000000000000e+08
  +8.62138000000000000000e+08
  +8.63137000000000000000e+08
  +8.64136000000000000000e+08
  +8.65135000000000000000e+08
  +8.66134000000000000000e+08
  +8.67133000000000000000e+08
  +8.68132000000000000000e+08
  +8.69131000000000000000e+08
  +8.70130000000000000000e+08
  +8.71129000000000000000e+08
  +8.72128000000000000000e+08
  +8.73127000000000000000e+08
  +8.74126000000000000000e+08
  +8.75125000000000000000e+08
  +8.76124000000000000000e+08
  +8.77123000000000000000e+08
  +8.78122000000000000000e+08
  +8.79121000000000000000e+08
  +8.80120000000000000000e+08
  +8.81119000000000000000e+08
  +8.82118000000000000000e+08
  +8.83117000000000000000e+08
  +8.84116000000000000000e+08
  +8.85115000000000000000e+08
  +8.86114000000000000000e+08
  +8.87113000000000000000e+08
  +8.88112000000000000000e+08
  +8.89111000000000000000e+08
  +8.90110000000000000000e+08
  +8.91109000000000000000e+08
  +8.92108000000000000000e+08
  +8.93107000000000000000e+08
  +8.94106000000000000000e+08
  +8.95105000000000000000e+08
  +8.96104000000000000000e+08
  +8.97103000000000000000e+08
  +8.98102000000000000000e+08
  +8.99101000000000000000e+08
  +9.00100000000000000000e+08
  +9.01099000000000000000e+08
  +9.02098000000000000000e+08
  +9.03097000000000000000e+08
  +9.04096000000000000000e+08
  +9.05095000000000000000e+08
  +9.06094000000000000000e+08
  +9.07093000000000000000e+08
  +9.08092000000000000000e+08
  +9.09091000000000000000e+08
  +9.10090000000000000000e+08
  +9.11089000000000000000e+08
  +9.12088000000000000000e+08
  +9.13087000000000000000e+08
  +9.14086000000000000000e+08
  +9.15085000000000000000e+08
  +9.16084000000000000000e+08
  +9.17083000000000000000e+08
  +9.18082000000000000000e+08
  +9.19081000000000000000e+08
  +9.20080000000000000000e+08
  +9.21079000000000000000e+08
  +9.22078000000000000000e+08
  +9.23077000000000000000e+08
  +9.24076000000000000000e+08
  +9.25075000000000000000e+08
  +9.26074000000000000000e+08
  +9.27073000000000000000e+08
  +9.28072000000000000000e+08
  +9.29071000000000000000e+08
  +9.30070000000000000000e+08
  +9.31069000000000000000e+08
  +9.32068000000000000000e+08
  +9.33067000000000000000e+08
  +9.34066000000000000000e+08
  +9.35065000000000000000e+08
  +9.36064000000000000000e+08
  +9.37063000000000000000e+08
  +9.38062000000000000000e+08
  +9.39061000000000000000e+08
  +9.40060000000000000000e+08
  +9.41059000000000000000e+08
  +9.42058000000000000000e+08
  +9.43057000000000000000e+08
  +9.44056000000000000000e+08
  +9.45055000000000000000e+08
  +9.46054000000000000000e+08
  +9.47053000000000000000e+08
  +9.48052000000000000000e+08
  +9.49051000000000000000e+08
  +9.50050000000000000000e+08
  +9.51049000000000000000e+08
  +9.52048000000000000000e+08
  +9.53047000000000000000e+08
  +9.54046000000000000000e+08
  +9.55045000000000000000e+08
  +9.56044000000000000000e+08
  +9.57043000000000000000e+08
  +9.58042000000000000000e+08
  +9.59041000000000000000e+08
  +9.60040000000000000000e+08
  +9.61039000000000000000e+08
  +9.62038000000000000000e+08
  +9.63037000000000000000e+08
  +9.64036000000000000000e+08
  +9.65035000000000000000e+08
  +9.66034000000000000000e+08
  +9.67033000000000000000e+08
  +9.68032000000000000000e+08
  +9.69031000000000000000e+08
  +9.70030000000000000000e+08
  +9.71029000000000000000e+08
  +9.72028000000000000000e+08
  +9.73027000000000000000e+08
  +9.74026000000000000000e+08
  +9.75025000000000000000e+08
  +9.76024000000000000000e+08
  +9.77023000000000000000e+08
  +9.78022000000000000000e+08
  +9.79021000000000000000e+08
  +9.80020000000000000000e+08
  +9.81019000000000000000e+08
  +9.82018000000000000000e+08
  +9.83017000000000000000e+08
  +9.84016000000000000000e+08
  +9.85015000000000000000e+08
  +9.86014000000000000000e+08
  +9.87013000000000000000e+08
  +9.88012000000000000000e+08
  +9.89011000000000000000e+08
  +9.90010000000000000000e+08
  +9.91009000000000000000e+08
  +9.92008000000000000000e+08
  +9.93007000000000000000e+08
  +9.94006000000000000000e+08
  +9.95005000000000000000e+08
  +9.96004000000000000000e+08
  +9.97003000000000000000e+08
  +9.98002000000000000000e+08
  +9.99001000000000000000e+08
  +1.00000000000000000000e+09
</indep>
<dep dBS12 frequency>
  -1.34929910455451505413e+02
  -1.28022473809137864009e+02
  -1.29970051508044946331e+02
  -1.19218420633228134875e+02
  -1.22741149957111105095e+02
  -1.11939911922876277117e+02
  -1.17799475197657059766e+02
  -1.18580152813648723509e+02
  -1.16443445755331239866e+02
  -1.48492025409286952708e+02
  -1.41125990933522359683e+02
  -1.34386685685462111906e+02
  -1.41831933729707827752e+02
  -1.29208772431759228994e+02
  -1.30456695800948978103e+02
  -1.30275313663143947451e+02
  -1.40551724298967371851e+02
  -1.34914283247100570406e+02
  -1.37243691821076794213e+02
  -1.40730929396436778234e+02
  -1.40119054474915799346e+02
  -1.38844823785717011333e+02
  -1.26972235590758927515e+02
  -1.21016599095386183649e+02
  -1.29711279358425144892e+02
  -1.30696734629776585734e+02
  -1.35249426928733839759e+02
  -1.47896061051918280782e+02
  -1.31156460388418963703e+02
  -1.25445009584958398818e+02
  -1.25618666086252176228e+02
  -1.25233767806690821089e+02
  -1.24022855294311227681e+02
  -1.22836738606067257251e+02
  -1.20090213639095196640e+02
  -1.17876362568436761080e+02
  -1.16244002937904653550e+02
  -1.14864995648098584979e+02
  -1.13095096263292319350e+02
  -1.11576096778839669810e+02
  -1.10863029059752420835e+02
  -1.10214108939460601277e+02
  -1.08751248383912496820e+02
  -1.07476345428366471424e+02
  -1.06003272496997666963e+02
  -1.04735681800763998694e+02
  -1.03653694707139379716e+02
  -1.02693743056661489277e+02
  -1.01621625723734439362e+02
  -1.00655067477447005331e+02
  -9.95634938009617798116e+01
  -9.85824990935234666267e+01
  -9.74733687481968047450e+01
  -9.64759230788301067605e+01
  -9.54642998376369860125e+01
  -9.45497103892245007728e+01
  -9.34759168991807740667e+01
  -9.25057276037573927852e+01
  -9.15226036507172864276e+01
  -9.06303453775527998459e+01
  -8.95706014158299268502e+01
  -8.86012477087481755689e+01
  -8.75938383085160694463e+01
  -8.66739686463028817798e+01
  -8.56641992894649604295e+01
  -8.47385655623800744252e+01
  -8.37641359025725620313e+01
  -8.28699400052428245544e+01
  -8.18927109850494616694e+01
  -8.09928233711733014388e+01
  -8.00614940129601393437e+01
  -7.92104162192372314166e+01
  -7.82976596263706738910e+01
  -7.74588961142911500701e+01
  -7.65412755370775812480e+01
  -7.56966726369419262710e+01
  -7.47940648933812894938e+01
  -7.39624176838180176219e+01
  -7.30548434331024196808e+01
  -7.22171897559516082765e+01
  -7.13206759898564399691e+01
  -7.04928913114135582418e+01
  -6.95917408349834829551e+01
  -6.87581280398422052258e+01
  -6.78561610602610159049e+01
  -6.70210091172530013637e+01
  -6.61136942840161907498e+01
  -6.52726789880884155082e+01
  -6.43595608642736465299e+01
  -6.35124976023380014567e+01
  -6.25979718593715190877e+01
  -6.17486163884808547664e+01
  -6.08237380675352454773e+01
  -5.99635470866008120083e+01
  -5.90325529275749332214e+01
  -5.81653810686993395507e+01
  -5.72228726782507948201e+01
  -5.63434324330464875175e+01
  -5.53947907768315275234e+01
  -5.45080526817621162650e+01
  -5.35418335547235102467e+01
  -5.26348848258434358627e+01
  -5.16561761547459923349e+01
  -5.07354223308293796890e+01
  -4.97500680055929578316e+01
  -4.88189463604996802815e+01
  -4.78311976025597829221e+01
  -4.68919974929614937764e+01
  -4.58974074639562843458e+01
  -4.49440202941355551047e+01
  -4.39871909835506613717e+01
  -4.30640581752211843991e+01
  -4.21286652871806666099e+01
  -4.12094491130771771736e+01
  -4.03182873029786676966e+01
  -3.94245521140940695659e+01
  -3.86008468269583389088e+01
  -3.77525872004024520834e+01
  -3.69643700326740258788e+01
  -3.62358424520353423759e+01
  -3.55508855210499987720e+01
  -3.49179253184272724297e+01
  -3.43487048421995666558e+01
  -3.38458115776230457072e+01
  -3.34098829580882750179e+01
  -3.30413462803325757022e+01
  -3.27219823571475103563e+01
  -3.24574028608340441338e+01
  -3.22395415050927240941e+01
  -3.20566930703883201659e+01
  -3.19090993702565555168e+01
  -3.17856782412381164704e+01
  -3.16832759631662312927e+01
  -3.16017055732525378176e+01
  -3.15235078655452092278e+01
  -3.14623970480849806108e+01
  -3.14112177236785647949e+01
  -3.13600830773510850236e+01
  -3.13170948071627286424e+01
  -3.12728164832950739083e+01
  -3.12241013432644294312e+01
  -3.11748533259904050396e+01
  -3.11245870239433699567e+01
  -3.10818558600454331042e+01
  -3.10317797952862584054e+01
  -3.09890333441221663691e+01
  -3.09565846637016406362e+01
  -3.09170233655449990806e+01
  -3.08760291382093754464e+01
  -3.08444574433659788326e+01
  -3.08121810546314947032e+01
  -3.07879165891291322055e+01
  -3.07656531335606473476e+01
  -3.07434469717660441290e+01
  -3.07210942770973183258e+01
  -3.06988582809266610241e+01
  -3.06766047674873547635e+01
  -3.06542180695306178961e+01
  -3.06316531685054727063e+01
  -3.06091500545748047557e+01
  -3.05739490994226557063e+01
  -3.05445752405627928283e+01
  -3.05084100307744989777e+01
  -3.04789160947433188653e+01
  -3.04424700736777218424e+01
  -3.04125870210440893970e+01
  -3.03843183629616220287e+01
  -3.03476981995194883268e+01
  -3.03176051167377345053e+01
  -3.02890994908790922580e+01
  -3.02933910178685295023e+01
  -3.03042408295620937508e+01
  -3.03232063500269113376e+01
  -3.03357018901241950459e+01
  -3.03463364301925508926e+01
  -3.03570107909587072470e+01
  -3.03759037567998717577e+01
  -3.03884760827578688236e+01
  -3.04075769605158505726e+01
  -3.04204428009848406589e+01
  -3.04031386915167090024e+01
  -3.03718757192397070810e+01
  -3.03474132405539549495e+01
  -3.03170718792500153427e+01
  -3.02934631642213147984e+01
  -3.02642341078278960254e+01
  -3.02336746449653013258e+01
  -3.02117482070927358961e+01
  -3.01839786341114511004e+01
  -3.01551207028603762694e+01
  -3.01578203222293659280e+01
  -3.01760685394024044115e+01
  -3.01882850197438799000e+01
  -3.01990308571727403830e+01
  -3.02101240895639975292e+01
  -3.02213380394521600181e+01
  -3.02246071241762628290e+01
  -3.02341098025152597017e+01
  -3.02457708727828666895e+01
  -3.02575688435207332816e+01
  -3.02545533743500953960e+01
  -3.02479361735022678204e+01
  -3.02411945995337241300e+01
  -3.02344222576385988077e+01
  -3.02277771735293434574e+01
  -3.02210278531061895535e+01
  -3.02135539411444398183e+01
  -3.02056229047485231831e+01
  -3.01976012749668569768e+01
  -3.01893877329408795163e+01
  -3.01836870296631047950e+01
  -3.01853324063463865912e+01
  -3.01808624971331767028e+01
  -3.01817186492137494724e+01
  -3.01764918918743738629e+01
  -3.01763349690791571334e+01
  -3.01775073029506479827e+01
  -3.01783095553760318808e+01
  -3.01786993239286687185e+01
  -3.01787798924207883999e+01
  -3.01754335166962981418e+01
  -3.01710458817233018181e+01
  -3.01742078854034581070e+01
  -3.01715952163213820825e+01
  -3.01744286202656120111e+01
  -3.01718972782101992891e+01
  -3.01748105645113327000e+01
  -3.01722094817417740842e+01
  -3.01751476709269716991e+01
  -3.01804857574759850536e+01
  -3.01841146794602188663e+01
  -3.01873541375820195753e+01
  -3.01908440929346610915e+01
  -3.01946412499307790256e+01
  -3.01988652549319134266e+01
  -3.02114164169874825916e+01
  -3.02268098564063656397e+01
  -3.02428093232573473870e+01
  -3.02670292024932408026e+01
  -3.02941787124167660750e+01
  -3.03241694830674965999e+01
  -3.03705553008955533301e+01
  -3.04224563836831549679e+01
  -3.04823684012905324892e+01
  -3.05526983054174507970e+01
  -3.06410549494799688830e+01
  -3.07419565880353573561e+01
  -3.08528243624053430949e+01
  -3.09809863101814784159e+01
  -3.11284886333287182936e+01
  -3.13148502164369588741e+01
  -3.15192820711592958105e+01
  -3.17399403168814444598e+01
  -3.19865837314091479016e+01
  -3.22540293058619127464e+01
  -3.25398636400833609628e+01
  -3.28439657216595577438e+01
  -3.31663160429478196534e+01
  -3.35144702184463625372e+01
  -3.38764062726854433549e+01
  -3.42314003433482554328e+01
  -3.45970133602459384292e+01
  -3.49816629926676228024e+01
  -3.53708685472910033809e+01
  -3.57666955405899358311e+01
  -3.61720607407422960478e+01
  -3.65875364367071682636e+01
  -3.70053789767967060698e+01
  -3.74284877371575959160e+01
  -3.78573320778025532718e+01
  -3.82845217999584903623e+01
  -3.87158641725797281197e+01
  -3.91469053217217251017e+01
  -3.95845286853470028632e+01
  -4.00141751211094884866e+01
  -4.04479230364762827321e+01
  -4.08697716272351669886e+01
  -4.12944364148521430025e+01
  -4.17105802919236268167e+01
  -4.21313217339585150967e+01
  -4.25430774936219933124e+01
  -4.29595188147244684274e+01
  -4.33636543546590687015e+01
  -4.37708975232885038054e+01
  -4.41658762361435108801e+01
  -4.45638116114319799976e+01
  -4.49531229614715641674e+01
  -4.53468829428219777355e+01
  -4.57251836449033675080e+01
  -4.61044727587206963904e+01
  -4.64805559325153083705e+01
  -4.68627380089880318792e+01
  -4.72331664949044593982e+01
  -4.76057268525539001303e+01
  -4.79701372706796931311e+01
  -4.83381689580734175138e+01
  -4.86946180433800961396e+01
  -4.90527552353639535454e+01
  -4.93998131658336063765e+01
  -4.97482879105950743792e+01
  -5.00642151773841845852e+01
  -5.03716387601131643237e+01
  -5.06895041127262970804e+01
  -5.10182327040051859512e+01
  -5.13582186748422842015e+01
  -5.16598247937445691491e+01
  -5.19490886343922468882e+01
  -5.22477872651429535722e+01
  -5.25563114520440848310e+01
  -5.28750397499163327097e+01
  -5.31724501924407917386e+01
  -5.34644162861673635234e+01
  -5.37652233009932132290e+01
  -5.40752325884960001190e+01
  -5.43948223408156934511e+01
  -5.46819680725810002286e+01
  -5.49576965117404796501e+01
  -5.52413450098807530253e+01
  -5.55332716930443766046e+01
  -5.58338623432097520549e+01
  -5.61001789348759416498e+01
  -5.63535243745490888045e+01
  -5.66140917776925860494e+01
  -5.68821842089099050099e+01
  -5.71581095772574059311e+01
  -5.74093592549998703589e+01
  -5.76516363328030863045e+01
  -5.79005843838798455181e+01
  -5.81564792575740767688e+01
  -5.84196028631588291091e+01
  -5.86570093156685743452e+01
  -5.88843363911846324754e+01
  -5.91178454861038886747e+01
  -5.93578312906681730965e+01
  -5.96045015117270864380e+01
  -5.98307586785244325256e+01
  -6.00490690597854737121e+01
  -6.02731141552032667619e+01
  -6.05031200784353373479e+01
  -6.07393195604627607054e+01
  -6.09596390952524558315e+01
  -6.11737744440909381183e+01
  -6.13931032920725812119e+01
  -6.16178222299018045760e+01
  -6.18481336201211107095e+01
  -6.20606725768360760753e+01
  -6.22656796781770012217e+01
  -6.24754756591703497293e+01
  -6.26902487531359895456e+01
  -6.29101593525570095267e+01
  -6.31114033897543436069e+01
  -6.33042838986551288372e+01
  -6.35016329878274206067e+01
  -6.37036143691884788609e+01
  -6.39103973264650520036e+01
  -6.41013673878571808018e+01
  -6.42850496850393113846e+01
  -6.44727702761456384906e+01
  -6.46646667549764515570e+01
  -6.48608806939157318538e+01
  -6.50483658811817520018e+01
  -6.52323404703901701396e+01
  -6.54201757449669543121e+01
  -6.56119966118113353559e+01
  -6.58079436448545322946e+01
  -6.59907778513448448621e+01
  -6.61672442631481914077e+01
  -6.63472368339967886186e+01
  -6.65308669530151206573e+01
  -6.67182490470616613720e+01
  -6.68881431703889859364e+01
  -6.70488202827816053286e+01
  -6.72127651274347357457e+01
  -6.73800851754842966557e+01
  -6.75508841738863168302e+01
  -6.77112800674488539698e+01
  -6.78664147314116803500e+01
  -6.80246156823812100356e+01
  -6.81859741639971446148e+01
  -6.83505377294045217695e+01
  -6.85138813233513417345e+01
  -6.86773404038875696642e+01
  -6.88436463140910035463e+01
  -6.90128814329882231959e+01
  -6.91851303939974684454e+01
  -6.93468094898243805346e+01
  -6.95025975646546783082e+01
  -6.96609453728387677529e+01
  -6.98218949556104320209e+01
  -6.99855763725120141316e+01
  -7.01328710805573791731e+01
  -7.02703565925600344144e+01
  -7.04102255037874300569e+01
  -7.05525391764885938528e+01
  -7.06973603150137108742e+01
  -7.08351066167898295589e+01
  -7.09687948303946427586e+01
  -7.11047202718530968468e+01
  -7.12429528322348346592e+01
  -7.13835489110786909350e+01
  -7.15202019149797934006e+01
  -7.16547769446652864644e+01
  -7.17914782245375988623e+01
  -7.19303595158420137068e+01
  -7.20714719874854665704e+01
  -7.22060417390939051074e+01
  -7.23366868548433785691e+01
  -7.24693523102018417603e+01
  -7.26040883687248310707e+01
  -7.27409466109971134529e+01
  -7.28654622091711559051e+01
  -7.29816801831161114933e+01
  -7.30995825597840109822e+01
  -7.32192018249387075457e+01
  -7.33405652490234274410e+01
  -7.34587764253351878097e+01
  -7.35751603584239717293e+01
  -7.36932070923326847378e+01
  -7.38129493512571173142e+01
  -7.39344201271754712934e+01
  -7.40507855022643610710e+01
  -7.41638775056020733700e+01
  -7.42786657531128469145e+01
  -7.43951947239371662590e+01
  -7.45134956446977412270e+01
  -7.46243997147884101651e+01
  -7.47300423644862092942e+01
  -7.48371570431387311828e+01
  -7.49457728662480633375e+01
  -7.50559194285001751723e+01
  -7.51639037056237953038e+01
  -7.52704260873134813892e+01
  -7.53782599284314471788e+01
  -7.54874201291883366594e+01
  -7.55979287163975612884e+01
  -7.57049258893581082930e+01
  -7.58094007926717097234e+01
  -7.59150802521562155789e+01
  -7.60219843531126997505e+01
  -7.61301332504004761859e+01
  -7.62308927214382663351e+01
  -7.63260221198899841966e+01
  -7.64222948592948227997e+01
  -7.65197158711368956574e+01
  -7.66183044079530759518e+01
  -7.67180224289915742020e+01
  -7.68189450349047859845e+01
  -7.69211543830043922299e+01
  -7.70246751549716890395e+01
  -7.71295324581668353403e+01
  -7.72234426685303247950e+01
  -7.73083857786928803080e+01
  -7.73943313171084241731e+01
  -7.74812851683676626635e+01
  -7.75692609343563077573e+01
  -7.76576921786967062644e+01
  -7.77466794065781101608e+01
  -7.78367165657820123670e+01
  -7.79278173161391407575e+01
  -7.80199952745896609940e+01
  -7.81069240641822801763e+01
  -7.81893278724649718470e+01
  -7.82725245029293290600e+01
  -7.83565155142945428679e+01
  -7.84413074983022795550e+01
  -7.85246310564589578007e+01
  -7.86068509028779089931e+01
  -7.86899707947426634291e+01
  -7.87740051315297762358e+01
  -7.88589685531424180454e+01
  -7.89426556245566644066e+01
  -7.90251546079222180197e+01
  -7.91083819480159036175e+01
  -7.91923403504881662229e+01
  -7.92770384486080530451e+01
  -7.93675383970077064077e+01
  -7.94635581323527020459e+01
  -7.95606137936265724875e+01
  -7.96587236276962613601e+01
  -7.97579062016757802667e+01
  -7.98423667994771051326e+01
  -7.99129644097735223340e+01
  -7.99841497219592127976e+01
  -8.00559179189513656638e+01
  -8.01282720470734801665e+01
  -8.02036342779016138138e+01
  -8.02819946466684228881e+01
  -8.03611302984382405157e+01
  -8.04410506929156952083e+01
  -8.05217652990722001505e+01
  -8.05970093218345766672e+01
  -8.06670161307689568275e+01
  -8.07378061677807323804e+01
  -8.08093912219282373144e+01
  -8.08817807343283448063e+01
  -8.09513144448199426506e+01
  -8.10178968704108797283e+01
  -8.10850646427156931395e+01
  -8.11528214379897292474e+01
  -8.12211707843972874343e+01
  -8.12880944554404152314e+01
  -8.13534460346667174235e+01
  -8.14191917438173504706e+01
  -8.14853344747076988597e+01
  -8.15518704340760933746e+01
  -8.16157448324147907215e+01
  -8.16769680168750937810e+01
  -8.17386740957314543721e+01
  -8.18008686159507760749e+01
  -8.18635571771274470620e+01
  -8.19253710377245312202e+01
  -8.19863246479148557455e+01
  -8.20478736544028919297e+01
  -8.21100250925395585000e+01
  -8.21727888534489068206e+01
  -8.22361708387186070013e+01
  -8.23001768341647732541e+01
  -8.23648141809033376148e+01
  -8.24300902901337053663e+01
  -8.24960126398612345611e+01
  -8.25612874705652757257e+01
  -8.26256508879965565484e+01
  -8.26904547719696836339e+01
  -8.27557010682733391604e+01
  -8.28213915903744180014e+01
  -8.28875291283804216391e+01
  -8.29541162267811813535e+01
  -8.30211520875148778487e+01
  -8.30886378772053149078e+01
  -8.31565745675625294098e+01
  -8.32159421047049647768e+01
  -8.32655158703752533711e+01
  -8.33154174028133525098e+01
  -8.33656486721996259348e+01
  -8.34162116143528606926e+01
  -8.34671081274012607309e+01
  -8.35183400682860792585e+01
  -8.35699112242067485568e+01
  -8.36218219286959651981e+01
  -8.36740733522095894159e+01
  -8.37308559148076199108e+01
  -8.37930501441432085130e+01
  -8.38558125951367401285e+01
  -8.39191500016756890545e+01
  -8.39830691724730939995e+01
  -8.40475769892542103889e+01
  -8.41126804046864009479e+01
  -8.41783864399441768001e+01
  -8.42447021819678241172e+01
  -8.43116366587848773406e+01
  -8.43707460708500320834e+01
  -8.44199323057394934722e+01
  -8.44694129028846276697e+01
  -8.45191897995194381110e+01
  -8.45692649113513681414e+01
  -8.46196401302514402687e+01
  -8.46703173217730693523e+01
  -8.47212983225783489161e+01
  -8.47725849376807332192e+01
  -8.48241789375468755452e+01
  -8.48765831776592278857e+01
  -8.49299486008551554050e+01
  -8.49836440975271614207e+01
  -8.50376714808669476042e+01
  -8.50920326773845943080e+01
  -8.51467295780222457324e+01
  -8.52017640347129372458e+01
  -8.52571378567450892660e+01
  -8.53128528069095182218e+01
  -8.53689105973983828335e+01
  -8.54247589254745918197e+01
  -8.54802111931548580515e+01
  -8.55359980402625410534e+01
  -8.55921212040407795030e+01
  -8.56485815471338582938e+01
  -8.57053794902315928539e+01
  -8.57625158484413532278e+01
  -8.58199913306649619926e+01
  -8.58778065324611645792e+01
  -8.59359619285643248077e+01
  -8.59898943842642182744e+01
  -8.60379001710519588642e+01
  -8.60862834423010951923e+01
  -8.61350484438131189791e+01
  -8.61841994836147620163e+01
  -8.62337409328442277001e+01
  -8.62836780588446430329e+01
  -8.63340145709900070869e+01
  -8.63847549977106723418e+01
  -8.64359039714865389215e+01
  -8.64874668550770167030e+01
  -8.65393533684135718431e+01
  -8.65915231331851771301e+01
  -8.66439753908271512728e+01
  -8.66967092382464841194e+01
  -8.67497236201833032965e+01
  -8.68030173211889461982e+01
  -8.68565889572695652987e+01
  -8.69104370142334659022e+01
  -8.69645603101097321996e+01
  -8.70148057460409773967e+01
  -8.70591075090623576216e+01
  -8.71036832255754234211e+01
  -8.71485355526159253259e+01
  -8.71936671826057505541e+01
  -8.72390808438390621404e+01
  -8.72847793009718202484e+01
  -8.73307653555136340628e+01
  -8.73770418463199547432e+01
  -8.74236116500868973844e+01
  -8.74693990216315455655e+01
  -8.75137917124913542466e+01
  -8.75584724681552586389e+01
  -8.76034427524811292187e+01
  -8.76487043730692221288e+01
  -8.76942591786295366774e+01
  -8.77401090093922420010e+01
  -8.77862556955800386049e+01
  -8.78327010557561038695e+01
  -8.78794468951216600772e+01
  -8.79265350641942546872e+01
  -8.79739426723906490224e+01
  -8.80215830979143873947e+01
  -8.80694571319902763662e+01
  -8.81175655298359288281e+01
  -8.81659091718287015738e+01
  -8.82144887774980759332e+01
  -8.82633047772343672932e+01
  -8.83123577591109096829e+01
  -8.83616482631086199717e+01
  -8.84092250570372470975e+01
  -8.84536948378578102847e+01
  -8.84983626908135789790e+01
  -8.85432282083271360307e+01
  -8.85882909126499669128e+01
  -8.86335502527244187831e+01
  -8.86790056009208029764e+01
  -8.87246562496540320808e+01
  -8.87705014078751730722e+01
  -8.88165403825926205172e+01
  -8.88621746383861932372e+01
  -8.89070015867685867761e+01
  -8.89521119855698145784e+01
  -8.89975077789048043542e+01
  -8.90431909123748255297e+01
  -8.90891633320571827426e+01
  -8.91354269834371280012e+01
  -8.91819838102826309978e+01
  -8.92288357534310847541e+01
  -8.92759847495082397018e+01
  -8.93227416962233888853e+01
  -8.93685531679291358387e+01
  -8.94147207553626941490e+01
  -8.94612484164750014770e+01
  -8.95081400038744021685e+01
  -8.95553994135715782932e+01
  -8.96030306739652218084e+01
  -8.96510378788516817394e+01
  -8.96994251886239766236e+01
  -8.97481968314653499874e+01
  -8.97952840073792089015e+01
  -8.98386318572671029870e+01
  -8.98822039250167961200e+01
  -8.99260009811059717322e+01
  -8.99700237680530392481e+01
  -9.00142729986767875516e+01
  -9.00587493542808914526e+01
  -9.01034535158139533451e+01
  -9.01483861541492927927e+01
  -9.01935477551490976111e+01
  -9.02394390481440780150e+01
  -9.02866001274253591191e+01
  -9.03340312438406840556e+01
  -9.03817339286228786932e+01
  -9.04297096885370734753e+01
  -9.04779600037067410767e+01
  -9.05264863253451608216e+01
  -9.05752900733348411677e+01
  -9.06243726337185648845e+01
  -9.06737353560276773123e+01
  -9.07245792865010400874e+01
  -9.07783401840160166785e+01
  -9.08325222994049994441e+01
  -9.08871309194917529339e+01
  -9.09421714078505374346e+01
  -9.09976492548335897936e+01
  -9.10535700500982301264e+01
  -9.11099394847318109214e+01
  -9.11667633534238746051e+01
  -9.12240475566793520557e+01
  -9.12748208495236923454e+01
  -9.13103406995038682226e+01
  -9.13459999624883494107e+01
  -9.13817971255027998723e+01
  -9.14177305964960282836e+01
  -9.14537987016709337240e+01
  -9.14899996827362684826e+01
  -9.15263317135668046376e+01
  -9.15627928539499862381e+01
  -9.15993810612418002393e+01
  -9.16410147042407317031e+01
  -9.16943611064414767498e+01
  -9.17480245964561760275e+01
  -9.18020080437160856945e+01
  -9.18563143352572240019e+01
  -9.19109463749354773654e+01
  -9.19659070825483695444e+01
  -9.20211993929077038956e+01
  -9.20768262547954066122e+01
  -9.21327906298729431001e+01
  -9.21867453034338097950e+01
  -9.22352685146563686658e+01
  -9.22840919551028662227e+01
  -9.23332171765484588377e+01
  -9.23826456966345688215e+01
  -9.24323790006923076135e+01
  -9.24824185376510996548e+01
  -9.25327657170228832229e+01
  -9.25834219057490059868e+01
  -9.26343884248789350977e+01
  -9.26909690773696297583e+01
  -9.27616837276639358834e+01
  -9.28330393599397751814e+01
  -9.29050461254944366374e+01
  -9.29777144005773692470e+01
  -9.30510547922213646643e+01
  -9.31250781442083734873e+01
  -9.31997955431807838522e+01
  -9.32752183130167367153e+01
  -9.33513580490971719428e+01
  -9.34161043097296186488e+01
  -9.34485337060728085135e+01
  -9.34811925481214842648e+01
  -9.35140825765606251707e+01
  -9.35472055526138603909e+01
  -9.35805632582555091403e+01
  -9.36141574964302094486e+01
  -9.36479900912773501886e+01
  -9.36820628883511119511e+01
  -9.37163777548216785362e+01
  -9.37581971931166293643e+01
  -9.38210526806251863263e+01
  -9.38844027133097256410e+01
  -9.39482539573126302912e+01
  -9.40126131816319201562e+01
  -9.40774873107406222061e+01
  -9.41428834114330612692e+01
  -9.42088086660146757367e+01
  -9.42752703925797987949e+01
  -9.43422760477831729986e+01
  -9.44016118773440098266e+01
  -9.44366698159521433809e+01
  -9.44719608500197125522e+01
  -9.45074868515970223370e+01
  -9.45432497145503702995e+01
  -9.45792513547770568039e+01
  -9.46154937104421946970e+01
  -9.46519787421995317800e+01
  -9.46887084334250204165e+01
  -9.47256847904275076644e+01
  -9.47739035656940131958e+01
  -9.48574228189766301966e+01
  -9.49416545166625667207e+01
  -9.50266070703346912296e+01
  -9.51122888907141543768e+01
  -9.51987083751732825476e+01
  -9.52858738939280556224e+01
  -9.53737937747996511462e+01
  -9.54624762864898741554e+01
  -9.55519296201402710267e+01
  -9.56290024764822277348e+01
  -9.56625157515623811832e+01
  -9.56962532040457176663e+01
  -9.57302169268351264009e+01
  -9.57644090450205140996e+01
  -9.57988317164961102890e+01
  -9.58334871326309070128e+01
  -9.58683774897513529822e+01
  -9.59035050443005729903e+01
  -9.59388721258758323529e+01
  -9.59816314015817653171e+01
  -9.60500831254261697723e+01
  -9.61189941419893045804e+01
  -9.61883672567755638738e+01
  -9.62582051740514543781e+01
  -9.63285104868913180098e+01
  -9.63992856665116590875e+01
  -9.64705330509301006714e+01
  -9.65422548328544678498e+01
  -9.66144530467568927179e+01
  -9.66818824854937304281e+01
  -9.67300044663904969866e+01
  -9.67784887653628658200e+01
  -9.68273399224384831996e+01
  -9.68765625406947918918e+01
  -9.69261613219496211968e+01
  -9.69761411225177738515e+01
  -9.70265068507683992038e+01
  -9.70772635132654357903e+01
  -9.71284162174291196834e+01
  -9.71871725603747762534e+01
  -9.72754830459292918476e+01
  -9.73648409275992179346e+01
  -9.74552687210627937020e+01
  -9.75467896712469269005e+01
  -9.76394277834717314590e+01
  -9.77332078562184562998e+01
  -9.78281555156571300813e+01
  -9.79242972520351599997e+01
  -9.80216604579900518956e+01
  -9.81205488817175819349e+01
  -9.82219658567355509149e+01
  -9.83248252277615506500e+01
  -9.84291642326858777778e+01
  -9.85350215161244875617e+01
  -9.86424372488996112907e+01
  -9.87514532169152232655e+01
  -9.88621129081284664153e+01
  -9.89744616054013874873e+01
  -9.90885464857370976688e+01
  -9.91827795347299172590e+01
  -9.91792515611108740359e+01
  -9.91756281065249822859e+01
  -9.91719089172354415496e+01
  -9.91680937462476919109e+01
  -9.91641823533663284707e+01
  -9.91601745052328453767e+01
  -9.91560699753778607146e+01
  -9.91518685442776188665e+01
  -9.91475699962377916563e+01
  -9.91593126203741235258e+01
  -9.92503109454860634742e+01
  -9.93423445859828007087e+01
  -9.94354349150302851967e+01
  -9.95296039365400702081e+01
  -9.96248743080825391871e+01
  -9.97212693646687142746e+01
  -9.98188131434643679540e+01
  -9.99175304094406442346e+01
  -1.00017446682014139014e+02
  -1.00121011152678363487e+02
  -1.00238742801769177504e+02
  -1.00358126396966497396e+02
  -1.00479205227067268424e+02
  -1.00602024209153256606e+02
  -1.00726629964274536633e+02
  -1.00853070896977754956e+02
  -1.00981397278771737547e+02
  -1.01111661276734267290e+02
  -1.01243917206910865048e+02
  -1.01377468111707685239e+02
  -1.01508922036824230872e+02
  -1.01642655115355466933e+02
  -1.01778740576676256069e+02
  -1.01917255206862051864e+02
  -1.02058279578139163846e+02
  -1.02201898296692831991e+02
  -1.02348200270573457260e+02
  -1.02497278999686045609e+02
  -1.02649232889923482048e+02
  -1.02803486103681706254e+02
  -1.02956463362215302482e+02
  -1.03112289470042099992e+02
  -1.03271067419879585714e+02
  -1.03432905780601402057e+02
  -1.03597919096919625304e+02
  -1.03766228313975275910e+02
  -1.03937961221016280433e+02
  -1.04113253122091151681e+02
  -1.04292247226098140800e+02
  -1.04461468835009654299e+02
  -1.04541851572298924111e+02
  -1.04623185263241836651e+02
  -1.04705489116693428286e+02
  -1.04788782928170078890e+02
  -1.04873087103336018799e+02
  -1.04958422682626931532e+02
  -1.05044811367103164912e+02
  -1.05132275545591511445e+02
  -1.05220838323165835959e+02
  -1.05301480189182981917e+02
  -1.05315768645543656135e+02
  -1.05328955883575915209e+02
  -1.05341028766416116014e+02
  -1.05351974917010110744e+02
  -1.05361782743625482794e+02
  -1.05370441424390890006e+02
  -1.05377941105830274182e+02
  -1.05384272746612680294e+02
  -1.05389428204279482770e+02
  -1.05411419238059949066e+02
  -1.05578993013330489248e+02
  -1.05747315720724955668e+02
  -1.05916189933152196545e+02
  -1.06085390524874014773e+02
  -1.06254662062985318016e+02
  -1.06423716133755277724e+02
  -1.06592228656732260106e+02
  -1.06759837257040132386e+02
  -1.06926138786628271760e+02
  -1.07076420562016480176e+02
  -1.07096989131905942827e+02
  -1.07116577171386438749e+02
  -1.07135165384417064161e+02
  -1.07152734940858280765e+02
  -1.07169267479627322359e+02
  -1.07184745241057640897e+02
  -1.07199151067388271485e+02
  -1.07212468406972504908e+02
  -1.07224681379319292773e+02
  -1.07252722697759551806e+02
  -1.07454107325435813891e+02
  -1.07660579569306804615e+02
  -1.07872388949302575156e+02
  -1.08089803507402152150e+02
  -1.08313111649861113506e+02
  -1.08542624218546777115e+02
  -1.08778676825430963504e+02
  -1.09021632489874420457e+02
  -1.09271884625347382780e+02
  -1.09533171745219632953e+02
  -1.09838794623998893485e+02
  -1.10148808331773139457e+02
  -1.10462407805170698794e+02
  -1.10778535570354222273e+02
  -1.11095830147318196168e+02
  -1.11412569554503733116e+02
  -1.11726612182119623640e+02
  -1.12035339943911367300e+02
  -1.12335611165658946220e+02
  -1.12586152314156862531e+02
  -1.12333312233475709263e+02
  -1.12084737503437068540e+02
  -1.11840472104619919946e+02
  -1.11600528338576069132e+02
  -1.11364892954802670033e+02
  -1.11133532258110733437e+02
  -1.10906396352804421213e+02
  -1.10683422659275862543e+02
  -1.10464538819705424544e+02
  -1.10277402176586662108e+02
  -1.10529602210979746246e+02
  -1.10788353878548946341e+02
  -1.11053875362839917784e+02
  -1.11326377975624012606e+02
  -1.11606060717698085227e+02
  -1.11893103196481462192e+02
  -1.12187656418467000208e+02
  -1.12489830724084612257e+02
  -1.12799680369054073026e+02
  -1.13110886321007001243e+02
  -1.13306362007226013588e+02
  -1.13501916007771242789e+02
  -1.13697095557926616038e+02
  -1.13891383163515214960e+02
  -1.14084191247437928496e+02
  -1.14274857248401957577e+02
  -1.14462639516225749503e+02
  -1.14646714430094732506e+02
  -1.14826175247711773864e+02
  -1.14982325866190279839e+02
  -1.14714446446936392476e+02
  -1.14453172071829527567e+02
  -1.14198257285020474683e+02
  -1.13949461680320624168e+02
  -1.13706551327204877566e+02
  -1.13469299713184156531e+02
  -1.13237488412248339387e+02
  -1.13010907420431280457e+02
  -1.12789355276548661777e+02
  -1.12564977964999258120e+02
  -1.12107526815978900459e+02
  -1.11672035708741645976e+02
  -1.11256484978852739687e+02
  -1.10859118697014352506e+02
  -1.10478401104538036748e+02
  -1.10112981600247138658e+02
  -1.09761666360467572190e+02
  -1.09423395152879891157e+02
  -1.09097222252991770119e+02
  -1.08794569574553548819e+02
  -1.09101152306177823448e+02
  -1.09414262665622686654e+02
  -1.09733557803345547654e+02
  -1.10058522827349136719e+02
  -1.10388425894432273822e+02
  -1.10722264370418997714e+02
  -1.11058701603076656284e+02
  -1.11395994824684578361e+02
  -1.11731916319064168874e+02
  -1.12056171385638364768e+02
  -1.11637594375816618708e+02
  -1.11224775797758582030e+02
  -1.10819425800351808675e+02
  -1.10422703355468627251e+02
  -1.10035347389834413434e+02
  -1.09657781311427271476e+02
  -1.09290194714330667125e+02
  -1.08932606350667640527e+02
  -1.08584912156541619765e+02
  -1.08246921577809473547e+02
</dep>
<dep dBS22 frequency>
  -1.16514124676322136480e-03
  -1.65275803949963516482e-03
  -2.02913573352483250778e-03
  -2.34787065947722342965e-03
  -2.62995003469126097106e-03
  -2.88554176469568452595e-03
  -3.12166022040895373493e-03
  -3.34204279917656253002e-03
  -3.54967622708012454230e-03
  -3.74680202000022156278e-03
  -4.49652580277259527469e-03
  -4.12087561396700524652e-03
  -4.84856277940633358103e-03
  -4.46221222033565696058e-03
  -5.19358813126910394409e-03
  -4.78226369861815738677e-03
  -1.04115047308782800173e-02
  -1.49991759969039951256e-02
  -1.58026373426314800663e-02
  -1.53720474733369250053e-02
  -1.60989008534018346319e-02
  -1.56475958029465046784e-02
  -1.63657834523384358716e-02
  -1.59117553525753505084e-02
  -1.66408286129639121365e-02
  -1.61675468493796999081e-02
  -1.68982442383021555510e-02
  -1.64148688001845080575e-02
  -1.71480877552328790647e-02
  -1.66550824539138317415e-02
  -2.22497028579443680008e-02
  -2.67357788716112848570e-02
  -2.76487097073640636369e-02
  -2.71200257866916691341e-02
  -2.78905789897957619161e-02
  -2.73443275900260782119e-02
  -2.81279295869763176774e-02
  -2.75642696873835066351e-02
  -3.31806363134922732705e-02
  -3.75879943247352868441e-02
  -3.86133435033999827812e-02
  -3.79968174973129776961e-02
  -3.88508080270516253929e-02
  -3.82076283449797396430e-02
  -3.90752541112246443156e-02
  -3.84148547798417519528e-02
  -4.40884292728291604657e-02
  -4.83894401475691640635e-02
  -4.95636272900639440753e-02
  -4.88298749281798546984e-02
  -5.45436283103523725235e-02
  -5.87807021891295009008e-02
  -6.00257176497619240885e-02
  -5.92372336047543648907e-02
  -6.50190532686268779505e-02
  -6.91701489930687529739e-02
  -7.05326754721900817113e-02
  -6.96465848915630986182e-02
  -7.54831921218035301058e-02
  -7.95565607386062439987e-02
  -8.57561602755701202216e-02
  -8.97566436349961083163e-02
  -9.60058913651000711553e-02
  -9.99544654228139151098e-02
  -1.06284322677803161339e-01
  -1.10156608348403017850e-01
  -1.16566203370715562593e-01
  -1.20360178163293057851e-01
  -1.26866106487347363174e-01
  -1.30567153894527471225e-01
  -1.37155228339667673021e-01
  -1.40773358935028680694e-01
  -1.47478442170226264896e-01
  -1.50985015143572542939e-01
  -1.57822624540810363403e-01
  -1.61199891652193422198e-01
  -1.68154933149685797966e-01
  -1.71412334830662649310e-01
  -1.83186746367374642119e-01
  -1.91248874297323151472e-01
  -2.03559618888328019981e-01
  -2.11459920196733708320e-01
  -2.23989942667577435209e-01
  -2.31672393872641380064e-01
  -2.44439805444713775806e-01
  -2.51875561624181398823e-01
  -2.69513340952871494061e-01
  -2.81639608967996835087e-01
  -3.00028872769345200666e-01
  -3.11798580338644826249e-01
  -3.35106157470518362107e-01
  -3.51458284905292128730e-01
  -3.75711433409201212008e-01
  -3.91493315601705360596e-01
  -4.20753598259415162453e-01
  -4.40918084649513986051e-01
  -4.75838586617293612946e-01
  -5.00146730338081102474e-01
  -5.40755252525018437204e-01
  -5.69049214565350736095e-01
  -6.15611587945351534934e-01
  -6.47478878263828439010e-01
  -7.08962055175311189892e-01
  -7.54146831846410625744e-01
  -8.31963775177650410875e-01
  -8.89826270262632723629e-01
  -9.84159166818132091770e-01
  -1.05415714160109486031e+00
  -1.17888107303910172341e+00
  -1.27532567584621925327e+00
  -1.44164567742289140284e+00
  -1.57419915074210159389e+00
  -1.80209453188881552066e+00
  -1.99112913116284651061e+00
  -2.29411658028681264554e+00
  -2.55203836243082626822e+00
  -2.96978805105795951036e+00
  -3.34334912124003480471e+00
  -3.83426276473006133472e+00
  -4.41499698079636271331e+00
  -5.08965371054343407309e+00
  -5.87269525800312752750e+00
  -6.77002770641448314848e+00
  -7.77785022695312200369e+00
  -8.90880941393303693587e+00
  -1.01696961159546432896e+01
  -1.15507052779164016698e+01
  -1.30657976570333111965e+01
  -1.47086496326929516698e+01
  -1.64837891762660646577e+01
  -1.84262587247826381542e+01
  -2.05353803971338102485e+01
  -2.28427890402688120730e+01
  -2.53438552972795285712e+01
  -2.81005966085892708861e+01
  -3.10923137035618708524e+01
  -3.43082706249283120314e+01
  -3.75364210418934760582e+01
  -4.03183656069174389813e+01
  -4.21496917242384157021e+01
  -4.29171391143568925486e+01
  -4.36145151747215464866e+01
  -4.43920607882658302401e+01
  -4.47188567720620824275e+01
  -4.43994640337433565946e+01
  -4.29629737114666312436e+01
  -4.09464070441654186538e+01
  -3.91493663320183884480e+01
  -3.74885057923693878479e+01
  -3.61812686964204317519e+01
  -3.51345671558270993273e+01
  -3.42695037204694870070e+01
  -3.36130185488953614481e+01
  -3.31153450536843294572e+01
  -3.27624946955101563617e+01
  -3.26317079219721364325e+01
  -3.26035506638716157113e+01
  -3.27724912303152322579e+01
  -3.30451675968930942418e+01
  -3.34441842204716905940e+01
  -3.40144704634358774342e+01
  -3.47808176728566493807e+01
  -3.56273912743012175497e+01
  -3.65807086109023771314e+01
  -3.75184549848967563435e+01
  -3.81033423321259405725e+01
  -3.80465398266358150181e+01
  -3.71164971517865751593e+01
  -3.56794581316016632400e+01
  -3.40463842386222097502e+01
  -3.24297484123360391095e+01
  -3.09292745527564214569e+01
  -2.95468757401257349215e+01
  -2.83423484016495805804e+01
  -2.72517370091366117890e+01
  -2.62873733887765368422e+01
  -2.53981302406785580672e+01
  -2.46068080910642486003e+01
  -2.39077030421102492141e+01
  -2.32618785260387959113e+01
  -2.26748399452238444951e+01
  -2.21544371137053346388e+01
  -2.16936316310744103930e+01
  -2.12697176834700982795e+01
  -2.08741558825157866863e+01
  -2.05327018690298324088e+01
  -2.02297726209306070189e+01
  -1.99436742666885322706e+01
  -1.96931785693349894473e+01
  -1.94773618748809660417e+01
  -1.92965910336021266858e+01
  -1.91457337611088433960e+01
  -1.90276249077233039486e+01
  -1.89259439952043138078e+01
  -1.88529820389968456595e+01
  -1.87988022316278744483e+01
  -1.87766405533947491335e+01
  -1.87679858745294261269e+01
  -1.87802510016979731233e+01
  -1.88113542177934682798e+01
  -1.88602759393260122067e+01
  -1.89239075979537361150e+01
  -1.89985939865807686999e+01
  -1.90821666968056078417e+01
  -1.91736247606271028587e+01
  -1.92704142642897195969e+01
  -1.93745051498779865540e+01
  -1.94709647722389220803e+01
  -1.95521849268016332246e+01
  -1.96364219034018603338e+01
  -1.96976016477918456360e+01
  -1.97503238938418306248e+01
  -1.97821293042621846325e+01
  -1.97995832661205604097e+01
  -1.98024732165281811547e+01
  -1.98006075156981289354e+01
  -1.97882066974852612873e+01
  -1.97812369879099350101e+01
  -1.97628000448036047487e+01
  -1.97250406450206554609e+01
  -1.96979939494911846509e+01
  -1.96731910526288480412e+01
  -1.96750085286640441495e+01
  -1.96703766033714479988e+01
  -1.97103097007913916627e+01
  -1.97705968603549493423e+01
  -1.98677097574560583837e+01
  -2.00051217346865755076e+01
  -2.01880524132607632737e+01
  -2.04348978804356384842e+01
  -2.07407489931571120678e+01
  -2.11170833289758874685e+01
  -2.15687057166935325370e+01
  -2.20846071403011308121e+01
  -2.26660311924525679217e+01
  -2.32805815904038979625e+01
  -2.38291664287352098484e+01
  -2.41497343695450865653e+01
  -2.40875248746619163853e+01
  -2.34918768234402435269e+01
  -2.24265362068230942327e+01
  -2.10832860563001318610e+01
  -1.96178853685535550255e+01
  -1.81495436410875576883e+01
  -1.67373339463067019039e+01
  -1.54128966062535095460e+01
  -1.41780548964682076019e+01
  -1.30247316790764617878e+01
  -1.19612272927869174310e+01
  -1.09823730040420048937e+01
  -1.00769515611654281173e+01
  -9.24299438014797658525e+00
  -8.46809955090892785279e+00
  -7.76569903124031490904e+00
  -7.11976198484868127991e+00
  -6.52448584168328071797e+00
  -5.98103525462786933531e+00
  -5.48297163116971741914e+00
  -5.03619096695736878644e+00
  -4.62882031497498847017e+00
  -4.25675053551695459220e+00
  -3.92037901330502780439e+00
  -3.62032803657884771908e+00
  -3.34224878428301774846e+00
  -3.09614868682622068619e+00
  -2.87284553148546573098e+00
  -2.68595067821676103392e+00
  -2.49444763077321285394e+00
  -2.33966508135601669593e+00
  -2.18607197667214636638e+00
  -2.05737751722593520398e+00
  -1.92744420489405499097e+00
  -1.82168282207131526640e+00
  -1.71597698926284758514e+00
  -1.63008278196583544783e+00
  -1.54392431373438854258e+00
  -1.47325767481709091200e+00
  -1.40190626158202036322e+00
  -1.34182024736053540082e+00
  -1.28041507021559453072e+00
  -1.22976985197403565486e+00
  -1.17836580496121912098e+00
  -1.13367256043172170976e+00
  -1.08734939433903421424e+00
  -1.05094295286783889765e+00
  -1.01468185996951154593e+00
  -9.80840755115989781920e-01
  -9.44714554728257605021e-01
  -9.17854645573634608802e-01
  -8.91797888175972941482e-01
  -8.67646296052465126891e-01
  -8.41733072323645026280e-01
  -8.21041499937926078090e-01
  -8.00204435951821668738e-01
  -7.80884692508879707518e-01
  -7.60132178912969469486e-01
  -7.44252898780448091109e-01
  -7.28562567373536862370e-01
  -7.14092603212705401283e-01
  -6.98479180539141264461e-01
  -6.88719820998311194060e-01
  -6.80071431679363347378e-01
  -6.68824756084069993456e-01
  -6.54999395177324861272e-01
  -6.38619412089981519642e-01
  -6.29339696100465473272e-01
  -6.22089851272527694093e-01
  -6.12728151498844075817e-01
  -6.01267899399833272156e-01
  -5.87725364932783378435e-01
  -5.80187137098518213030e-01
  -5.74471535208152972452e-01
  -5.67020075761085040611e-01
  -5.57841595814925428343e-01
  -5.46946843187008591158e-01
  -5.41239853651455216088e-01
  -5.37186428814994454406e-01
  -5.31667114595845369251e-01
  -5.24687349992926210795e-01
  -5.16254023379849380504e-01
  -5.11025570147557339773e-01
  -5.06698303544221184680e-01
  -5.01124681815865002932e-01
  -4.94309393563208798739e-01
  -4.86258175615420007443e-01
  -4.82279091711602658776e-01
  -4.79740149828410844535e-01
  -4.76121906205803913092e-01
  -4.71426975106469747789e-01
  -4.65658764224365917528e-01
  -4.62218038090512761684e-01
  -4.59491483922886356783e-01
  -4.55835126370922272265e-01
  -4.51251258413007838577e-01
  -4.45742750619231076215e-01
  -4.42252996298208356230e-01
  -4.39396669363396386032e-01
  -4.35713933716153967168e-01
  -4.31206842465927775443e-01
  -4.25877912827796245576e-01
  -4.22323142257745309802e-01
  -4.19350464819991608501e-01
  -4.15643165022129057462e-01
  -4.11203083115869505448e-01
  -4.06032425650906303449e-01
  -4.03730756256020006933e-01
  -4.02651338752762044670e-01
  -4.00917949298648546019e-01
  -3.98531338289563774602e-01
  -3.95492543995042744598e-01
  -3.92543271923045278271e-01
  -3.89388475989337901062e-01
  -3.85641741845149710333e-01
  -3.81304571708492079374e-01
  -3.76378704989961510030e-01
  -3.73973547353495638923e-01
  -3.72734194190458389961e-01
  -3.70965490729327440622e-01
  -3.68668057922908021240e-01
  -3.65842708625644941201e-01
  -3.64127047019627170243e-01
  -3.62834442555703684530e-01
  -3.61054126128169228238e-01
  -3.58786676041152885475e-01
  -3.56032829702908337755e-01
  -3.55550012895612832509e-01
  -3.56196588450721274288e-01
  -3.56399902279554148254e-01
  -3.56159872107819130971e-01
  -3.55476551010604824299e-01
  -3.54438214926863115473e-01
  -3.53038875686051745184e-01
  -3.51234157532911372979e-01
  -3.49024547245548377727e-01
  -3.46410644201129658271e-01
  -3.44621530238868323259e-01
  -3.43185330043374092757e-01
  -3.41372162800454514997e-01
  -3.39182483697367587183e-01
  -3.36616845103587747356e-01
  -3.34807587111544957548e-01
  -3.33335476932866969779e-01
  -3.31513788895408390012e-01
  -3.29342947179021849902e-01
  -3.26823459461253351677e-01
  -3.26225118528196966761e-01
  -3.26715816729720498479e-01
  -3.26883327172781734671e-01
  -3.26727598640745575675e-01
  -3.26248652525631954724e-01
  -3.26410149406319238796e-01
  -3.26877656280583961390e-01
  -3.27040139884653191515e-01
  -3.26897553280340202875e-01
  -3.26449913568221894433e-01
  -3.25393326757055678655e-01
  -3.23844925205881095653e-01
  -3.22005652039961620670e-01
  -3.19875864113717323090e-01
  -3.17455975835456594147e-01
  -3.16787439818888849619e-01
  -3.17204830570294082914e-01
  -3.17355332363447650845e-01
  -3.17238906493240213624e-01
  -3.16855563212673607687e-01
  -3.15793539396428457611e-01
  -3.14195419008132470484e-01
  -3.12343684143636890482e-01
  -3.10238648160015617616e-01
  -3.07880668252827560671e-01
  -3.07181946718765364057e-01
  -3.07565434606329013434e-01
  -3.07708153876238788005e-01
  -3.07610070939581592420e-01
  -3.07271191958806921818e-01
  -3.06210582361472527513e-01
  -3.04578673408793743071e-01
  -3.02718630679897682256e-01
  -3.00630737436554495989e-01
  -2.98315312377852637216e-01
  -2.97583159113937512075e-01
  -2.97938250905754264952e-01
  -2.98074328606289185029e-01
  -2.97991362608419019242e-01
  -2.97689356500673574235e-01
  -2.97787893454994123665e-01
  -2.98131404608302841286e-01
  -2.98264907656226208044e-01
  -2.98188374661088551054e-01
  -2.97901808018807945366e-01
  -2.96845596323163540831e-01
  -2.95169588360825629891e-01
  -2.93298292419332196079e-01
  -2.91231952575361940916e-01
  -2.88970838826050624437e-01
  -2.88187282243596354370e-01
  -2.88499603545112892622e-01
  -2.88625026947006313449e-01
  -2.88563528813152947450e-01
  -2.88315109526001644991e-01
  -2.88393884807259359704e-01
  -2.88695291638312645510e-01
  -2.88818113547954002929e-01
  -2.88762328346512608945e-01
  -2.88527935789494038854e-01
  -2.88604882080809255207e-01
  -2.88899438775651384859e-01
  -2.89020843755286804821e-01
  -2.88969075648471906970e-01
  -2.88744133695943094864e-01
  -2.87715223626475891106e-01
  -2.86002324439225241726e-01
  -2.84121769457679251847e-01
  -2.82073769202396074096e-01
  -2.79858553283742372830e-01
  -2.79015100447420061336e-01
  -2.79291979768486964275e-01
  -2.79408935670870051116e-01
  -2.79365948876001690682e-01
  -2.79163017685985503924e-01
  -2.79223571455598007507e-01
  -2.79490047672070474061e-01
  -2.79604288242927712105e-01
  -2.79566275169724820504e-01
  -2.79376006392391795785e-01
  -2.79435587477579849836e-01
  -2.79695534570201909119e-01
  -2.79808261443751926656e-01
  -2.79773750858636871541e-01
  -2.79592000471272084106e-01
  -2.79651088204877551480e-01
  -2.79908265869423633632e-01
  -2.80020691594967896521e-01
  -2.79988348388015673152e-01
  -2.79811233665328285003e-01
  -2.79864372734631217110e-01
  -2.80115092351771344248e-01
  -2.80225950497684894724e-01
  -2.80196930928463483479e-01
  -2.80028030843424591279e-01
  -2.80078052586269832247e-01
  -2.80322386824430835883e-01
  -2.80431666407983004596e-01
  -2.80405875805633697517e-01
  -2.80245012032077078779e-01
  -2.80286639468237286366e-01
  -2.80517568846880060995e-01
  -2.80622820942773132380e-01
  -2.80602381811076273532e-01
  -2.80456248359233883960e-01
  -2.80511081074209744912e-01
  -2.80749928373347612531e-01
  -2.80858429921672148044e-01
  -2.80836570737321877811e-01
  -2.80684347510852694185e-01
  -2.80723637628605804384e-01
  -2.80952675032952681189e-01
  -2.81058302679055738160e-01
  -2.81040506721839666859e-01
  -2.80899283781027131468e-01
  -2.80938703985196214230e-01
  -2.81161569240135911230e-01
  -2.81265539465304026390e-01
  -2.81250601497446739430e-01
  -2.81116751878978665680e-01
  -2.80161333516185551140e-01
  -2.78374963103835026956e-01
  -2.76474336367508122247e-01
  -2.74459598498117351983e-01
  -2.72330903498525012107e-01
  -2.71483767645589624262e-01
  -2.71974309756105259162e-01
  -2.72353696245422050026e-01
  -2.72621893780355506465e-01
  -2.72778877517215190274e-01
  -2.72824631102076275990e-01
  -2.72759146678573094480e-01
  -2.72582424891333829908e-01
  -2.72294474884562764938e-01
  -2.71895314299651025269e-01
  -2.71910067896506180141e-01
  -2.72384609787444276208e-01
  -2.72752266424316935911e-01
  -2.73013006603711583242e-01
  -2.73166806969711906117e-01
  -2.73213652020441621904e-01
  -2.73153534110950557690e-01
  -2.72986453452974398015e-01
  -2.72712418118780275389e-01
  -2.72331444037623382481e-01
  -2.72335405965337451484e-01
  -2.72789936765566842780e-01
  -2.73142809335666980619e-01
  -2.73393995058513417096e-01
  -2.73543472415478938764e-01
  -2.73591226991462710405e-01
  -2.73537251478276066674e-01
  -2.73381545677566228925e-01
  -2.73124116497629187972e-01
  -2.72764977954485177136e-01
  -2.72763943221125959582e-01
  -2.73203003609412131691e-01
  -2.73544489669849455460e-01
  -2.73788374710652260280e-01
  -2.73934638579687916859e-01
  -2.73983267668968633046e-01
  -2.73934254917785724448e-01
  -2.73787599814278526100e-01
  -2.73543308395582385195e-01
  -2.73201393247375023954e-01
  -2.73195578371493386083e-01
  -2.73623500335230807057e-01
  -2.73956851291922265368e-01
  -2.74195605898060523753e-01
  -2.74339744953655095827e-01
  -2.74389255406450260910e-01
  -2.74344130354753745760e-01
  -2.74204369048971552392e-01
  -2.73969976891801025864e-01
  -2.73640965437067729127e-01
  -2.73624080382022072389e-01
  -2.74032905182702846147e-01
  -2.74352074874472939836e-01
  -2.74581566356652984062e-01
  -2.74721362049988759857e-01
  -2.74771449900133690747e-01
  -2.74731823380224282616e-01
  -2.74602481492220773518e-01
  -2.74383428767135062465e-01
  -2.74074675264095513061e-01
  -2.74058758571108840307e-01
  -2.74460743116624383831e-01
  -2.74774990917658723522e-01
  -2.75001479658138814344e-01
  -2.75140192309828668371e-01
  -2.75191117135855034537e-01
  -2.75154247693346121206e-01
  -2.75029582834609154229e-01
  -2.74817126707376235828e-01
  -2.74516888753997378991e-01
  -2.74488676377584450705e-01
  -2.74872097494242795257e-01
  -2.75172516300698222214e-01
  -2.75389912536002590127e-01
  -2.75524270671867521632e-01
  -2.75575579915628088301e-01
  -2.75543834212473193190e-01
  -2.75429032246210958590e-01
  -2.75231177439912932936e-01
  -2.74950277955175459432e-01
  -2.75335132640755375633e-01
  -2.76714276285647708953e-01
  -2.78012626498370996053e-01
  -2.79230107972960217566e-01
  -2.80366649853201921339e-01
  -2.81422185745782260646e-01
  -2.82396653732646940593e-01
  -2.83289996382538544761e-01
  -2.84102160761682043244e-01
  -2.84833098443698862212e-01
  -2.85402901890920157602e-01
  -2.85773204356197574327e-01
  -2.86064177593259250099e-01
  -2.86275802780284305271e-01
  -2.86408065419384239014e-01
  -2.86460955339247813622e-01
  -2.86434466697063405682e-01
  -2.86328597979553345354e-01
  -2.86143352003294160202e-01
  -2.85878735914207038338e-01
  -2.85839781628615730025e-01
  -2.86199688080706671212e-01
  -2.86482974936397793986e-01
  -2.86689624459958602998e-01
  -2.86819622949522456956e-01
  -2.86872960739576188249e-01
  -2.86849632202620663524e-01
  -2.86749635750201847806e-01
  -2.86572973833204791561e-01
  -2.86319652941426971982e-01
  -2.86281612296742260515e-01
  -2.86642481818746353017e-01
  -2.86926714945976046867e-01
  -2.87134293879649615810e-01
  -2.87265204857393208204e-01
  -2.87319438155643869237e-01
  -2.87296988091431559909e-01
  -2.87197853023361648894e-01
  -2.87022035351923388014e-01
  -2.86769541519077353353e-01
  -2.86716645888212218196e-01
  -2.87059797322103515960e-01
  -2.87330736743371506492e-01
  -2.87529448120259822907e-01
  -2.87655919004831062136e-01
  -2.87710140535073266577e-01
  -2.87692107436386623753e-01
  -2.87601818022421740206e-01
  -2.87439274195459670835e-01
  -2.87204481446005410739e-01
  -2.87156555914473032853e-01
  -2.87496919317087928913e-01
  -2.87765927571129287443e-01
  -2.87963564948149786105e-01
  -2.88089819219522313976e-01
  -2.88144681658511814248e-01
  -2.88128147041663618122e-01
  -2.88040213649691678732e-01
  -2.87880883267778608925e-01
  -2.87650161185297570388e-01
  -2.87595481668793118146e-01
  -2.87929404271075217725e-01
  -2.88193685830545942572e-01
  -2.88388311261195351420e-01
  -2.88513268811252054924e-01
  -2.88568550064902840102e-01
  -2.88554149943748838858e-01
  -2.88470066707588512767e-01
  -2.88316301954749054648e-01
  -2.88092860621782742570e-01
  -2.88031469763865899392e-01
  -2.88351830886595050796e-01
  -2.88605932254374142332e-01
  -2.88793760045754910326e-01
  -2.88915303457701055923e-01
  -2.88970554707245808057e-01
  -2.88959509032695793795e-01
  -2.88882164694341470046e-01
  -2.88738522974754052708e-01
  -2.88528588178667111386e-01
  -2.88804566274482366062e-01
  -2.90133417049144137767e-01
  -2.91395481384609134068e-01
  -2.92590698939449167515e-01
  -2.93719012411520985495e-01
  -2.94780367546780219801e-01
  -2.95774713147614554121e-01
  -2.96702001080715427328e-01
  -2.97562186284518304102e-01
  -2.98355226776149451418e-01
  -2.98969163316684771736e-01
  -2.99280672787376245125e-01
  -2.99528386802676460654e-01
  -2.99712292414587244682e-01
  -2.99832379474052113100e-01
  -2.99888640632461955793e-01
  -2.99881071342749438990e-01
  -2.99809669860068628289e-01
  -2.99674437242047286833e-01
  -2.99475377348678406531e-01
  -2.99413300960991834998e-01
  -2.99732639299658654153e-01
  -2.99986512006301941913e-01
  -3.00174905517407608624e-01
  -3.00297809217664746217e-01
  -3.00355215441617362515e-01
  -3.00347119474830281938e-01
  -3.00273519554561441058e-01
  -3.00134416870116216280e-01
  -2.99929815562629431547e-01
  -3.00155810014178403566e-01
  -3.01473521113666320659e-01
  -3.02727730222076885092e-01
  -3.03918380437685431428e-01
  -3.05045417606803537236e-01
  -3.06108790331655333805e-01
  -3.07108449977894437666e-01
  -3.08044350681730472186e-01
  -3.08916449356667510706e-01
  -3.09724705699787883351e-01
  -3.10359146084267623067e-01
  -3.10662538326801185296e-01
  -3.10904541238295251127e-01
  -3.11085142724533081360e-01
  -3.11204333284562206785e-01
  -3.11262106012007433442e-01
  -3.11258456596050836485e-01
  -3.11193383322080296960e-01
  -3.11066887071938080744e-01
  -3.10878971323780617375e-01
  -3.10800842423986312113e-01
  -3.11101449012319064558e-01
  -3.11341458715927388301e-01
  -3.11520859726578336346e-01
  -3.11639642763277768811e-01
  -3.11697801073500813107e-01
  -3.11695330434166972822e-01
  -3.11632229152267015149e-01
  -3.11508498065053096582e-01
  -3.11324140540012672673e-01
  -3.11241041141042729112e-01
  -3.11535421470476692196e-01
  -3.11770787083003930729e-01
  -3.11947126725764301014e-01
  -3.12064431543216225240e-01
  -3.12122695078391965140e-01
  -3.12121913273741391492e-01
  -3.12062084471733447444e-01
  -3.11943209415057709499e-01
  -3.11765291246567155525e-01
  -3.11680115442847682772e-01
  -3.11968313355848181345e-01
  -3.12199058301580567587e-01
  -3.12372339566503787189e-01
  -3.12488148709548274606e-01
  -3.12546479563340362517e-01
  -3.12547328234937860092e-01
  -3.12490693106394712419e-01
  -3.12376574834994036323e-01
  -3.12204976353115171150e-01
  -3.12119882277117621783e-01
  -3.12408689594205757345e-01
  -3.12640032666421485708e-01
  -3.12813900798772692724e-01
  -3.12930285570188204680e-01
  -3.12989180834624181049e-01
  -3.12990582721921484222e-01
  -3.12934489638279578205e-01
  -3.12820902266529310420e-01
  -3.12649823566016393794e-01
  -3.12800167953611596428e-01
  -3.14092027823991704061e-01
  -3.15327491781551727534e-01
  -3.16506510331965529303e-01
  -3.17629036148551091578e-01
  -3.18695024078398170264e-01
  -3.19704431148248868766e-01
  -3.20657216570109149245e-01
  -3.21553341746494747433e-01
  -3.22392770275542972502e-01
  -3.23074348242425313238e-01
  -3.23361116325218078682e-01
  -3.23591176930761670327e-01
  -3.23764519664870964455e-01
  -3.23881136348772691314e-01
  -3.23941021020135722086e-01
  -3.23944169933878756140e-01
  -3.23890581562648494085e-01
  -3.23780256597047011446e-01
  -3.23613197945555652879e-01
  -3.23514459993580083541e-01
  -3.23801794896708683424e-01
  -3.24032411613928594818e-01
  -3.24206299783008744519e-01
  -3.24323451258481498805e-01
  -3.24383860112624988759e-01
  -3.24387522636340797089e-01
  -3.24334437339594272576e-01
  -3.24224604951613870618e-01
  -3.24058028420844856932e-01
  -3.24163983910942810063e-01
  -3.25451460950904325475e-01
  -3.26684047763745877280e-01
  -3.27861696456273277178e-01
  -3.28984361189630702960e-01
  -3.30051998185171946432e-01
  -3.31064565729924986659e-01
  -3.32022024181938157916e-01
  -3.32924335975233853802e-01
  -3.33771465624654040116e-01
  -3.34471545200386133345e-01
  -3.34749997583674296919e-01
  -3.34974017681983260442e-01
  -3.35143595933898308381e-01
  -3.35258724820446496473e-01
  -3.35319398866078532961e-01
  -3.35325614639386315741e-01
  -3.35277370753471803955e-01
  -3.35174667866225295398e-01
  -3.35017508680152897860e-01
  -3.34907402663498221518e-01
  -3.35176397942359927118e-01
  -3.35393210936837105063e-01
  -3.35557832812659329047e-01
  -3.35670256612952189190e-01
  -3.35730477259143567093e-01
  -3.35738491551560769288e-01
  -3.35694298169814442367e-01
  -3.35597897672983369599e-01
  -3.35449292499553686220e-01
  -3.35341953697123107414e-01
  -3.35608137469203593461e-01
  -3.35822872649534864831e-01
  -3.35986150664613236749e-01
  -3.36097964766354229127e-01
  -3.36158310032870277784e-01
  -3.36167183369090516454e-01
  -3.36124583507160346052e-01
  -3.36030511006526144691e-01
  -3.35884968253944649064e-01
  -3.35775614239534003769e-01
  -3.36042250862444102921e-01
  -3.36257430199605467092e-01
  -3.36421143721815085748e-01
  -3.36533384726324713565e-01
  -3.36594148337642340429e-01
  -3.36603431508129435912e-01
  -3.36561233018363770153e-01
  -3.36467553477286296371e-01
  -3.36322395322159517494e-01
  -3.36370141952219481318e-01
  -3.37647637267192990418e-01
  -3.38873208682990534335e-01
  -3.40046811460528120019e-01
  -3.41168402700332551447e-01
  -3.42237941347639185175e-01
  -3.43255388197349242674e-01
  -3.44220705898671819334e-01
  -3.45133858959649153508e-01
  -3.45994813751412721992e-01
  -3.46730073184719544965e-01
  -3.46997719362866052784e-01
  -3.47213890948512016177e-01
  -3.47378579509825313743e-01
  -3.47491778443549448330e-01
  -3.47553482975760330564e-01
  -3.47563690162446314869e-01
  -3.47522398889880568262e-01
  -3.47429609874753630994e-01
  -3.47285325664083766029e-01
  -3.47161767085918171460e-01
  -3.47429827340934804791e-01
  -3.47646404910225748086e-01
  -3.47811491417532869797e-01
  -3.47925080316138446435e-01
  -3.47987166889698329442e-01
  -3.47997748252747762798e-01
  -3.47956823351124655552e-01
  -3.47864392962011881316e-01
  -3.47720459693936556622e-01
  -3.47723180651456575951e-01
  -3.48999160476941683307e-01
  -3.50223930727261656415e-01
  -3.51397447519106786995e-01
  -3.52519668759656124024e-01
  -3.53590554151582081577e-01
  -3.54610065197740131904e-01
  -3.55578165205796992154e-01
  -3.56494819292508813291e-01
  -3.57359994387900725688e-01
  -3.58113971636891625927e-01
  -3.58379642282045662860e-01
  -3.58594552328851901013e-01
  -3.58758693728844724191e-01
  -3.58872060212977128657e-01
  -3.58934647292389552575e-01
  -3.58946452258896320231e-01
  -3.58907474185340136241e-01
  -3.58817713925701775590e-01
  -3.58677174114998831289e-01
  -3.58540198520134856253e-01
  -3.58793226922528352141e-01
  -3.58998387088742543227e-01
  -3.59155671823680355814e-01
  -3.59265075515041720777e-01
  -3.59326594133876353609e-01
  -3.59340225235082744160e-01
  -3.59305967957662342194e-01
  -3.59223823024829247430e-01
  -3.59093792743919171251e-01
  -3.58964205440532813096e-01
  -3.59220787366151039777e-01
  -3.59428777495948814646e-01
  -3.59588168505123983998e-01
  -3.59698954700225392855e-01
  -3.59761132019800256021e-01
  -3.59774698034842632666e-01
  -3.59739651949104677353e-01
  -3.59655994599158312930e-01
  -3.59523728454342050842e-01
  -3.59477143959415268437e-01
  -3.60738804556500869403e-01
  -3.61952852090608179214e-01
  -3.63119246393831529574e-01
  -3.64237948846581782725e-01
  -3.65308922381831657766e-01
  -3.66332131489183088213e-01
  -3.67307542218782256960e-01
  -3.68235122185057717203e-01
  -3.69114840570265667630e-01
  -3.69903949526234121503e-01
  -3.70154818539854602033e-01
  -3.70358511663379408319e-01
  -3.70515022073858224516e-01
  -3.70624344486723045211e-01
  -3.70686475156362382766e-01
  -3.70701411876533992729e-01
  -3.70669153980626442380e-01
  -3.70589702341751370263e-01
  -3.70463059372602987462e-01
  -3.70322819882734133312e-01
  -3.70580434688113191655e-01
  -3.70789438648860381065e-01
  -3.70949824641060799113e-01
  -3.71061587174587315108e-01
  -3.71124722393699313372e-01
  -3.71139228077472904666e-01
  -3.71105103640070321802e-01
  -3.71022350130808031832e-01
  -3.70890970234050820764e-01
  -3.70800301412763211317e-01
  -3.72059990890954206399e-01
  -3.73272756808509464932e-01
  -3.74438559845689633576e-01
  -3.75557362187539434117e-01
  -3.76629127528059104435e-01
  -3.77653821074029338867e-01
  -3.78631409548894015682e-01
  -3.79561861196299810128e-01
  -3.80445145783552374219e-01
  -3.81254531855038214516e-01
  -3.81509525960568030012e-01
  -3.81716615069201903321e-01
  -3.81875792388419066370e-01
  -3.81987052713108565793e-01
  -3.82050392426112050970e-01
  -3.82065809498680408751e-01
  -3.82033303490664444269e-01
  -3.81952875550573833774e-01
  -3.81824528415500019651e-01
  -3.81667174157131916523e-01
  -3.81915963116740253547e-01
  -3.82118261173996776048e-01
  -3.82274061965984235378e-01
  -3.82383360625186075055e-01
  -3.82446153780073183626e-01
  -3.82462439555393052260e-01
  -3.82432217572449051346e-01
  -3.82355488949122079845e-01
  -3.82232256299752215511e-01
  -3.82076176854406202033e-01
  -3.82315675367786655947e-01
  -3.82510767247785210543e-01
  -3.82661446703502494682e-01
  -3.82767709308727721584e-01
  -3.82829552002399098320e-01
  -3.82846973088943443031e-01
  -3.82819972238415684451e-01
  -3.82748550486564531603e-01
  -3.82632710234758643963e-01
  -3.82481492298772873806e-01
  -3.82727521690478189598e-01
  -3.82927753061535591783e-01
  -3.83082180368816194171e-01
  -3.83190799021082051379e-01
  -3.83253605879402936552e-01
  -3.83270599257547528449e-01
  -3.83241778922138398578e-01
  -3.83167146092689481218e-01
  -3.83046703441479730046e-01
  -3.82895101950733507401e-01
  -3.84146764831732157042e-01
  -3.85353575037250539737e-01
  -3.86515495542514297966e-01
  -3.87632490698893605874e-01
  -3.88704526237654168774e-01
  -3.89731569273485733973e-01
  -3.90713588307893933127e-01
  -3.91650553232488207733e-01
  -3.92542435332118244684e-01
  -3.93389207287808406743e-01
</dep>
<dep dBS21 frequency>
  -6.86221460572074164475e+01
  -6.10763490166844675855e+01
  -5.89951113383973790860e+01
  -5.84579828109365351452e+01
  -6.18773363245032896884e+01
  -6.28173983979205274863e+01
  -5.67065442791892024843e+01
  -5.39406993404940848791e+01
  -5.58925067108157520579e+01
  -6.84636554963142316410e+01
  -7.56950558107868687330e+01
  -8.36456425932075831042e+01
  -6.78582862703875093757e+01
  -6.28382283524159745980e+01
  -6.79984650916372430629e+01
  -7.56561874046149256401e+01
  -7.76692445472592964961e+01
  -7.23835032795598465327e+01
  -7.76558227899666775329e+01
  -8.03481713740255543144e+01
  -9.10962450600550113222e+01
  -8.78800358908026737481e+01
  -6.54367487110201153655e+01
  -5.98158671777395696267e+01
  -6.49110067482895942703e+01
  -7.87178729717232528174e+01
  -7.44243217461085464492e+01
  -7.09215401709473098890e+01
  -6.84132347128499844757e+01
  -6.63908470161101291751e+01
  -6.46764656502507904179e+01
  -6.30318448496323071595e+01
  -6.35290236660738827368e+01
  -6.40736314796619979006e+01
  -6.11900284922218133943e+01
  -5.89798748061786497487e+01
  -5.81177673185773002729e+01
  -5.73738946576972779212e+01
  -5.56447396467710575507e+01
  -5.41990144256880483908e+01
  -5.29085570741717887699e+01
  -5.17953858010165930637e+01
  -5.06300274489084358720e+01
  -4.96060098513633391804e+01
  -4.83556785341652926036e+01
  -4.72589420407077511754e+01
  -4.62266921296627231186e+01
  -4.53090810496665667984e+01
  -4.40646348085321832855e+01
  -4.29710223797534780488e+01
  -4.20219081830192777716e+01
  -4.11751432973861000164e+01
  -4.01563224379932037778e+01
  -3.92407656435566352116e+01
  -3.81808154872727314455e+01
  -3.72318840813555169689e+01
  -3.62439174712887606233e+01
  -3.53555744238104097121e+01
  -3.43745706877565737614e+01
  -3.34891439382394651147e+01
  -3.25086114474034459931e+01
  -3.16213541111692109098e+01
  -3.06617692106425501208e+01
  -2.97905885876811673540e+01
  -2.88568238884929648691e+01
  -2.80072623616524332135e+01
  -2.70898713028069515474e+01
  -2.62525954407183448325e+01
  -2.53667582973545258085e+01
  -2.45554145844867761639e+01
  -2.36351144054976494147e+01
  -2.27920656412617894659e+01
  -2.19001048756969822762e+01
  -2.10833390418434660774e+01
  -2.01874649541247599416e+01
  -1.93648135943361836553e+01
  -1.84891790105058682059e+01
  -1.76839309791464174282e+01
  -1.67984280137614376827e+01
  -1.59826646458901837633e+01
  -1.51063826578824151881e+01
  -1.42985439714618856044e+01
  -1.34122897331164576684e+01
  -1.25940423365897871122e+01
  -1.17167137676953476699e+01
  -1.09060544951376492406e+01
  -1.00138493637055887575e+01
  -9.18815871581743515151e+00
  -8.29958068550723915280e+00
  -7.47688916406536030479e+00
  -6.58418495771362799474e+00
  -5.75630984475690610225e+00
  -4.85293944766577656225e+00
  -4.01417404888993445411e+00
  -3.10452643539194905742e+00
  -2.25877814344397309654e+00
  -1.33764442093034441328e+00
  -4.79470420391479856814e-01
  +4.47887180777014393129e-01
  +1.31344087599746206507e+00
  +2.25032522441458704421e+00
  +3.12710134619129620503e+00
  +4.07570500549640701848e+00
  +4.96642176084860231811e+00
  +5.92176158030201271742e+00
  +6.82302135442487500683e+00
  +7.78595413899855959272e+00
  +8.69995243898632075741e+00
  +9.66022923570416303107e+00
  +1.05794780430954293848e+01
  +1.15330949409269756245e+01
  +1.24566278306268287679e+01
  +1.33923458722211048411e+01
  +1.43121720390472049189e+01
  +1.52040297348786985765e+01
  +1.60981813760142813408e+01
  +1.69225075091788532688e+01
  +1.77712866485035583253e+01
  +1.85601164572375623152e+01
  +1.92892432517796734714e+01
  +1.99549121482094165003e+01
  +2.05658392803109570934e+01
  +2.11129383065661713204e+01
  +2.15936801938564606473e+01
  +2.20074093394373804244e+01
  +2.23536994378400954986e+01
  +2.26507903888066053355e+01
  +2.28929928588002162826e+01
  +2.30884918154976332971e+01
  +2.32489152413665358665e+01
  +2.33777181024713911484e+01
  +2.34828569525883850133e+01
  +2.35669238903157030052e+01
  +2.36388447681936924027e+01
  +2.36912967397873650555e+01
  +2.37326618117513099548e+01
  +2.37653890152169751104e+01
  +2.37980398450413659361e+01
  +2.38224978623086016682e+01
  +2.38482620400038172193e+01
  +2.38667231328971070070e+01
  +2.38838637209764286240e+01
  +2.39020435543419687008e+01
  +2.39127101138125368607e+01
  +2.39307301721137974937e+01
  +2.39414866326719675271e+01
  +2.39504721778405702537e+01
  +2.39509862568874432043e+01
  +2.39585730548682747099e+01
  +2.39582300275207060736e+01
  +2.39649975069861334021e+01
  +2.39649172876330922577e+01
  +2.39628709241926927120e+01
  +2.39693293059601906236e+01
  +2.39689822868821735824e+01
  +2.39670809584204214104e+01
  +2.39652465501905282963e+01
  +2.39635696008252523370e+01
  +2.39537114152868291228e+01
  +2.39506872776003589820e+01
  +2.39490896446576009282e+01
  +2.39393255609432813458e+01
  +2.39364595845323009371e+01
  +2.39270290220505366108e+01
  +2.39246571683778412876e+01
  +2.39158289108744952500e+01
  +2.39054927689473757368e+01
  +2.39036145926937209083e+01
  +2.38953280096471090133e+01
  +2.38855358266950972279e+01
  +2.38756214109267297374e+01
  +2.38657278917647701633e+01
  +2.38476917543103006381e+01
  +2.38360736859298860679e+01
  +2.38262400102310749617e+01
  +2.38163257930988869759e+01
  +2.37981516877925329823e+01
  +2.37862202055521265720e+01
  +2.37677058501064095708e+01
  +2.37553957180943768890e+01
  +2.37358269691924270717e+01
  +2.37221495715920092096e+01
  +2.37018518876817374519e+01
  +2.36875647940100861888e+01
  +2.36666882173981178994e+01
  +2.36515746307015533034e+01
  +2.36379335953382785362e+01
  +2.36158011871166770845e+01
  +2.35996530842159728536e+01
  +2.35847340385511188288e+01
  +2.35688321050027695946e+01
  +2.35524891058184309145e+01
  +2.35358891636404230496e+01
  +2.35106716575000547209e+01
  +2.34911389797830665316e+01
  +2.34813586165772107961e+01
  +2.34652675970650825832e+01
  +2.34469702186524813214e+01
  +2.34283504539436790992e+01
  +2.34095211622485166458e+01
  +2.33904106841885379708e+01
  +2.33712061351878688242e+01
  +2.33522009884478443098e+01
  +2.33411861237485211973e+01
  +2.33241881575855032338e+01
  +2.33052667325372908635e+01
  +2.32871082588655724521e+01
  +2.32694843988323469830e+01
  +2.32440179603772243411e+01
  +2.32246625885075310691e+01
  +2.32077761648697666885e+01
  +2.31922413184193842994e+01
  +2.31691204552253608995e+01
  +2.31522084315649046005e+01
  +2.31298848235128104989e+01
  +2.31061244107467231856e+01
  +2.30831213614541361778e+01
  +2.30605316500149442049e+01
  +2.30383572352417154150e+01
  +2.30164532529936280980e+01
  +2.29947669521150928063e+01
  +2.29732429592328983858e+01
  +2.29441796162494711098e+01
  +2.29209297261858857553e+01
  +2.28923019553412601113e+01
  +2.28690786892392914353e+01
  +2.28404210144998351950e+01
  +2.28173173922526544288e+01
  +2.27887447613134312974e+01
  +2.27578130195343533160e+01
  +2.27255848887638052247e+01
  +2.26928373630253901183e+01
  +2.26598691004602059706e+01
  +2.26265130688528302016e+01
  +2.25927625192859835579e+01
  +2.25506702656019832887e+01
  +2.25056880993450079131e+01
  +2.24600859511606145702e+01
  +2.24063030540443293148e+01
  +2.23495083838979660129e+01
  +2.22925146948584149698e+01
  +2.22198938741167424382e+01
  +2.21418675991874351894e+01
  +2.20558089372722037069e+01
  +2.19593672816117049251e+01
  +2.18449947744770085478e+01
  +2.17180531668153449232e+01
  +2.15811812928935289335e+01
  +2.14270939721693665092e+01
  +2.12536824868281506440e+01
  +2.10604141508707556341e+01
  +2.08405109592115955763e+01
  +2.06067011754713149685e+01
  +2.03495075539551670829e+01
  +2.00714070944130114071e+01
  +1.97749677044753688904e+01
  +1.94602224566497525871e+01
  +1.91271916958970606970e+01
  +1.87757274602337069780e+01
  +1.84057578700372097558e+01
  +1.80177033283502332495e+01
  +1.76183433841360894689e+01
  +1.72099767144649540285e+01
  +1.67852377804779742121e+01
  +1.63557163036280179824e+01
  +1.59194167835616120499e+01
  +1.54729164503456146917e+01
  +1.50241942286162437625e+01
  +1.45702680809948876828e+01
  +1.41105359888282109182e+01
  +1.36571323279572531817e+01
  +1.32013911470483513710e+01
  +1.27459776903710224616e+01
  +1.22839868912120628863e+01
  +1.18300233351063397436e+01
  +1.13719424351362583536e+01
  +1.09257551212701855547e+01
  +1.04768269772702069531e+01
  +1.00330941072015953353e+01
  +9.58301280389895282497e+00
  +9.14806071426809630509e+00
  +8.71138416893669109697e+00
  +8.28346452347566142294e+00
  +7.85093303152631349917e+00
  +7.42734795558233873436e+00
  +6.99907013083743301252e+00
  +6.58636076603390741013e+00
  +6.17249191670169672363e+00
  +5.76723115506769001826e+00
  +5.35770562589008747523e+00
  +4.96104298794469844580e+00
  +4.56234100301986078563e+00
  +4.17540656683305932972e+00
  +3.78631787504638595010e+00
  +3.40869685138894862320e+00
  +3.02922613780678151585e+00
  +2.65787458871492798806e+00
  +2.28320259750319110026e+00
  +1.91626696687280717590e+00
  +1.54620035571144232023e+00
  +1.20355327351341312436e+00
  +8.67461181866398534090e-01
  +5.21092947601665801294e-01
  +1.64039478867369414861e-01
  -2.04080459380547418746e-01
  -5.36489240750175344630e-01
  -8.57868230402574316606e-01
  -1.18879787075974885369e+00
  -1.52968395584701122303e+00
  -1.88092163804865597498e+00
  -2.19827228742440983211e+00
  -2.50440760015453811604e+00
  -2.81926263584194103373e+00
  -3.14318813336285884930e+00
  -3.47655102884097200189e+00
  -3.78016955036268420542e+00
  -4.07374411846468742482e+00
  -4.37535219955056575714e+00
  -4.68535969267055296683e+00
  -5.00416043978480828969e+00
  -5.29380855781600434540e+00
  -5.57282966200782770017e+00
  -5.85905194365134018852e+00
  -6.15277689546009298738e+00
  -6.45431058055095085990e+00
  -6.73117882679951851088e+00
  -6.99906629911769684327e+00
  -7.27359726491160429873e+00
  -7.55504491493015706283e+00
  -7.84368803086472787811e+00
  -8.10891142975552448036e+00
  -8.36515815878459179089e+00
  -8.62753977851435749358e+00
  -8.89634760155209036725e+00
  -9.17178535959918406206e+00
  -9.42560430077999811260e+00
  -9.67079052640275271813e+00
  -9.92158655640544395737e+00
  -1.01782124710481660657e+01
  -1.04408946801648401248e+01
  -1.06863974539821384724e+01
  -1.09251595814910000826e+01
  -1.11691944419224835627e+01
  -1.14187039761754647316e+01
  -1.16738961585932905507e+01
  -1.19087215088765709936e+01
  -1.21345448354313649730e+01
  -1.23650637284650262160e+01
  -1.26004620937978444317e+01
  -1.28408958824130756682e+01
  -1.30677334724729661275e+01
  -1.32890395522621211910e+01
  -1.35149050010617433060e+01
  -1.37454987372327828155e+01
  -1.39809956086888025339e+01
  -1.41992826732388408573e+01
  -1.44094923092435678313e+01
  -1.46237625557857207070e+01
  -1.48422340012056093173e+01
  -1.50650516965263570057e+01
  -1.52755093592384820766e+01
  -1.54803969643679906198e+01
  -1.56891309969194985285e+01
  -1.59018343331681890618e+01
  -1.61186452557180324163e+01
  -1.63211921713116012711e+01
  -1.65166562624328641107e+01
  -1.67155655348428346940e+01
  -1.69180269462972852068e+01
  -1.71241502625151511552e+01
  -1.73180275710525641841e+01
  -1.75057099441381183169e+01
  -1.76965505754940295446e+01
  -1.78906519140938904400e+01
  -1.80881123404467487603e+01
  -1.82764159067942628667e+01
  -1.84602551501870308925e+01
  -1.86471636893286749626e+01
  -1.88372365641170880224e+01
  -1.90305256000660243387e+01
  -1.92157459553744764946e+01
  -1.93969229622160241888e+01
  -1.95809881425133269772e+01
  -1.97680229617449896296e+01
  -1.99581108014274910545e+01
  -2.01363750788376449918e+01
  -2.03079518011636324104e+01
  -2.04820913969423976653e+01
  -2.06588357442887726734e+01
  -2.08383147383827207477e+01
  -2.10076371466605777982e+01
  -2.11711173054207861810e+01
  -2.13369756931509222397e+01
  -2.15052747511109956235e+01
  -2.16760783918283124194e+01
  -2.18397414083207834778e+01
  -2.19993138837758621662e+01
  -2.21611381035633456804e+01
  -2.23252872515703835177e+01
  -2.24918213802052378014e+01
  -2.26522834928200751392e+01
  -2.28092134339245333763e+01
  -2.29682331069046199445e+01
  -2.31293927526557254737e+01
  -2.32927396725268245348e+01
  -2.34473660188748702637e+01
  -2.35965013399391594362e+01
  -2.37475131022128884695e+01
  -2.39004445234665539033e+01
  -2.40553397255277268130e+01
  -2.42059368909901451161e+01
  -2.43540900346629953788e+01
  -2.45041836871686591337e+01
  -2.46562613309397384853e+01
  -2.48103617984754905024e+01
  -2.49564141156830388013e+01
  -2.50970618758969621354e+01
  -2.52394154924667120099e+01
  -2.53835113940267511623e+01
  -2.55293866362201917752e+01
  -2.56685326587875124460e+01
  -2.58030392407697242163e+01
  -2.59390250003692237613e+01
  -2.60765244985471476014e+01
  -2.62155584864648858456e+01
  -2.63507911950522597522e+01
  -2.64835133350895262083e+01
  -2.66176676444034754354e+01
  -2.67532807995591923600e+01
  -2.68903797630079601788e+01
  -2.70236067317265522547e+01
  -2.71541847170867036709e+01
  -2.72861697854223770321e+01
  -2.74195779808501072239e+01
  -2.75544324269628546631e+01
  -2.76802251660338356487e+01
  -2.77991134657624492377e+01
  -2.79191228537311708635e+01
  -2.80402720751363361273e+01
  -2.81625800708216118551e+01
  -2.82860450984808444730e+01
  -2.84107897657297989724e+01
  -2.85368885624224049025e+01
  -2.86643519793532242090e+01
  -2.87932049850368230182e+01
  -2.89144497833647022844e+01
  -2.90296634837312339528e+01
  -2.91460124689833151024e+01
  -2.92635162851408061613e+01
  -2.93821947789055286648e+01
  -2.94994656764091125467e+01
  -2.96156728261158335158e+01
  -2.97329045775480871328e+01
  -2.98511665373551906555e+01
  -2.99704718964928673586e+01
  -3.00869483604645218122e+01
  -3.02011862691355688071e+01
  -3.03164145455081168734e+01
  -3.04326465500590686020e+01
  -3.05498956334668676504e+01
  -3.06607184651564068645e+01
  -3.07660871050292001883e+01
  -3.08722956402367465500e+01
  -3.09793494555977133587e+01
  -3.10872592099154623213e+01
  -3.11956795509762869756e+01
  -3.13047428375800222966e+01
  -3.14147969363795809272e+01
  -3.15258598729206198641e+01
  -3.16379500748950519551e+01
  -3.17432227845974388458e+01
  -3.18422874662278303504e+01
  -3.19420106542066548627e+01
  -3.20423904310969902554e+01
  -3.21434305438273710820e+01
  -3.22463609673305597880e+01
  -3.23511786998331345444e+01
  -3.24568206654693938162e+01
  -3.25632971681430163358e+01
  -3.26706184940539046124e+01
  -3.27720476832532341405e+01
  -3.28679646364115214396e+01
  -3.29645473262780015489e+01
  -3.30617947765059128074e+01
  -3.31597140521161861670e+01
  -3.32605645022865843430e+01
  -3.33642901309935737686e+01
  -3.34688065347999099686e+01
  -3.35741232563667395539e+01
  -3.36802498144020319160e+01
  -3.37769454809276368223e+01
  -3.38644245626290327777e+01
  -3.39524544602728965970e+01
  -3.40410394782791030366e+01
  -3.41301812603131509150e+01
  -3.42253216427808553135e+01
  -3.43265334866929947566e+01
  -3.44285706281638042014e+01
  -3.45314455953764678497e+01
  -3.46351711146036294053e+01
  -3.47320126213958175754e+01
  -3.48217774246681557315e+01
  -3.49121319082990240190e+01
  -3.50030871379984276359e+01
  -3.50946478503751109201e+01
  -3.51844445484898429299e+01
  -3.52723514139348921503e+01
  -3.53607606137649881362e+01
  -3.54496756156889034628e+01
  -3.55390997824563186214e+01
  -3.56242816004798541485e+01
  -3.57050092855487903876e+01
  -3.57862159381231421662e+01
  -3.58679062609309440290e+01
  -3.59500877507065723648e+01
  -3.60327638515340140657e+01
  -3.61159378272811935062e+01
  -3.61996144313644236945e+01
  -3.62837984202567369607e+01
  -3.63684945489752280423e+01
  -3.64530966519254633340e+01
  -3.65375261904075472330e+01
  -3.66224357541915992442e+01
  -3.67078289529076826625e+01
  -3.67937093349110284635e+01
  -3.68800814992194787578e+01
  -3.69669498763407133879e+01
  -3.70543156345343973612e+01
  -3.71421819903578338540e+01
  -3.72305520524881359279e+01
  -3.73136834545422573228e+01
  -3.73907737967615076968e+01
  -3.74682625709266687863e+01
  -3.75461530206262565912e+01
  -3.76244483796971351808e+01
  -3.77031518689289200097e+01
  -3.77822666925563126483e+01
  -3.78617980096417241498e+01
  -3.79417475500343925887e+01
  -3.80221179047808348628e+01
  -3.80992777296465661152e+01
  -3.81725478655045407095e+01
  -3.82461682290419631158e+01
  -3.83201414901978480998e+01
  -3.83944703101840971726e+01
  -3.84691573390211942751e+01
  -3.85442052129432184415e+01
  -3.86196165515773586208e+01
  -3.86953939549753371807e+01
  -3.87715418788881578394e+01
  -3.88488360729099326818e+01
  -3.89274740591253234356e+01
  -3.90065223004983039345e+01
  -3.90859834892358080083e+01
  -3.91658602689416710518e+01
  -3.92461552291195729936e+01
  -3.93268708992748869946e+01
  -3.94080097426812017147e+01
  -3.94895741497043033519e+01
  -3.95715664307091614660e+01
  -3.96519769665539527637e+01
  -3.97302321431806433338e+01
  -3.98088762125981219242e+01
  -3.98879113288303130958e+01
  -3.99673397333365443274e+01
  -4.00471636037136491382e+01
  -4.01273850476805549192e+01
  -4.02080060966940138201e+01
  -4.02890286991630972580e+01
  -4.03704547132192743675e+01
  -4.04460172350332314295e+01
  -4.05136157649515666890e+01
  -4.05815174041678901062e+01
  -4.06497251705114877041e+01
  -4.07182412992622388970e+01
  -4.07870676807004315378e+01
  -4.08562067016318408719e+01
  -4.09256607501743800981e+01
  -4.09954322142961302688e+01
  -4.10655234802956812246e+01
  -4.11353929924147010411e+01
  -4.12048214648079564881e+01
  -4.12745542496970188040e+01
  -4.13445931389127423472e+01
  -4.14149399029911009507e+01
  -4.14855962888413500878e+01
  -4.15565648494900514720e+01
  -4.16278464864234791776e+01
  -4.16994428229866542779e+01
  -4.17713554856068327581e+01
  -4.18435937964975437353e+01
  -4.19161883864697770719e+01
  -4.19891415071737412745e+01
  -4.20624560402242337886e+01
  -4.21361348672243138935e+01
  -4.22101808677037837469e+01
  -4.22845969168658442072e+01
  -4.23593858831945482279e+01
  -4.24345506729677595104e+01
  -4.25100946990445933693e+01
  -4.25796836504107716337e+01
  -4.26400232194190067503e+01
  -4.27005409897218939363e+01
  -4.27612369483547780646e+01
  -4.28221110410082062003e+01
  -4.28831631701897038056e+01
  -4.29443931933192430961e+01
  -4.30058009207525131501e+01
  -4.30673861137344857752e+01
  -4.31291484822751698402e+01
  -4.31912679941974104736e+01
  -4.32538975080113914373e+01
  -4.33167797238228047263e+01
  -4.33799156105062877486e+01
  -4.34433064707648526337e+01
  -4.35069536383630719456e+01
  -4.35708584284018840549e+01
  -4.36350221356632417269e+01
  -4.36994460328336202792e+01
  -4.37641313686807933436e+01
  -4.38298117737055150656e+01
  -4.38969703303461500354e+01
  -4.39644257273671357211e+01
  -4.40321804540398744621e+01
  -4.41002370174442930306e+01
  -4.41685981053741656410e+01
  -4.42372663021216681045e+01
  -4.43062439620335339896e+01
  -4.43755336582417356794e+01
  -4.44451379788501270696e+01
  -4.45150433630206876501e+01
  -4.45852703519032118606e+01
  -4.46558635853164815899e+01
  -4.47268271338131100379e+01
  -4.47981651261094668826e+01
  -4.48698817497846249580e+01
  -4.49419812519668795403e+01
  -4.50144679400061562546e+01
  -4.50873461821292025320e+01
  -4.51606205932390167845e+01
  -4.52329715515269441539e+01
  -4.53033200445848223126e+01
  -4.53739918221013667221e+01
  -4.54449889330278438138e+01
  -4.55163134041599164448e+01
  -4.55879672374658824197e+01
  -4.56599524072623168536e+01
  -4.57322708572325282717e+01
  -4.58049244972490114947e+01
  -4.58779152000183501059e+01
  -4.59477680961682608540e+01
  -4.60114606232504570471e+01
  -4.60754153590478310321e+01
  -4.61396343418774392831e+01
  -4.62041194505645194113e+01
  -4.62688725514561483010e+01
  -4.63338955856185066295e+01
  -4.63991904999936934928e+01
  -4.64647592466792787036e+01
  -4.65306037821379732122e+01
  -4.65964622431227581956e+01
  -4.66620449958589560424e+01
  -4.67278417060464619226e+01
  -4.67938517493880539178e+01
  -4.68600744091450494011e+01
  -4.69265088718355656283e+01
  -4.69931542227693128666e+01
  -4.70600094744602017727e+01
  -4.71270735540668610497e+01
  -4.71943451255147650159e+01
  -4.72577055201870024348e+01
  -4.73129093593927478878e+01
  -4.73682968607152190543e+01
  -4.74238691418431983493e+01
  -4.74796273228816616552e+01
  -4.75355725260386208220e+01
  -4.75917058753159594175e+01
  -4.76480284961520439424e+01
  -4.77045415150840597107e+01
  -4.77612460593620724580e+01
  -4.78217896414877685629e+01
  -4.78903310031441620254e+01
  -4.79591686816130291504e+01
  -4.80283039367100528239e+01
  -4.80977379627293615272e+01
  -4.81674719329732710094e+01
  -4.82375069665624351956e+01
  -4.83078441246055092506e+01
  -4.83784844061795453740e+01
  -4.84494287440909090492e+01
  -4.85203781388172927791e+01
  -4.85910132345585878966e+01
  -4.86620287757300218345e+01
  -4.87334295723856172344e+01
  -4.88052205234262146405e+01
  -4.88774066186666829026e+01
  -4.89499929409698495419e+01
  -4.90229846879099824264e+01
  -4.90963871306615544654e+01
  -4.91702056309301553938e+01
  -4.92410234816443121986e+01
  -4.93041222040479283351e+01
  -4.93673826400217308219e+01
  -4.94308029934399044691e+01
  -4.94943813544291160156e+01
  -4.95581156950847940834e+01
  -4.96220038650296331184e+01
  -4.96860435868556322703e+01
  -4.97502324514056368798e+01
  -4.98145679129432608079e+01
  -4.98814763851189795218e+01
  -4.99546511837601485695e+01
  -5.00282597282789325277e+01
  -5.01023076674716918433e+01
  -5.01768007532359519018e+01
  -5.02517448475447849887e+01
  -5.03271459237026022038e+01
  -5.04030100689061200114e+01
  -5.04793434868853694297e+01
  -5.05561525006073324562e+01
  -5.06271463248762572107e+01
  -5.06822767254834900541e+01
  -5.07376149284852857591e+01
  -5.07931627450335625440e+01
  -5.08489220074802616978e+01
  -5.09048945696393388971e+01
  -5.09610823070411029789e+01
  -5.10174871171869881437e+01
  -5.10741109079445152474e+01
  -5.11309556256885997527e+01
  -5.11884044542463385596e+01
  -5.12470824416853076855e+01
  -5.13059466521032447872e+01
  -5.13649973292403672076e+01
  -5.14242346828080343357e+01
  -5.14836588868526092710e+01
  -5.15432700780594004186e+01
  -5.16030683540059129655e+01
  -5.16630537713336366323e+01
  -5.17232263438392010357e+01
  -5.17885078567799368443e+01
  -5.18681754848173497408e+01
  -5.19483687412800634320e+01
  -5.20290953733354584188e+01
  -5.21103632764168764879e+01
  -5.21921805490485795076e+01
  -5.22745554820281199682e+01
  -5.23574965340812852332e+01
  -5.24410123547359390273e+01
  -5.25251117898474859658e+01
  -5.26055954855085445843e+01
  -5.26737251858390891357e+01
  -5.27418966659348740222e+01
  -5.28101009319958976107e+01
  -5.28783286088422244120e+01
  -5.29465699289375066883e+01
  -5.30148147213731988359e+01
  -5.30830524008160438143e+01
  -5.31512719564666014094e+01
  -5.32194619410361724476e+01
  -5.32909163632542828282e+01
  -5.33731580713713356090e+01
  -5.34559720978940262626e+01
  -5.35393673689351672351e+01
  -5.36233530199026091623e+01
  -5.37079384019309316045e+01
  -5.37931330885363649941e+01
  -5.38789468824952990644e+01
  -5.39653898230262853986e+01
  -5.40524721932028100468e+01
  -5.41363760973753116446e+01
  -5.42079862449621074916e+01
  -5.42800132876934142701e+01
  -5.43524628123699997673e+01
  -5.44253405144013839845e+01
  -5.44986522004649884821e+01
  -5.45724037912780985948e+01
  -5.46466012952379145418e+01
  -5.47212508658097220859e+01
  -5.47963588168609589957e+01
  -5.48762469767381233510e+01
  -5.49720993394921748632e+01
  -5.50687844231718131027e+01
  -5.51663182785874184333e+01
  -5.52647174189346799267e+01
  -5.53639988373523550536e+01
  -5.54641800252665291282e+01
  -5.55652789916206018006e+01
  -5.56673142830149885185e+01
  -5.57703050047789261612e+01
  -5.58734221461469715564e+01
  -5.59742883676925515601e+01
  -5.60760734153957969284e+01
  -5.61787957399563993022e+01
  -5.62824743150611723763e+01
  -5.63871286920085026395e+01
  -5.64927790752953811193e+01
  -5.65994462409935721325e+01
  -5.67071516047195132160e+01
  -5.68159172471935036697e+01
  -5.69194036060677888145e+01
  -5.69981580659007676104e+01
  -5.70773261237307991678e+01
  -5.71569106203223569196e+01
  -5.72369143452465465316e+01
  -5.73173400309872818070e+01
  -5.73981903466351752741e+01
  -5.74794678911765970497e+01
  -5.75611751863685157105e+01
  -5.76433146690812350244e+01
  -5.77342320267830544367e+01
  -5.78617562411455566007e+01
  -5.79908296051641372060e+01
  -5.81214916030253121448e+01
  -5.82537830988378715347e+01
  -5.83877464433722863646e+01
  -5.85234255482044432028e+01
  -5.86608659556239189214e+01
  -5.88001149117661157106e+01
  -5.89412214430901855167e+01
  -5.90600000841494789938e+01
  -5.90692899645611007031e+01
  -5.90785651802678586364e+01
  -5.90878257149957875072e+01
  -5.90970715524306129396e+01
  -5.91063026762271306325e+01
  -5.91155190699971129220e+01
  -5.91247207173058768603e+01
  -5.91339076016859976903e+01
  -5.91430797034679898161e+01
  -5.91698522069594901041e+01
  -5.92831753960870955211e+01
  -5.93976363149124750862e+01
  -5.95132570463868759703e+01
  -5.96300601799855485297e+01
  -5.97480688172205418596e+01
  -5.98673065760550642267e+01
  -5.99877975940512868647e+01
  -6.01095665300194710312e+01
  -6.02326385639143424555e+01
  -6.03606630316405272652e+01
  -6.05091324058039248257e+01
  -6.06591190678794518476e+01
  -6.08106240565137667886e+01
  -6.09636451821525895411e+01
  -6.11181765879488381188e+01
  -6.12742082615050378536e+01
  -6.14317254925399751642e+01
  -6.15907082125064135880e+01
  -6.17511304903149067513e+01
  -6.18975225698343507474e+01
  -6.19566417215064930701e+01
  -6.20148908283167799027e+01
  -6.20722370379891259518e+01
  -6.21286473410292785502e+01
  -6.21840886283481211194e+01
  -6.22385277521786406396e+01
  -6.22919315902103676308e+01
  -6.23442671127975316381e+01
  -6.23955014531081246787e+01
  -6.24547358996885435545e+01
  -6.25701042315753710454e+01
  -6.26865103701851822393e+01
  -6.28039657863946132466e+01
  -6.29224816159080972966e+01
  -6.30420685973248140499e+01
  -6.31627369931613387166e+01
  -6.32844964836974455125e+01
  -6.34073562367545591201e+01
  -6.35313246404953133606e+01
  -6.36615459055356609497e+01
  -6.38281430804674130286e+01
  -6.39975549541924380037e+01
  -6.41698811126241537295e+01
  -6.43452263132387400901e+01
  -6.45237008313097959444e+01
  -6.47054208334671869807e+01
  -6.48905087809105509677e+01
  -6.50790938647808729911e+01
  -6.52713124762406806667e+01
  -6.54604844452280332234e+01
  -6.56012240897000111772e+01
  -6.57415957643141410927e+01
  -6.58814424443832251654e+01
  -6.60205940391412866575e+01
  -6.61588668470784426745e+01
  -6.62960630389175378241e+01
  -6.64319704445423013794e+01
  -6.65663620991619069400e+01
  -6.66989961731091938191e+01
  -6.68272096864191951227e+01
  -6.69351526352675563203e+01
  -6.70433388683364483995e+01
  -6.71517330660199149861e+01
  -6.72602971159341507246e+01
  -6.73689899603524935401e+01
  -6.74777674401320410880e+01
  -6.75865821359207785690e+01
  -6.76953832074841272970e+01
  -6.78041162321483028563e+01
  -6.79312929075377809340e+01
  -6.82302791068869538549e+01
  -6.85386244603633940642e+01
  -6.88569017545022177273e+01
  -6.91857310093814561469e+01
  -6.95257833446827788748e+01
  -6.98777849470126142251e+01
  -7.02425206481051418450e+01
  -7.06208368825181054262e+01
  -7.10136435059303607886e+01
  -7.13851138880282434229e+01
  -7.13902974203869575831e+01
  -7.13919299299883505228e+01
  -7.13900316161907113610e+01
  -7.13846311689564885228e+01
  -7.13757655375950577081e+01
  -7.13634796363981962486e+01
  -7.13478259920315451836e+01
  -7.13288643382759204314e+01
  -7.13066611646445522865e+01
  -7.13092816954059571799e+01
  -7.16348789529287444111e+01
  -7.19653358303412034047e+01
  -7.22998897315219153370e+01
  -7.26375237802408122434e+01
  -7.29769120600223146766e+01
  -7.33163586431242606523e+01
  -7.36537324077301036596e+01
  -7.39864023814355675768e+01
  -7.43111811367514576432e+01
  -7.46057978213169405990e+01
  -7.46474116592846996809e+01
  -7.46872646295231419344e+01
  -7.47253177342278007700e+01
  -7.47615336901982487916e+01
  -7.47958770795482763560e+01
  -7.48283144963013739925e+01
  -7.48588146880067171196e+01
  -7.48873486910343189038e+01
  -7.49138899584062585291e+01
  -7.49492507375328500530e+01
  -7.51517634952403454918e+01
  -7.53509370882036506600e+01
  -7.55459159910932100956e+01
  -7.57357644145923529777e+01
  -7.59194690624819799041e+01
  -7.60959451131366222398e+01
  -7.62640459976474858195e+01
  -7.64225773309147484724e+01
  -7.65703155621835520606e+01
  -7.67062027106896806572e+01
  -7.68302868027280965180e+01
  -7.69363048761373136131e+01
  -7.70229491687805847278e+01
  -7.70891207291591626927e+01
  -7.71339781057965581113e+01
  -7.71569768702463107957e+01
  -7.71578962220268067540e+01
  -7.71368500096513685094e+01
  -7.70942810304660213205e+01
  -7.70233457853406235927e+01
  -7.67636623430851869898e+01
  -7.65096725523353597964e+01
  -7.62613144024877840366e+01
  -7.60185004867913818316e+01
  -7.57811244138777482249e+01
  -7.55490659213421480445e+01
  -7.53221950288870800705e+01
  -7.51003752824794190701e+01
  -7.48834663024308753165e+01
  -7.46690703332144067872e+01
  -7.43839623664599969288e+01
  -7.40994754446329721986e+01
  -7.38167032461475116634e+01
  -7.35365204775219751809e+01
  -7.32596159332126433128e+01
  -7.29865222900222789804e+01
  -7.27176423322794391879e+01
  -7.24532716321084393485e+01
  -7.21936179026364470701e+01
  -7.19475763750539698549e+01
  -7.21312605636128267861e+01
  -7.23116902809756538772e+01
  -7.24881726409974334047e+01
  -7.26599593326843375962e+01
  -7.28262494125198713846e+01
  -7.29861941364818704869e+01
  -7.31389041238725354788e+01
  -7.32834591258602472408e+01
  -7.34189205557628952192e+01
  -7.35422817102210757412e+01
  -7.34450528036152832101e+01
  -7.33269933952301897762e+01
  -7.31899376843684308369e+01
  -7.30358461900569153613e+01
  -7.28667326672949968724e+01
  -7.26846002192625491034e+01
  -7.24913890835003940083e+01
  -7.22889369443759761680e+01
  -7.20789513415166567256e+01
  -7.18629928778119904109e+01
</dep>
<dep dBS13 frequency>
  -1.05894883099139690330e+02
  -1.11297780841936003071e+02
  -1.14351117662978950307e+02
  -1.16687251858503557855e+02
  -1.18860542799933810443e+02
  -1.21062265171965407262e+02
  -1.23281089271787266171e+02
  -1.25450383534143384168e+02
  -1.27519499584238843681e+02
  -1.29461693946515367770e+02
  -1.31269629359368252608e+02
  -1.32944559616205367547e+02
  -1.34494700923015102489e+02
  -1.35934630855098646407e+02
  -1.37277978742500494036e+02
  -1.38532417707459700296e+02
  -1.39709584612606647624e+02
  -1.40813382423360110351e+02
  -1.41858224775912049154e+02
  -1.42845499393285479073e+02
  -1.43798996402724526433e+02
  -1.44705301642944704099e+02
  -1.45569304363561599303e+02
  -1.46392252214899116325e+02
  -1.47180629559894356362e+02
  -1.47935430879532589188e+02
  -1.48661415892955204754e+02
  -1.49358443078179959684e+02
  -1.50028944313909477160e+02
  -1.50674133665365275192e+02
  -1.51255441472370165457e+02
  -1.51814939030630540628e+02
  -1.52354426560640291655e+02
  -1.52875392915477050337e+02
  -1.53380584564579635298e+02
  -1.53869695998237034473e+02
  -1.54345438476467620603e+02
  -1.54806752183496826092e+02
  -1.55258819446032475753e+02
  -1.55697407256472956760e+02
  -1.56195548228615677999e+02
  -1.56683908177995732558e+02
  -1.57162253561374399169e+02
  -1.57628904110969159547e+02
  -1.58088213828829736940e+02
  -1.58536527843237024626e+02
  -1.58974548422636473788e+02
  -1.59402377025324653914e+02
  -1.59822912250516992572e+02
  -1.60234001248312551979e+02
  -1.60632599165484322157e+02
  -1.61023193008669551318e+02
  -1.61409298950598895317e+02
  -1.61788224134612477201e+02
  -1.62160098630071985326e+02
  -1.62524879422993421940e+02
  -1.62888463614965132820e+02
  -1.63245896614950936510e+02
  -1.63600111024582588470e+02
  -1.63948388242894054656e+02
  -1.64259233399176366675e+02
  -1.64562890031237571975e+02
  -1.64867934127759156127e+02
  -1.65168769320423450608e+02
  -1.65468542547705908419e+02
  -1.65764201538357667687e+02
  -1.66059531924131476899e+02
  -1.66350963090918526177e+02
  -1.66643159118808341645e+02
  -1.66931804782905686579e+02
  -1.67263078094526520090e+02
  -1.67593978865372946530e+02
  -1.67925682401170320190e+02
  -1.68254180646529960086e+02
  -1.68587105453434048741e+02
  -1.68917342100173158315e+02
  -1.69248561714391001942e+02
  -1.69576772512914601521e+02
  -1.69910340439275415747e+02
  -1.70241682857403816342e+02
  -1.70579472810964034579e+02
  -1.70915376303100629229e+02
  -1.71256176544736405276e+02
  -1.71595062589553890575e+02
  -1.71943002995744365080e+02
  -1.72289850120640437581e+02
  -1.72645002759869782949e+02
  -1.72999268693460550139e+02
  -1.73362704654268441118e+02
  -1.73725673303552099469e+02
  -1.74102233361296470093e+02
  -1.74479415401227129223e+02
  -1.74870663451970045799e+02
  -1.75263090699561104202e+02
  -1.75675413176620452305e+02
  -1.76090575436375019081e+02
  -1.76529548811377310358e+02
  -1.76973322289865421908e+02
  -1.77443793081212334073e+02
  -1.77921010079578650220e+02
  -1.78427901571742268061e+02
  -1.78945310027468622138e+02
  -1.79506844605930126590e+02
  -1.80085332692298010215e+02
  -1.80719613444513015565e+02
  -1.81379825467062545385e+02
  -1.82116519778487855774e+02
  -1.82895472763638736069e+02
  -1.83769913921634469034e+02
  -1.84711230708074197082e+02
  -1.85798175173097547486e+02
  -1.86992044014626856097e+02
  -1.88297970059085002958e+02
  -1.89720298838660397678e+02
  -1.91056647833481406451e+02
  -1.92259152076215940497e+02
  -1.92634610217941371957e+02
  -1.92414298507900952018e+02
  -1.91465075635871869508e+02
  -1.90284771545329022047e+02
  -1.89104105349519898027e+02
  -1.88068847555093157098e+02
  -1.87203954567243897600e+02
  -1.86507996182244710326e+02
  -1.85972243288274341921e+02
  -1.85576978047131575522e+02
  -1.85301703393350408078e+02
  -1.85130468613707563463e+02
  -1.85046117001518240386e+02
  -1.85032663528203187298e+02
  -1.85079321950098972138e+02
  -1.85170892533825735882e+02
  -1.85298030907029243508e+02
  -1.85450826565585146000e+02
  -1.85624198961358672477e+02
  -1.85811549468389387130e+02
  -1.86007969454228373252e+02
  -1.86211783389703214198e+02
  -1.86419999099358165040e+02
  -1.86630023121036913381e+02
  -1.86831410847614023396e+02
  -1.87033817141641236503e+02
  -1.87235949681859779048e+02
  -1.87439849266594933397e+02
  -1.87645168489558159308e+02
  -1.87852864968509038590e+02
  -1.88062811436977909807e+02
  -1.88275947371239226413e+02
  -1.88492372405614844411e+02
  -1.88713596298678965013e+02
  -1.88943971853532275418e+02
  -1.89178899309553088415e+02
  -1.89418345083845309773e+02
  -1.89661878106771951025e+02
  -1.89908087934984905587e+02
  -1.90157582724715695122e+02
  -1.90408725686591481008e+02
  -1.90662994155714557110e+02
  -1.90919379996566988211e+02
  -1.91176665158131527278e+02
  -1.91422198066006671979e+02
  -1.91665078143722354298e+02
  -1.91909370763251160952e+02
  -1.92153252942688595795e+02
  -1.92397199459228005480e+02
  -1.92639812287470931551e+02
  -1.92881958958655417291e+02
  -1.93126609375625235998e+02
  -1.93369435705293966521e+02
  -1.93612732005968780413e+02
  -1.93890207321274772312e+02
  -1.94176468067062387490e+02
  -1.94464846361829899024e+02
  -1.94757302312285105472e+02
  -1.95052050722437144259e+02
  -1.95353403492040058609e+02
  -1.95660135783823022848e+02
  -1.95975033400707957298e+02
  -1.96297697328577157805e+02
  -1.96631727670250768369e+02
  -1.96940687610726740786e+02
  -1.97253106920876149388e+02
  -1.97579473512848295513e+02
  -1.97922532554056488152e+02
  -1.98282253973948684234e+02
  -1.98660832241619431215e+02
  -1.99060155132183865589e+02
  -1.99482218520480756752e+02
  -1.99928307247950527881e+02
  -2.00401457831937364062e+02
  -2.00935455206175532794e+02
  -2.01509154785541397814e+02
  -2.02117473130458563446e+02
  -2.02765283259279982531e+02
  -2.03458399360035059544e+02
  -2.04200415466808607334e+02
  -2.04998438101927149546e+02
  -2.05860452328641486019e+02
  -2.06797338686190130375e+02
  -2.07823949951620420507e+02
  -2.08940414939671427419e+02
  -2.10181544431586047494e+02
  -2.11582670989552582341e+02
  -2.13182677075278377288e+02
  -2.15036031006543993271e+02
  -2.17190619892740784280e+02
  -2.19614009067633958239e+02
  -2.21837980335393893938e+02
  -2.22487732951490471578e+02
  -2.21025871622023117880e+02
  -2.18853224249945583324e+02
  -2.16832163720851724520e+02
  -2.15114273714573698726e+02
  -2.13665296458622464115e+02
  -2.12431204442849548286e+02
  -2.11364514319637464723e+02
  -2.10428266194995927663e+02
  -2.09594638041720997990e+02
  -2.08844297587645030490e+02
  -2.08163017247839491120e+02
  -2.07531436312552415302e+02
  -2.06943778763004843313e+02
  -2.06393203805390356820e+02
  -2.05874202260125656494e+02
  -2.05383608831982485299e+02
  -2.04917077323822780954e+02
  -2.04472991569753475005e+02
  -2.04047998209280791571e+02
  -2.03643526658884695735e+02
  -2.03257448573488801458e+02
  -2.02887835561142992447e+02
  -2.02536990781645272364e+02
  -2.02204621770426314242e+02
  -2.01891873396320676193e+02
  -2.01599777199805885175e+02
  -2.01328793171262873329e+02
  -2.01080213073370117627e+02
  -2.00855400512318624351e+02
  -2.00654351436673863418e+02
  -2.00478088496584689437e+02
  -2.00330849357135434730e+02
  -2.00210003461342921582e+02
  -2.00116239359601337355e+02
  -2.00046150328446799449e+02
  -2.00000042874268160631e+02
  -1.99977695615919401462e+02
  -1.99970718315005910881e+02
  -1.99974956749635595088e+02
  -1.99983055055758939034e+02
  -1.99981083797648409472e+02
  -1.99970309852171652665e+02
  -1.99927916397452378305e+02
  -1.99838691914164058971e+02
  -1.99688457019648240021e+02
  -1.99469425607867435701e+02
  -1.99183852374129571672e+02
  -1.98833889587586583048e+02
  -1.98428960482586802527e+02
  -1.97984070285877351125e+02
  -1.97510266181045267331e+02
  -1.97005058146543262865e+02
  -1.96488821357947955448e+02
  -1.95976881118501438550e+02
  -1.95474112394433007012e+02
  -1.94986298605279387175e+02
  -1.94516052382955649591e+02
  -1.94068495307769552483e+02
  -1.93636076905742129384e+02
  -1.93227827504847624596e+02
  -1.92833884819571096614e+02
  -1.92468265435127307228e+02
  -1.92117224449976930600e+02
  -1.91789228876373272215e+02
  -1.91472835813571293784e+02
  -1.91176029315973323719e+02
  -1.90888879198647600788e+02
  -1.90618952492640744367e+02
  -1.90357316703825318882e+02
  -1.90111013266556028611e+02
  -1.89872003571515335807e+02
  -1.89646025945466476514e+02
  -1.89426179936200071552e+02
  -1.89217363412333327233e+02
  -1.89013807955875250855e+02
  -1.88819787135700721592e+02
  -1.88630343786130055150e+02
  -1.88449835784896151836e+02
  -1.88273513032407151968e+02
  -1.88105322280294728898e+02
  -1.87940988246149743190e+02
  -1.87789042392689168537e+02
  -1.87642611939927348885e+02
  -1.87501643124427175735e+02
  -1.87363365314617766444e+02
  -1.87231087034949297276e+02
  -1.87101685985489638142e+02
  -1.86974864919127099938e+02
  -1.86849547961541617269e+02
  -1.86731308150699646831e+02
  -1.86616324070961923098e+02
  -1.86495962922090285474e+02
  -1.86373639454543081229e+02
  -1.86251891514123371962e+02
  -1.86130708925058769410e+02
  -1.86010082023167200305e+02
  -1.85896043930867335803e+02
  -1.85785216899330009710e+02
  -1.85674902913859170894e+02
  -1.85565091608959050973e+02
  -1.85455773087762452178e+02
  -1.85363179251057601959e+02
  -1.85278326619672668585e+02
  -1.85193891621959778604e+02
  -1.85109912318593330838e+02
  -1.85026379145988641994e+02
  -1.84946888441271681813e+02
  -1.84869485296983697253e+02
  -1.84792508668642369685e+02
  -1.84715965940125926181e+02
  -1.84639883530610063644e+02
  -1.84561157135261055373e+02
  -1.84481368165208124310e+02
  -1.84401930827513524491e+02
  -1.84322836461987805023e+02
  -1.84244076714409061424e+02
  -1.84167414705038794409e+02
  -1.84091983378743805133e+02
  -1.84016879886137900257e+02
  -1.83942096450913709305e+02
  -1.83867625553676845129e+02
  -1.83793653485812569670e+02
  -1.83720113744930159783e+02
  -1.83646915787635947481e+02
  -1.83574101419215224951e+02
  -1.83501609960618424111e+02
  -1.83431232365107973692e+02
  -1.83362076707387643637e+02
  -1.83293235232779522903e+02
  -1.83224701365785136886e+02
  -1.83156468720822203977e+02
  -1.83094608891775436632e+02
  -1.83036152713680763782e+02
  -1.82977978631895780381e+02
  -1.82920080669273772855e+02
  -1.82862453011655702539e+02
  -1.82807111609941784991e+02
  -1.82753096552635895478e+02
  -1.82699351673839345267e+02
  -1.82645887999910627286e+02
  -1.82592673067596706460e+02
  -1.82537156663127348111e+02
  -1.82480506500814442461e+02
  -1.82424082999378214254e+02
  -1.82367881463858310553e+02
  -1.82311897319709402154e+02
  -1.82257843314072147223e+02
  -1.82204945213429652995e+02
  -1.82152256304277244681e+02
  -1.82099772263793653337e+02
  -1.82047488874558439420e+02
  -1.82000740048686679984e+02
  -1.81957195387274509812e+02
  -1.81913860182707622926e+02
  -1.81870732054512103559e+02
  -1.81827805147643573491e+02
  -1.81785195092009530526e+02
  -1.81742852583222145313e+02
  -1.81700706287633863667e+02
  -1.81658752474211809158e+02
  -1.81616987493925734043e+02
  -1.81570927483109073819e+02
  -1.81522417163184741185e+02
  -1.81474100165855787736e+02
  -1.81425978103537090647e+02
  -1.81378047522062558983e+02
  -1.81330941712394604792e+02
  -1.81284406370681409726e+02
  -1.81238058296427368532e+02
  -1.81191894251514639791e+02
  -1.81145868511457251770e+02
  -1.81109843883190933411e+02
  -1.81080000176882521146e+02
  -1.81050313588596736736e+02
  -1.81020781162906587269e+02
  -1.80991400001349518334e+02
  -1.80962028674757050339e+02
  -1.80932720838774201866e+02
  -1.80903534705359703594e+02
  -1.80874439188261078471e+02
  -1.80845486845563698353e+02
  -1.80810072888436536687e+02
  -1.80770591138165769962e+02
  -1.80731250387682649716e+02
  -1.80692048143066301691e+02
  -1.80652981955198072228e+02
  -1.80614507754693107699e+02
  -1.80576407933120947291e+02
  -1.80538426135494717073e+02
  -1.80500574389192991021e+02
  -1.80462850424935368210e+02
  -1.80429663307969548214e+02
  -1.80399538218930246103e+02
  -1.80369540729819163971e+02
  -1.80339668666752174886e+02
  -1.80309916059823649448e+02
  -1.80279980838413365518e+02
  -1.80249987555910280435e+02
  -1.80220115204308456214e+02
  -1.80190361798663786885e+02
  -1.80160725386681406235e+02
  -1.80128606150421660459e+02
  -1.80094797830848989406e+02
  -1.80061099281935980798e+02
  -1.80027506912267909911e+02
  -1.79994012828883114707e+02
  -1.79961578281643767241e+02
  -1.79929926103353636790e+02
  -1.79898380161871756400e+02
  -1.79866938886490032701e+02
  -1.79835600731863848978e+02
  -1.79803324486754945610e+02
  -1.79770407949473025155e+02
  -1.79737604468224702714e+02
  -1.79704921765277163104e+02
  -1.79672348266094871860e+02
  -1.79640797194110007240e+02
  -1.79610028889931015783e+02
  -1.79579367879017070209e+02
  -1.79548812672026514292e+02
  -1.79518361800690854579e+02
  -1.79492033749604900095e+02
  -1.79468805096848285530e+02
  -1.79445657723635150660e+02
  -1.79422578498976520223e+02
  -1.79399561894518910776e+02
  -1.79376232255984348285e+02
  -1.79352676189334232504e+02
  -1.79329180420324746592e+02
  -1.79305743801453616015e+02
  -1.79282365202964683704e+02
  -1.79257921107051231502e+02
  -1.79232680174735662604e+02
  -1.79207536365705522030e+02
  -1.79182473200869765151e+02
  -1.79157489651307059830e+02
  -1.79132773668127072142e+02
  -1.79108289170485988961e+02
  -1.79083884778632722146e+02
  -1.79059559525184710083e+02
  -1.79035312458680380132e+02
  -1.79009919250040894667e+02
  -1.78983648368911531179e+02
  -1.78957504235548583438e+02
  -1.78931477508083503380e+02
  -1.78905566950075780142e+02
  -1.78879349518115645878e+02
  -1.78852895211511054185e+02
  -1.78826554467661139824e+02
  -1.78800326123712920889e+02
  -1.78774209029995404308e+02
  -1.78750982565414062719e+02
  -1.78730219908824835784e+02
  -1.78709546402945022692e+02
  -1.78688955661284580856e+02
  -1.78668446688455588856e+02
  -1.78647625570643810988e+02
  -1.78626543061427895509e+02
  -1.78605538865917623070e+02
  -1.78584612044802611308e+02
  -1.78563761669411860566e+02
  -1.78546324397223315827e+02
  -1.78531908744253996701e+02
  -1.78517556434336199800e+02
  -1.78503260805243201048e+02
  -1.78489021020049904109e+02
  -1.78475013203579976562e+02
  -1.78461220251652150637e+02
  -1.78447481871967966072e+02
  -1.78433797262505748904e+02
  -1.78420165630254928146e+02
  -1.78403541250854630107e+02
  -1.78384177310977463549e+02
  -1.78364888137278228442e+02
  -1.78345665378166813753e+02
  -1.78326508225288364429e+02
  -1.78307526680783041684e+02
  -1.78288714905055229565e+02
  -1.78269968502920391984e+02
  -1.78251286701644602317e+02
  -1.78232668736331191894e+02
  -1.78212463549896000359e+02
  -1.78190754953686564477e+02
  -1.78169133378316644212e+02
  -1.78147597480695736749e+02
  -1.78126143620172427973e+02
  -1.78105400814701283707e+02
  -1.78085357155876380375e+02
  -1.78065396702635069914e+02
  -1.78045518725221796785e+02
  -1.78025722500667086479e+02
  -1.78008321584842406082e+02
  -1.77993286110148119405e+02
  -1.77978297649428270688e+02
  -1.77963358850210738638e+02
  -1.77948467147286976342e+02
  -1.77933743068507084217e+02
  -1.77919189005971418283e+02
  -1.77904680024566005159e+02
  -1.77890215557955798431e+02
  -1.77875795045256211324e+02
  -1.77858797891235155930e+02
  -1.77839145947984889062e+02
  -1.77819568445362563125e+02
  -1.77800064770359568911e+02
  -1.77780636371630833992e+02
  -1.77761281677887239994e+02
  -1.77741998991312499356e+02
  -1.77722787719811321949e+02
  -1.77703647276345805039e+02
  -1.77684577078844313291e+02
  -1.77668659774597017531e+02
  -1.77656131275693212501e+02
  -1.77643652395927688303e+02
  -1.77631222621011232832e+02
  -1.77618841441210378207e+02
  -1.77606509082683032830e+02
  -1.77594225707986140605e+02
  -1.77581989415182704306e+02
  -1.77569799712181549012e+02
  -1.77557656111144439137e+02
  -1.77544615762146378302e+02
  -1.77530561506273272698e+02
  -1.77516554147931913121e+02
  -1.77502593256547100964e+02
  -1.77488678404992242577e+02
  -1.77474809169551633659e+02
  -1.77460985129862592657e+02
  -1.77447206950733914255e+02
  -1.77433473424712587985e+02
  -1.77419783844320136268e+02
  -1.77405430599528187940e+02
  -1.77390299531499778141e+02
  -1.77375221665338614230e+02
  -1.77360196511679049536e+02
  -1.77345223584812430317e+02
  -1.77330302402654353955e+02
  -1.77315432486672818868e+02
  -1.77300613361873018903e+02
  -1.77285844556736947197e+02
  -1.77271126392464395849e+02
  -1.77258363358617998529e+02
  -1.77247962448922123713e+02
  -1.77237593871023648262e+02
  -1.77227257319848405359e+02
  -1.77216952492765187799e+02
  -1.77206679089531803584e+02
  -1.77196436812286663098e+02
  -1.77186225365484546046e+02
  -1.77176044455875910444e+02
  -1.77165893792467954881e+02
  -1.77156458782747705527e+02
  -1.77147932202657017342e+02
  -1.77139445031252591889e+02
  -1.77130996851365097200e+02
  -1.77122587288096156044e+02
  -1.77114215969127030803e+02
  -1.77105882524685398494e+02
  -1.77097586587502462407e+02
  -1.77089327792780466098e+02
  -1.77081105778186582711e+02
  -1.77072601329988799534e+02
  -1.77063711319407616429e+02
  -1.77054857439418128706e+02
  -1.77046039395156924456e+02
  -1.77037256822732871342e+02
  -1.77028509335497574284e+02
  -1.77019796591846159117e+02
  -1.77011118252388399696e+02
  -1.77002473979949598970e+02
  -1.76993863439527956416e+02
  -1.76984000030802633319e+02
  -1.76972401373659863566e+02
  -1.76960842394728416593e+02
  -1.76949322824489740924e+02
  -1.76937842394848274807e+02
  -1.76926400839127182962e+02
  -1.76914997770281217981e+02
  -1.76903633035334848955e+02
  -1.76892306377079876256e+02
  -1.76881017534278697667e+02
  -1.76870436462987356663e+02
  -1.76860858253015521768e+02
  -1.76851320928282291334e+02
  -1.76841824180274613809e+02
  -1.76832367702253861808e+02
  -1.76822951189203195099e+02
  -1.76813574337834495509e+02
  -1.76804236846563412655e+02
  -1.76794938395088138350e+02
  -1.76785678438090059217e+02
  -1.76777871870592974801e+02
  -1.76772217938154312833e+02
  -1.76766595623850577113e+02
  -1.76761004650309075714e+02
  -1.76755444741707037792e+02
  -1.76749915623751434168e+02
  -1.76744417023660275845e+02
  -1.76738948670145305186e+02
  -1.76733510293392725998e+02
  -1.76728101625045923129e+02
  -1.76721492972641840424e+02
  -1.76713001384758911172e+02
  -1.76704549396203304923e+02
  -1.76696137053760054414e+02
  -1.76687764127632249256e+02
  -1.76679430350937110461e+02
  -1.76671135458173353072e+02
  -1.76662879185188046449e+02
  -1.76654661269188039796e+02
  -1.76646481448694459004e+02
  -1.76640075983435991702e+02
  -1.76636528738379979586e+02
  -1.76633007162809576585e+02
  -1.76629511028564195385e+02
  -1.76626040108568645337e+02
  -1.76622593965299529373e+02
  -1.76619172318403798272e+02
  -1.76615775207126688429e+02
  -1.76612402408609000304e+02
  -1.76609053701001670333e+02
  -1.76605087560903712074e+02
  -1.76600058565548465594e+02
  -1.76595058396803494816e+02
  -1.76590086814415172967e+02
  -1.76585143579172722639e+02
  -1.76580228452889713253e+02
  -1.76575341198392607112e+02
  -1.76570481579505951686e+02
  -1.76565649361037174003e+02
  -1.76560843944970969233e+02
  -1.76555638708775717305e+02
  -1.76549709569826575262e+02
  -1.76543816583316754532e+02
  -1.76537959512518369820e+02
  -1.76532138121642219630e+02
  -1.76526352175839662095e+02
  -1.76520601441188375702e+02
  -1.76514885684666808174e+02
  -1.76509204674153295400e+02
  -1.76503558178412021107e+02
  -1.76497352602194183646e+02
  -1.76490084567125080639e+02
  -1.76482855911303545327e+02
  -1.76475666042996806482e+02
  -1.76468514872634301582e+02
  -1.76461402368578205824e+02
  -1.76454328296099475892e+02
  -1.76447292421295969689e+02
  -1.76440294511079514450e+02
  -1.76433334333192675558e+02
  -1.76427431975635954586e+02
  -1.76423539045742103326e+02
  -1.76419675033205606951e+02
  -1.76415839743271902762e+02
  -1.76412032981880827265e+02
  -1.76408254555668179364e+02
  -1.76404504271970438367e+02
  -1.76400781784531233143e+02
  -1.76397086633928921628e+02
  -1.76393419048789269254e+02
  -1.76389513221229520923e+02
  -1.76385090838358223664e+02
  -1.76380687588188607151e+02
  -1.76376303340897777616e+02
  -1.76371937966940151910e+02
  -1.76367591337057689316e+02
  -1.76363263322251413001e+02
  -1.76358953793807273769e+02
  -1.76354662623255649123e+02
  -1.76350389682381035072e+02
  -1.76346397629480122760e+02
  -1.76342989307424659273e+02
  -1.76339610830697779420e+02
  -1.76336262148432211916e+02
  -1.76332943350334375054e+02
  -1.76329654287721410810e+02
  -1.76326394812383313138e+02
  -1.76323164776572525625e+02
  -1.76319964032981630453e+02
  -1.76316792434736044015e+02
  -1.76312623715955567150e+02
  -1.76306209651630524604e+02
  -1.76299834064344622675e+02
  -1.76293496741661328997e+02
  -1.76287197471895666467e+02
  -1.76280936044102247706e+02
  -1.76274712248066521170e+02
  -1.76268525540327942736e+02
  -1.76262375804778400834e+02
  -1.76256263071912997020e+02
  -1.76252449602753188174e+02
  -1.76253931585629572965e+02
  -1.76255430499088987517e+02
  -1.76256946220256338620e+02
  -1.76258478626533701572e+02
  -1.76260027595576332260e+02
  -1.76261593005300937875e+02
  -1.76263174733858932086e+02
  -1.76264772659662042997e+02
  -1.76266386661341414310e+02
  -1.76266669428047208612e+02
  -1.76263684186766482753e+02
  -1.76260729686944586092e+02
  -1.76257805485240936605e+02
  -1.76254911842629013563e+02
  -1.76252048599954463270e+02
  -1.76249215598325235987e+02
  -1.76246412679135886492e+02
  -1.76243639684056518036e+02
  -1.76240896455012858723e+02
  -1.76238919363481130631e+02
  -1.76238858021396112008e+02
  -1.76238818173951187873e+02
  -1.76238799686643005771e+02
  -1.76238802425237736315e+02
  -1.76238826255759448713e+02
  -1.76238871044485023276e+02
  -1.76238936657936193342e+02
  -1.76239022649484553540e+02
  -1.76239128968287843691e+02
  -1.76237622274529286415e+02
  -1.76231738366680303898e+02
  -1.76225894693193254170e+02
  -1.76220091077399700907e+02
  -1.76214327343041958329e+02
  -1.76208603314278803964e+02
  -1.76202918815678543751e+02
  -1.76197273672197354699e+02
  -1.76191667709168882539e+02
  -1.76186100752328087538e+02
  -1.76182700905877311470e+02
  -1.76185382293462254211e+02
  -1.76188091661492705953e+02
  -1.76190828892532636019e+02
  -1.76193593576697509206e+02
  -1.76196385659304212368e+02
  -1.76199205251638744585e+02
  -1.76202052236982211753e+02
  -1.76204926498795828138e+02
  -1.76207827920712276182e+02
  -1.76209144861823517658e+02
  -1.76205665943120834527e+02
  -1.76202222363461089572e+02
  -1.76198813986278992161e+02
  -1.76195440675233840011e+02
  -1.76192102294221626835e+02
  -1.76188798707364810525e+02
  -1.76185529779005349837e+02
  -1.76182295373696092611e+02
  -1.76179095356211234957e+02
  -1.76177753878443496660e+02
  -1.76182207676892403470e+02
  -1.76186682502494875280e+02
  -1.76191178260288666024e+02
  -1.76195694855439342064e+02
  -1.76200232193183353502e+02
  -1.76204790178809332701e+02
  -1.76209368717701863716e+02
  -1.76213967715279835602e+02
  -1.76218587077040353961e+02
  -1.76221754367984971168e+02
  -1.76220026629039807631e+02
  -1.76218331200596253439e+02
  -1.76216667964804173607e+02
  -1.76215036803978421176e+02
  -1.76213437600644226677e+02
  -1.76211870237507923775e+02
  -1.76210334380269728172e+02
  -1.76208829878417986947e+02
  -1.76207356863984102802e+02
  -1.76207201214287465518e+02
  -1.76211625129873681317e+02
  -1.76216071555291790673e+02
  -1.76220540402203624808e+02
  -1.76225031582280138309e+02
  -1.76229545007136351842e+02
  -1.76234080588377281629e+02
  -1.76238638237570370393e+02
  -1.76243217866216241418e+02
  -1.76247819385796219649e+02
  -1.76251671816140969895e+02
  -1.76252653681670921060e+02
  -1.76253663892702718385e+02
  -1.76254702350116446041e+02
  -1.76255768793567000330e+02
  -1.76256863009276628418e+02
  -1.76257985172334258550e+02
  -1.76259135183644787048e+02
  -1.76260312944150939529e+02
  -1.76261518354736608671e+02
  -1.76262822158746388368e+02
  -1.76264437977176100958e+02
  -1.76266083727617058230e+02
  -1.76267759312770976976e+02
  -1.76269464635395650021e+02
  -1.76271199598276211873e+02
  -1.76272964104265156493e+02
  -1.76274758056261305228e+02
  -1.76276581357150462281e+02
  -1.76278433909891703024e+02
  -1.76279852781287928565e+02
  -1.76279331817356734291e+02
  -1.76278842512715698376e+02
  -1.76278385106459779763e+02
  -1.76277959558867394207e+02
  -1.76277565789318941825e+02
  -1.76277203717250586124e+02
  -1.76276873262164201606e+02
  -1.76276574343644028886e+02
  -1.76276306881298694407e+02
  -1.76276529535297868279e+02
  -1.76278868345811076779e+02
  -1.76281234293162924587e+02
  -1.76283627300896654333e+02
  -1.76286047292532970232e+02
  -1.76288494191548238632e+02
  -1.76290967921385458794e+02
  -1.76293468405470463267e+02
  -1.76295995567153283901e+02
  -1.76298549314050461589e+02
  -1.76301426045674872967e+02
  -1.76305775667580945765e+02
  -1.76310150024360666521e+02
  -1.76314549059425786481e+02
  -1.76318972716159095171e+02
  -1.76323420937853967416e+02
  -1.76327893667733064831e+02
  -1.76332390848958823426e+02
  -1.76336912424612251016e+02
  -1.76341458337663880229e+02
  -1.76346308131715403533e+02
  -1.76352650500221869834e+02
  -1.76359020829454379964e+02
  -1.76365419076857165237e+02
  -1.76371845199752669942e+02
  -1.76378299155437957779e+02
  -1.76384780901125139962e+02
  -1.76391290393920996848e+02
  -1.76397827324578088337e+02
  -1.76404391846052817527e+02
  -1.76410342112272303439e+02
  -1.76412695042328891759e+02
  -1.76415089536031644002e+02
  -1.76417525515848154782e+02
  -1.76420002904527024157e+02
  -1.76422521625036807791e+02
  -1.76425081600541801663e+02
  -1.76427682754453797997e+02
  -1.76430325010359354110e+02
  -1.76433008292072088352e+02
  -1.76436408528899107750e+02
  -1.76443992354771182818e+02
  -1.76451608144577846815e+02
  -1.76459255881932080001e+02
  -1.76466935550381521125e+02
  -1.76474647133457551718e+02
  -1.76482390571475463048e+02
  -1.76490165635145643819e+02
  -1.76497972562480100578e+02
  -1.76505811336784319110e+02
  -1.76512821485361797613e+02
  -1.76514115921916925345e+02
  -1.76515449713834328804e+02
  -1.76516822793787923729e+02
  -1.76518235094491416248e+02
  -1.76519686548625656997e+02
  -1.76521177088890567575e+02
  -1.76522706647975212491e+02
  -1.76524275158525995266e+02
  -1.76525882553197988045e+02
  -1.76528292570282161478e+02
  -1.76536329018402739166e+02
  -1.76544391336828141448e+02
  -1.76552479507822226878e+02
  -1.76560593513540624144e+02
  -1.76568733313852703759e+02
  -1.76576898673575215071e+02
  -1.76585089812891027350e+02
  -1.76593306713589754509e+02
  -1.76601549357292014975e+02
  -1.76609709937857502382e+02
  -1.76617026718342003733e+02
  -1.76624372098995024771e+02
  -1.76631746067107712861e+02
  -1.76639148609901866394e+02
  -1.76646579714498386693e+02
  -1.76654039367969659224e+02
  -1.76661527557276883726e+02
  -1.76669044269288121995e+02
  -1.76676589490790519221e+02
  -1.76683984051595643905e+02
  -1.76689800743121423920e+02
  -1.76695653660353542591e+02
  -1.76701542785051913143e+02
  -1.76707468098980768900e+02
  -1.76713429448779777431e+02
  -1.76719426862833330460e+02
  -1.76725460410301138836e+02
  -1.76731530072797795583e+02
  -1.76737635831862263558e+02
  -1.76743687946729210125e+02
  -1.76748869332451192804e+02
  -1.76754085676987472198e+02
  -1.76759336972119399434e+02
  -1.76764623209658452652e+02
  -1.76769944381381066023e+02
  -1.76775300479124780395e+02
  -1.76780691494723185997e+02
  -1.76786117419985430388e+02
  -1.76791578246749196524e+02
  -1.76797211855717790741e+02
  -1.76804464560274482210e+02
  -1.76811752561936003758e+02
  -1.76819075893458432347e+02
  -1.76826434587765362494e+02
  -1.76833828550191981321e+02
  -1.76841257886306237879e+02
  -1.76848722684301009167e+02
  -1.76856222977742874036e+02
  -1.76863758800323296327e+02
  -1.76871456690125455680e+02
  -1.76880871083791987530e+02
  -1.76890324883196285555e+02
  -1.76899818134689922999e+02
  -1.76909350884834339013e+02
  -1.76918923180423945496e+02
  -1.76928535068465407676e+02
  -1.76938186596147716045e+02
  -1.76947877810889735883e+02
  -1.76957608760310677098e+02
  -1.76967188693711477754e+02
  -1.76973824358358086783e+02
  -1.76980503459745477812e+02
  -1.76987226015355787467e+02
  -1.76993992042829432876e+02
  -1.77000801509855307359e+02
  -1.77007654392981294222e+02
  -1.77014550801084027398e+02
  -1.77021490752278793934e+02
  -1.77028474264816509276e+02
  -1.77035609786288432588e+02
  -1.77044844377322789342e+02
  -1.77054117811652417913e+02
  -1.77063430133433456604e+02
  -1.77072781386937151638e+02
  -1.77082171616595900332e+02
  -1.77091600866974658857e+02
  -1.77101069182737916208e+02
  -1.77110576608697812162e+02
  -1.77120123189790717788e+02
  -1.77129802826710260888e+02
  -1.77141770241357676241e+02
  -1.77153773769161631435e+02
  -1.77165813471433807536e+02
  -1.77177889409711752933e+02
  -1.77190001645687260634e+02
  -1.77202150186010385369e+02
  -1.77214335104828251133e+02
  -1.77226556507179651589e+02
  -1.77238814455469821496e+02
  -1.77251008758428781675e+02
  -1.77260005844993656865e+02
  -1.77269048040129575838e+02
  -1.77278135408951442287e+02
  -1.77287268016838453377e+02
  -1.77296445929483184045e+02
  -1.77305669212860834705e+02
  -1.77314937933207033893e+02
  -1.77324252157041314604e+02
  -1.77333611951143524266e+02
  -1.77343011117529215426e+02
  -1.77352152534430217656e+02
  -1.77361346059577215328e+02
  -1.77370591794629575588e+02
  -1.77379889841938592099e+02
  -1.77389240304521877079e+02
  -1.77398643286123956386e+02
  -1.77408098874547050627e+02
  -1.77417607155104775529e+02
  -1.77427168269851705418e+02
  -1.77436802749189553197e+02
  -1.77448504720161793102e+02
  -1.77460248995787026161e+02
  -1.77472035685355791657e+02
  -1.77483864898630059770e+02
  -1.77495736745826320657e+02
  -1.77507651337549589243e+02
  -1.77519608784897144460e+02
  -1.77531609199394011966e+02
  -1.77543652692972983687e+02
  -1.77555739378024810549e+02
</dep>
<dep dBS23 frequency>
  -1.61388713711245429749e+02
  -1.65644799342996151381e+02
  -1.70543577108995663139e+02
  -1.74985063136172755094e+02
  -1.82277874252283396572e+02
  -1.86388223344159229100e+02
  -1.82952218552658450790e+02
  -1.82502169401885652178e+02
  -1.86500822287517053155e+02
  -2.00905837924573006603e+02
  -2.09798314372421543794e+02
  -2.19266370341736120508e+02
  -2.04871912036888119246e+02
  -2.01143817718145754725e+02
  -2.07508787685749524599e+02
  -2.16295141751462892898e+02
  -2.19369887681291857007e+02
  -2.15084629765645900079e+02
  -2.21304094382511749473e+02
  -2.24896630186497702653e+02
  -2.36496308023941821830e+02
  -2.34092852172314508152e+02
  -2.12426617199619585108e+02
  -2.07549267197014842168e+02
  -2.13358538931814564421e+02
  -2.27852421408241070822e+02
  -2.24220806142261182003e+02
  -2.21356701458933315507e+02
  -2.19464566476522804805e+02
  -2.18038084852487344278e+02
  -2.16899969816529704758e+02
  -2.15814024280777744025e+02
  -2.16853395209072289163e+02
  -2.17924422005213614284e+02
  -2.15552143702291488125e+02
  -2.13839643446850061537e+02
  -2.13462268025526270776e+02
  -2.13190897560986115877e+02
  -2.11922656166243484677e+02
  -2.10926305778619820330e+02
  -2.10074115779226502809e+02
  -2.09389358813582703078e+02
  -2.08643060366430518116e+02
  -2.08029188505219963190e+02
  -2.07180284764376040130e+02
  -2.06476612979136177728e+02
  -2.05829715383171048870e+02
  -2.05290079707504332873e+02
  -2.04416547795848373426e+02
  -2.03687086219331092707e+02
  -2.03096782589191207080e+02
  -2.02602710869540601379e+02
  -2.01930639274901722047e+02
  -2.01356123247267930765e+02
  -2.00631728534779767870e+02
  -2.00012899624179027569e+02
  -1.99349831407372136027e+02
  -1.98781528141393692977e+02
  -1.98115885892170211946e+02
  -1.97541314024325743048e+02
  -1.96868474056829768415e+02
  -1.96284614806437389234e+02
  -1.95624472484824195817e+02
  -1.95048921047171745613e+02
  -1.94407107884485128579e+02
  -1.93845950458278991846e+02
  -1.93213385975005508044e+02
  -1.92657564238279491065e+02
  -1.92050007584242564462e+02
  -1.91513881679879858666e+02
  -1.90863894209851963524e+02
  -1.90288126083318502424e+02
  -1.89660542095100140614e+02
  -1.89105514667093046910e+02
  -1.88468831308172468653e+02
  -1.87902911546208741811e+02
  -1.87281633551914012514e+02
  -1.86728309986280180510e+02
  -1.86092483313959633051e+02
  -1.85524269078794873167e+02
  -1.84894017563238008961e+02
  -1.84330283737837561375e+02
  -1.83686182049755188928e+02
  -1.83108146466271648478e+02
  -1.82469271589468121419e+02
  -1.81895371919781666747e+02
  -1.81238294973613619732e+02
  -1.80646162347431413764e+02
  -1.79989502311428850589e+02
  -1.79397263220135471329e+02
  -1.78732896103351180273e+02
  -1.78131963804050485578e+02
  -1.77454267515909805297e+02
  -1.76839902850212496332e+02
  -1.76153418070614463886e+02
  -1.75529726112470001453e+02
  -1.74829592374655476306e+02
  -1.74191411538781210311e+02
  -1.73483089038296384388e+02
  -1.72835537872576878726e+02
  -1.72113725773299279354e+02
  -1.71450988068279343679e+02
  -1.70715662893119429100e+02
  -1.70037510707470971738e+02
  -1.69294003572760573206e+02
  -1.68603901105434147212e+02
  -1.67851549012775763003e+02
  -1.67147599434072560598e+02
  -1.66396882951593624966e+02
  -1.65686739458553773829e+02
  -1.64942987721929085865e+02
  -1.64229109470781651225e+02
  -1.63502725368696644637e+02
  -1.62791954059566108981e+02
  -1.62108915235125664367e+02
  -1.61423323344197513052e+02
  -1.60807371513571951027e+02
  -1.60166862229008899021e+02
  -1.59586240722549035809e+02
  -1.59065303606977352047e+02
  -1.58605381914569505852e+02
  -1.58199865160226210037e+02
  -1.57858288404389242032e+02
  -1.57583228039220529126e+02
  -1.57375391027551160050e+02
  -1.57235215639682792244e+02
  -1.57144467269394255027e+02
  -1.57108922579378827322e+02
  -1.57120390447858767402e+02
  -1.57167383114369357600e+02
  -1.57245920531644060247e+02
  -1.57348389714358347646e+02
  -1.57472467064452985142e+02
  -1.57609125906703951614e+02
  -1.57765694490445838483e+02
  -1.57934113507475331062e+02
  -1.58111862544189904156e+02
  -1.58290371420610910036e+02
  -1.58478006401232192957e+02
  -1.58665671067642762182e+02
  -1.58862225481292171025e+02
  -1.59061265859148818436e+02
  -1.59260730349940217820e+02
  -1.59469301231989931011e+02
  -1.59671867786266290068e+02
  -1.59883176095149366347e+02
  -1.60097876050925975733e+02
  -1.60322635524581784239e+02
  -1.60541905677123253326e+02
  -1.60770827189550686853e+02
  -1.60993057713062967196e+02
  -1.61223842411183369450e+02
  -1.61458591978691174518e+02
  -1.61686944930009588006e+02
  -1.61924340299703032997e+02
  -1.62165657085665515069e+02
  -1.62409396153057599577e+02
  -1.62655628618214109338e+02
  -1.62912820202940878289e+02
  -1.63165984336655924380e+02
  -1.63419856060334723225e+02
  -1.63684955014814136121e+02
  -1.63946548912478391458e+02
  -1.64218288164935898976e+02
  -1.64486698120240049548e+02
  -1.64765525280302313149e+02
  -1.65050050915789341843e+02
  -1.65330571133082315782e+02
  -1.65622205476055796680e+02
  -1.65920296356436836049e+02
  -1.66223684478726852376e+02
  -1.66532628670847088870e+02
  -1.66855631449735767546e+02
  -1.67178486088826332434e+02
  -1.67506230510332471795e+02
  -1.67841091707270635425e+02
  -1.68191771797220098961e+02
  -1.68544290773998312716e+02
  -1.68912057684237652211e+02
  -1.69282914168429613255e+02
  -1.69670804206115349189e+02
  -1.70063383278896196771e+02
  -1.70474160561502458222e+02
  -1.70891452740340668015e+02
  -1.71328918017850980959e+02
  -1.71775338827027269417e+02
  -1.72236285215973737195e+02
  -1.72723346289827532019e+02
  -1.73223815988660049925e+02
  -1.73744377903522718043e+02
  -1.74288506571558002634e+02
  -1.74859187892003660636e+02
  -1.75459656577705260361e+02
  -1.76102054437478670934e+02
  -1.76776680736570256158e+02
  -1.77485008506584335919e+02
  -1.78249836038895125512e+02
  -1.79075102448218615336e+02
  -1.79969625245515658207e+02
  -1.80946865076957578822e+02
  -1.82024255943658175738e+02
  -1.83224852727076950032e+02
  -1.84579073008637067232e+02
  -1.86120519181284834076e+02
  -1.87915768220785082576e+02
  -1.90011427893552735213e+02
  -1.92371321217498262968e+02
  -1.94529075183530324011e+02
  -1.95117646201524308935e+02
  -1.93588104160399581133e+02
  -1.91342949168606850208e+02
  -1.89247118946397733907e+02
  -1.87463744201459007854e+02
  -1.85946755258702722813e+02
  -1.84652555347948691633e+02
  -1.83530766936750609375e+02
  -1.82544005886077087553e+02
  -1.81666218724707960064e+02
  -1.80877700369915771716e+02
  -1.80163633719534686861e+02
  -1.79510054643891180604e+02
  -1.78907315250662122708e+02
  -1.78356437741793399709e+02
  -1.77838474338669271901e+02
  -1.77359998870499566692e+02
  -1.76906410812571238012e+02
  -1.76485274843453112226e+02
  -1.76082843721471789422e+02
  -1.75707780259355331509e+02
  -1.75354938482946465683e+02
  -1.75020396220319639724e+02
  -1.74702595845025939525e+02
  -1.74400200301745542220e+02
  -1.74112177782459383479e+02
  -1.73837471139570368450e+02
  -1.73583048074424596052e+02
  -1.73342636013254605132e+02
  -1.73113205156366404935e+02
  -1.72901628495043837574e+02
  -1.72702114757119659316e+02
  -1.72511903032350659259e+02
  -1.72345487130897652150e+02
  -1.72191983070784971233e+02
  -1.72053588137731054530e+02
  -1.71932258713641232362e+02
  -1.71835166198586421160e+02
  -1.71756612366673380166e+02
  -1.71693665594666697416e+02
  -1.71653325351727005454e+02
  -1.71637435417404901727e+02
  -1.71646011255892148029e+02
  -1.71685749236231174564e+02
  -1.71743818570641224142e+02
  -1.71829497148180763588e+02
  -1.71940121575834012901e+02
  -1.72072949423371426292e+02
  -1.72227772659870197458e+02
  -1.72404419216303239182e+02
  -1.72602901911337170304e+02
  -1.72823156715302161501e+02
  -1.73064589893304116686e+02
  -1.73320329120477254037e+02
  -1.73587961380007385515e+02
  -1.73874758641952524840e+02
  -1.74169030691365492203e+02
  -1.74472676368658369483e+02
  -1.74789026807471600478e+02
  -1.75110013785420051136e+02
  -1.75438525566052845761e+02
  -1.75775099180401383592e+02
  -1.76107450930663304689e+02
  -1.76444218753193410976e+02
  -1.76782696516634445061e+02
  -1.77129720214769065478e+02
  -1.77470615221885736901e+02
  -1.77817480014264816646e+02
  -1.78154247426469964921e+02
  -1.78495498112277402925e+02
  -1.78833244537262942231e+02
  -1.79178975382309062070e+02
  -1.79511101903856399531e+02
  -1.79846480643173038061e+02
  -1.80174606523124509749e+02
  -1.80508806729684749826e+02
  -1.80835483108100106620e+02
  -1.81168232970360037370e+02
  -1.81486725350959432035e+02
  -1.81807689110851384839e+02
  -1.82121322645284323016e+02
  -1.82440466063824572984e+02
  -1.82747429611837958419e+02
  -1.83057395244089462949e+02
  -1.83356701111892846257e+02
  -1.83659271479696286633e+02
  -1.83951467254169784837e+02
  -1.84246579530482279097e+02
  -1.84534614109495350931e+02
  -1.84826986129981889917e+02
  -1.85112616480005016228e+02
  -1.85402350719819594360e+02
  -1.85666251438903259441e+02
  -1.85924796076578672910e+02
  -1.86194522777123978585e+02
  -1.86475820634150892374e+02
  -1.86769051528424370190e+02
  -1.87027480039761201169e+02
  -1.87275722720840917646e+02
  -1.87534328340621925690e+02
  -1.87803685663806390949e+02
  -1.88084173337184381580e+02
  -1.88331078651638136989e+02
  -1.88567309385972635027e+02
  -1.88813020936691231100e+02
  -1.89068514190634800798e+02
  -1.89334141895852212656e+02
  -1.89570708506766862911e+02
  -1.89797901069279049580e+02
  -1.90033784059521337895e+02
  -1.90278709112264834857e+02
  -1.90533054254484113699e+02
  -1.90758638977562611672e+02
  -1.90974097010535814434e+02
  -1.91197351861429865494e+02
  -1.91428694037418097196e+02
  -1.91668418914280891840e+02
  -1.91884037417280950422e+02
  -1.92091213923803138641e+02
  -1.92305577436418445814e+02
  -1.92527391553058180307e+02
  -1.92756925713791531507e+02
  -1.92963748835325219488e+02
  -1.93162195117973226388e+02
  -1.93367270804795310823e+02
  -1.93579241594847587749e+02
  -1.93798321559081784926e+02
  -1.93996253921003699361e+02
  -1.94186016957031711172e+02
  -1.94381845555716211038e+02
  -1.94583952353460460927e+02
  -1.94792556498022548794e+02
  -1.94983989768310891577e+02
  -1.95168888839094790910e+02
  -1.95359475024873688653e+02
  -1.95555943647714826739e+02
  -1.95758496219282420725e+02
  -1.95941076948183365403e+02
  -1.96115044478901324965e+02
  -1.96294084737286937070e+02
  -1.96478366207051578840e+02
  -1.96668054181110107947e+02
  -1.96844909452482824008e+02
  -1.97016807819967453952e+02
  -1.97193621274322339332e+02
  -1.97375513482635795981e+02
  -1.97562654158490431655e+02
  -1.97732912360003581398e+02
  -1.97895420786227447252e+02
  -1.98062320420121380948e+02
  -1.98233747151917071960e+02
  -1.98409841436559929662e+02
  -1.98574388918192312303e+02
  -1.98733955401459013501e+02
  -1.98897674184002852371e+02
  -1.99065649681522813808e+02
  -1.99238026975496040905e+02
  -1.99396433689180582860e+02
  -1.99548047025646695829e+02
  -1.99703391093831669423e+02
  -1.99862569035224709069e+02
  -2.00025686877800524144e+02
  -2.00175839744184855817e+02
  -2.00319475664770578760e+02
  -2.00466530668711641283e+02
  -2.00617105185356422226e+02
  -2.00771294193446124154e+02
  -2.00916578411175208885e+02
  -2.01057647107627929017e+02
  -2.01202030698069677328e+02
  -2.01349821081979484916e+02
  -2.01501071488180855340e+02
  -2.01645243670132970237e+02
  -2.01786066467421250081e+02
  -2.01930009149482685871e+02
  -2.02077150344974313612e+02
  -2.02227570653417416224e+02
  -2.02366390763681096132e+02
  -2.02498744006934117579e+02
  -2.02633885781353512812e+02
  -2.02771863624546455185e+02
  -2.02912789238324307917e+02
  -2.03043722907264765354e+02
  -2.03168990914489938859e+02
  -2.03296840089948148034e+02
  -2.03427330479669450369e+02
  -2.03560523644408021937e+02
  -2.03686772067928473007e+02
  -2.03809149503723290309e+02
  -2.03933976538914066623e+02
  -2.04061317769224729091e+02
  -2.04191231099589714404e+02
  -2.04315379639596017114e+02
  -2.04436257289625245903e+02
  -2.04559401915126244376e+02
  -2.04684861759847024132e+02
  -2.04812684900426233980e+02
  -2.04931986318444756989e+02
  -2.05045966246382135978e+02
  -2.05161990291325196267e+02
  -2.05280099844291299860e+02
  -2.05400337232379058605e+02
  -2.05516446419986095862e+02
  -2.05630279329469232152e+02
  -2.05746214047955533033e+02
  -2.05864296252327221737e+02
  -2.05984576013902767500e+02
  -2.06096963938445696840e+02
  -2.06204102015313566199e+02
  -2.06313099080973017863e+02
  -2.06423990013793115850e+02
  -2.06536810345226314212e+02
  -2.06643128193828317762e+02
  -2.06745007176339697708e+02
  -2.06848508092236841094e+02
  -2.06953672475354835569e+02
  -2.07060510388378276048e+02
  -2.07163684669580334230e+02
  -2.07264484660017160422e+02
  -2.07366851750347962025e+02
  -2.07470811292094737155e+02
  -2.07576388944411718285e+02
  -2.07678725616642225305e+02
  -2.07778920932177982195e+02
  -2.07880655820113418031e+02
  -2.07983943619876725961e+02
  -2.08088805734909982448e+02
  -2.08184733035298336290e+02
  -2.08273881635735875761e+02
  -2.08364275929653530284e+02
  -2.08455933546627846908e+02
  -2.08548872330102597061e+02
  -2.08638161677797540960e+02
  -2.08724975166215045874e+02
  -2.08813244853806196488e+02
  -2.08902981618718683876e+02
  -2.08994209334457252680e+02
  -2.09077929126331355292e+02
  -2.09155717041315710958e+02
  -2.09234738415757419716e+02
  -2.09315011764816716777e+02
  -2.09396555919769411958e+02
  -2.09482710020419972352e+02
  -2.09572734480347605768e+02
  -2.09663884680079775080e+02
  -2.09756167081281120090e+02
  -2.09849593943262789253e+02
  -2.09940292053444807152e+02
  -2.10028850846991616663e+02
  -2.10118498355331780658e+02
  -2.10209247060330142176e+02
  -2.10301109446767924283e+02
  -2.10385544885520175740e+02
  -2.10463684764518632164e+02
  -2.10542755389811333089e+02
  -2.10622762997263038187e+02
  -2.10703717441975527436e+02
  -2.10785272579721549846e+02
  -2.10867559988772086399e+02
  -2.10950926766574866633e+02
  -2.11035390180624176537e+02
  -2.11120967911545420748e+02
  -2.11199874962499620779e+02
  -2.11272711740746075293e+02
  -2.11346290885152683359e+02
  -2.11420612059220047740e+02
  -2.11495678321440465197e+02
  -2.11572718968377728288e+02
  -2.11651730329813346998e+02
  -2.11731648671218749769e+02
  -2.11812483647478075000e+02
  -2.11894244905276764257e+02
  -2.11969925510986172412e+02
  -2.12039921624205874195e+02
  -2.12110654481936990123e+02
  -2.12182126069340824870e+02
  -2.12254342829896870626e+02
  -2.12329563499906981860e+02
  -2.12407731479015978948e+02
  -2.12486761767897434083e+02
  -2.12566663321625838989e+02
  -2.12647445079534207935e+02
  -2.12718888187609366014e+02
  -2.12781206801471370227e+02
  -2.12844144698340301147e+02
  -2.12907705957752853010e+02
  -2.12971893332893699835e+02
  -2.13042148126978702294e+02
  -2.13118542675210505877e+02
  -2.13195830295233122342e+02
  -2.13274023003950901511e+02
  -2.13353133023475692198e+02
  -2.13426003695977783536e+02
  -2.13492440956031373389e+02
  -2.13559533550387584455e+02
  -2.13627289862209806870e+02
  -2.13695715496715052950e+02
  -2.13762441365336457011e+02
  -2.13827341195687921527e+02
  -2.13892806707290105805e+02
  -2.13958840926657558157e+02
  -2.14025446781633718274e+02
  -2.14087258945922371822e+02
  -2.14144039212021482399e+02
  -2.14201356650321798725e+02
  -2.14259215523790885527e+02
  -2.14317621215438578020e+02
  -2.14376577520995510895e+02
  -2.14436088178145951133e+02
  -2.14496157523025601677e+02
  -2.14556789900306654317e+02
  -2.14617989658568944833e+02
  -2.14679599900643324872e+02
  -2.14741578885814760724e+02
  -2.14804092844953856911e+02
  -2.14867145009403088807e+02
  -2.14930738554378166327e+02
  -2.14994876975517229312e+02
  -2.15059563664216312873e+02
  -2.15124800839033696320e+02
  -2.15190591363243299838e+02
  -2.15256937997069996982e+02
  -2.15318068912750561594e+02
  -2.15373176115622300131e+02
  -2.15428730949141538531e+02
  -2.15484736314463191320e+02
  -2.15541195107492342231e+02
  -2.15598110215562115854e+02
  -2.15655484513854105444e+02
  -2.15713321443750515982e+02
  -2.15771623426198829065e+02
  -2.15830393117167346873e+02
  -2.15886217530030506850e+02
  -2.15938453239690545615e+02
  -2.15991083060181836117e+02
  -2.16044109341404293900e+02
  -2.16097534428461699463e+02
  -2.16151360659176930312e+02
  -2.16205590361402812505e+02
  -2.16260225850213572585e+02
  -2.16315269424863430459e+02
  -2.16370723809365159696e+02
  -2.16427268393356513343e+02
  -2.16485081087035894143e+02
  -2.16543347766719193714e+02
  -2.16602070855978467989e+02
  -2.16661252733344724675e+02
  -2.16720895726743236764e+02
  -2.16781002107612181362e+02
  -2.16841574084581679926e+02
  -2.16902613796789893286e+02
  -2.16964123306749456788e+02
  -2.17024071627484175906e+02
  -2.17081875769549753841e+02
  -2.17140106632126361319e+02
  -2.17198766235171348171e+02
  -2.17257856570838100652e+02
  -2.17317379570578680159e+02
  -2.17377337099093438155e+02
  -2.17437730947896568523e+02
  -2.17498562828496801558e+02
  -2.17559834365184229910e+02
  -2.17615695285837205120e+02
  -2.17664180151254811335e+02
  -2.17713004429676743712e+02
  -2.17762170342510501087e+02
  -2.17811680028591638347e+02
  -2.17861535591944573298e+02
  -2.17911739199136064826e+02
  -2.17962293020733795856e+02
  -2.18013199229869798046e+02
  -2.18064460000665718553e+02
  -2.18115228705223273664e+02
  -2.18165169835846768365e+02
  -2.18215448568916343675e+02
  -2.18266066493873609033e+02
  -2.18317025181401731970e+02
  -2.18368326181098780125e+02
  -2.18419971058769704086e+02
  -2.18471961280542785744e+02
  -2.18524298315588481501e+02
  -2.18576983602907148452e+02
  -2.18630053857348116253e+02
  -2.18683551260795610460e+02
  -2.18737438134080576901e+02
  -2.18791717174802215595e+02
  -2.18846391082873253708e+02
  -2.18901462558384650947e+02
  -2.18956934299381458686e+02
  -2.19012808999444587243e+02
  -2.19069089343618031762e+02
  -2.19125777992555015317e+02
  -2.19176746302014066714e+02
  -2.19218800892534801505e+02
  -2.19261061457009162723e+02
  -2.19303527813037788974e+02
  -2.19346199738964315884e+02
  -2.19389076972018955303e+02
  -2.19432159206397329854e+02
  -2.19475446091268651116e+02
  -2.19518937228711791931e+02
  -2.19562632171576126439e+02
  -2.19606754631475610040e+02
  -2.19651482327877715761e+02
  -2.19696488907879938779e+02
  -2.19741775625901823332e+02
  -2.19787343679057812551e+02
  -2.19833194243370655840e+02
  -2.19879328477986774715e+02
  -2.19925747523476758261e+02
  -2.19972452500094391326e+02
  -2.20019444505888429831e+02
  -2.20067468570794886773e+02
  -2.20117014385003358257e+02
  -2.20166881458091040713e+02
  -2.20217072143544072560e+02
  -2.20267588814393064922e+02
  -2.20318433824967172541e+02
  -2.20369609579281473088e+02
  -2.20421118554203246731e+02
  -2.20472963195684059201e+02
  -2.20525145966315847090e+02
  -2.20577995423330207814e+02
  -2.20631771325614664647e+02
  -2.20685936263139012681e+02
  -2.20740494171365668308e+02
  -2.20795449045423595180e+02
  -2.20850804940788549402e+02
  -2.20906565973960425708e+02
  -2.20962736323122555859e+02
  -2.21019320228781708693e+02
  -2.21076321927228264030e+02
  -2.21132173294260184093e+02
  -2.21185603277350537610e+02
  -2.21239378893587144148e+02
  -2.21293502076438585391e+02
  -2.21347974738620536073e+02
  -2.21402798769435634085e+02
  -2.21457976031937789685e+02
  -2.21513508359917182133e+02
  -2.21569397554731921218e+02
  -2.21625645381939904155e+02
  -2.21678706097114002205e+02
  -2.21725495619717065665e+02
  -2.21772567188438699759e+02
  -2.21819922550611778433e+02
  -2.21867563560552582658e+02
  -2.21915492090166935668e+02
  -2.21963709979830554175e+02
  -2.22012219077087138430e+02
  -2.22061021235915376337e+02
  -2.22110118315975995529e+02
  -2.22159545603833549876e+02
  -2.22209292787466097252e+02
  -2.22259273564963962144e+02
  -2.22309487215162533857e+02
  -2.22359932925618352328e+02
  -2.22410609788319248992e+02
  -2.22461516795233507082e+02
  -2.22512652804027595721e+02
  -2.22564016542776698770e+02
  -2.22615606756236246611e+02
  -2.22663401929932319945e+02
  -2.22703255522740050765e+02
  -2.22743310034455276991e+02
  -2.22783566490588810893e+02
  -2.22824025920130168288e+02
  -2.22864689355255052305e+02
  -2.22905557830977471667e+02
  -2.22946632384838324015e+02
  -2.22987914056508913063e+02
  -2.23029403887425559105e+02
  -2.23074523326397979872e+02
  -2.23127177612198522638e+02
  -2.23180144640224654040e+02
  -2.23233425615205504755e+02
  -2.23287021720919540257e+02
  -2.23340934046216261777e+02
  -2.23395163626754111874e+02
  -2.23449711441160587810e+02
  -2.23504578406985046968e+02
  -2.23559765376454265606e+02
  -2.23615340345533155642e+02
  -2.23671432868283119433e+02
  -2.23727921870373563706e+02
  -2.23784812088558282994e+02
  -2.23842108349386307964e+02
  -2.23899815571261967762e+02
  -2.23957938766575296086e+02
  -2.24016482980862576824e+02
  -2.24075453439973841796e+02
  -2.24134855496963297128e+02
  -2.24190752524833328607e+02
  -2.24237733101251137668e+02
  -2.24284888463738667497e+02
  -2.24332216746154699649e+02
  -2.24379715969514023755e+02
  -2.24427384037674357842e+02
  -2.24475218732915465125e+02
  -2.24523217711347200520e+02
  -2.24571378498238090060e+02
  -2.24619698483129809574e+02
  -2.24670967676634319332e+02
  -2.24729405193014542874e+02
  -2.24788289506788629524e+02
  -2.24847626142836247709e+02
  -2.24907420860790097095e+02
  -2.24967679452704231835e+02
  -2.25028407822678843786e+02
  -2.25089611989464259523e+02
  -2.25151298089092051669e+02
  -2.25213472377555149251e+02
  -2.25270183802306632970e+02
  -2.25311917934304545952e+02
  -2.25353874011791901921e+02
  -2.25396053789045595295e+02
  -2.25438459042284620182e+02
  -2.25481091569921659357e+02
  -2.25523953192815383773e+02
  -2.25567045754520137280e+02
  -2.25610371066055364508e+02
  -2.25653931033070193735e+02
  -2.25697645347388458958e+02
  -2.25741349577043308727e+02
  -2.25785251228817315905e+02
  -2.25829350490077047198e+02
  -2.25873647514851228379e+02
  -2.25918142422210962650e+02
  -2.25962835294571647182e+02
  -2.26007726175922130096e+02
  -2.26052815069989208041e+02
  -2.26098101938371826236e+02
  -2.26148628994036812401e+02
  -2.26213894259312439772e+02
  -2.26279694123287072216e+02
  -2.26346036267592751301e+02
  -2.26412928493700491117e+02
  -2.26480378842256811822e+02
  -2.26548395562919381518e+02
  -2.26616987051094014305e+02
  -2.26686161893553304481e+02
  -2.26755928873955440395e+02
  -2.26822150108397238455e+02
  -2.26876212614412224866e+02
  -2.26930329282697528015e+02
  -2.26984491080182237965e+02
  -2.27038688593025170803e+02
  -2.27092912015662051317e+02
  -2.27147151139782266682e+02
  -2.27201395343272906757e+02
  -2.27255633579171529846e+02
  -2.27309854364664971627e+02
  -2.27367315673476980464e+02
  -2.27435460016658595350e+02
  -2.27504184734628779552e+02
  -2.27573498698598712053e+02
  -2.27643410989637175135e+02
  -2.27713930905026472828e+02
  -2.27785067964895631576e+02
  -2.27856831919167063916e+02
  -2.27929232754655913595e+02
  -2.28002280702550649494e+02
  -2.28072644023378671818e+02
  -2.28132348899313342372e+02
  -2.28192481632515239198e+02
  -2.28253047769388160759e+02
  -2.28314052965397365824e+02
  -2.28375502987799421817e+02
  -2.28437403718379869133e+02
  -2.28499761119488738359e+02
  -2.28562581305493267791e+02
  -2.28625870561474812348e+02
  -2.28693651909747728723e+02
  -2.28776349153553695714e+02
  -2.28859888042592160673e+02
  -2.28944284590444311789e+02
  -2.29029555273609986443e+02
  -2.29115717048981593962e+02
  -2.29202787372258256937e+02
  -2.29290784217144079093e+02
  -2.29379726095453747803e+02
  -2.29469632078256580598e+02
  -2.29559675048729445734e+02
  -2.29647482529022624931e+02
  -2.29736216712773227755e+02
  -2.29825896014970112446e+02
  -2.29916539372801594254e+02
  -2.30008166301983834501e+02
  -2.30100796974798583960e+02
  -2.30194452133422117868e+02
  -2.30289153160085476202e+02
  -2.30384922102506948249e+02
  -2.30475427321067229514e+02
  -2.30541239374541532925e+02
  -2.30607471527751727081e+02
  -2.30674126581246781598e+02
  -2.30741207284778056419e+02
  -2.30808716331372380637e+02
  -2.30876656351087348185e+02
  -2.30945029904277419064e+02
  -2.31013839474395155094e+02
  -2.31083087460457335283e+02
  -2.31161427952767979832e+02
  -2.31277695389533420212e+02
  -2.31395519152300039423e+02
  -2.31514938683133067343e+02
  -2.31635994808546428203e+02
  -2.31758729842675819555e+02
  -2.31883187660793510076e+02
  -2.32009413769236260805e+02
  -2.32137455378566386344e+02
  -2.32267361479976727878e+02
  -2.32374888936470313183e+02
  -2.32372673537530147314e+02
  -2.32370452507140356602e+02
  -2.32368225807941968242e+02
  -2.32365993402932701883e+02
  -2.32363755255454265125e+02
  -2.32361511329200766340e+02
  -2.32359261588243896313e+02
  -2.32357005996974578466e+02
  -2.32354744517561982775e+02
  -2.32370112338117905892e+02
  -2.32472136480840788408e+02
  -2.32575305816896445776e+02
  -2.32679642401659236839e+02
  -2.32785168797401752272e+02
  -2.32891908078733024468e+02
  -2.32999883837043483936e+02
  -2.33109120183672246185e+02
  -2.33219641751534197738e+02
  -2.33331473694983628775e+02
  -2.33447924758596883521e+02
  -2.33583041942005735336e+02
  -2.33719683330295424639e+02
  -2.33857849949619378549e+02
  -2.33997539598278791573e+02
  -2.34138746407764386959e+02
  -2.34281460354425803416e+02
  -2.34425666717118161841e+02
  -2.34571345431986856056e+02
  -2.34718470546980938707e+02
  -2.34851547171327894148e+02
  -2.34897211914718639036e+02
  -2.34942007160518471665e+02
  -2.34985900011504185159e+02
  -2.35028857413520483988e+02
  -2.35070846213030051786e+02
  -2.35111833218007035384e+02
  -2.35151785262145125444e+02
  -2.35190669271979061250e+02
  -2.35228452337108137726e+02
  -2.35274496543655232017e+02
  -2.35378277737226682120e+02
  -2.35483101248978471176e+02
  -2.35588978519334119710e+02
  -2.35695920653754683372e+02
  -2.35803938360875548597e+02
  -2.35913041876689419496e+02
  -2.36023240867702952528e+02
  -2.36134544453686288534e+02
  -2.36246960993827258335e+02
  -2.36365856307594810914e+02
  -2.36522615596952078931e+02
  -2.36682197805157613857e+02
  -2.36844702500293294634e+02
  -2.37010234422296292678e+02
  -2.37178903829107980528e+02
  -2.37350826870305695593e+02
  -2.37526125990284384670e+02
  -2.37704930363595366316e+02
  -2.37887376365098191400e+02
  -2.38066601081650873084e+02
  -2.38196061149819570346e+02
  -2.38325157876118510103e+02
  -2.38453734218192749950e+02
  -2.38581620067861564394e+02
  -2.38708631708508221436e+02
  -2.38834571313544444138e+02
  -2.38959226674878152608e+02
  -2.39082370811480359407e+02
  -2.39203761877654443424e+02
  -2.39320790688963256798e+02
  -2.39417988441322165727e+02
  -2.39515434180875644188e+02
  -2.39613092569934138965e+02
  -2.39710925478281069445e+02
  -2.39808891830575106496e+02
  -2.39906947450349036899e+02
  -2.40005044901144515279e+02
  -2.40103133325868355996e+02
  -2.40201158285257434954e+02
  -2.40317654325273792892e+02
  -2.40606170260210774359e+02
  -2.40904050367907245800e+02
  -2.41211867415604444886e+02
  -2.41530241404329842680e+02
  -2.41859843449524760217e+02
  -2.42201399714009994568e+02
  -2.42555695001651628218e+02
  -2.42923575728801779405e+02
  -2.43305951733112124202e+02
  -2.43666952506995954764e+02
  -2.43661227764652210226e+02
  -2.43651955848235616031e+02
  -2.43639156941738519890e+02
  -2.43622859720003901884e+02
  -2.43603101117392952801e+02
  -2.43579926033546485087e+02
  -2.43553386980701390030e+02
  -2.43523543678412892177e+02
  -2.43490462602243610490e+02
  -2.43482311684957949183e+02
  -2.43798322117492006100e+02
  -2.44119197508781411443e+02
  -2.44444175248786564225e+02
  -2.44772238447559402630e+02
  -2.45102061191297423193e+02
  -2.45431947529738124558e+02
  -2.45759766321027541380e+02
  -2.46082886579857301967e+02
  -2.46398120866001050899e+02
  -2.46683103252017531304e+02
  -2.46713825318864337532e+02
  -2.46742789710602664854e+02
  -2.46769957413855649975e+02
  -2.46795291130037554694e+02
  -2.46818755426096288375e+02
  -2.46840316881087630918e+02
  -2.46859944227759314117e+02
  -2.46877608487908304369e+02
  -2.46893283100180696010e+02
  -2.46917818145522716122e+02
  -2.47110100950371986528e+02
  -2.47299048398749931721e+02
  -2.47483804951810157036e+02
  -2.47663434806926574083e+02
  -2.47836924662317187540e+02
  -2.48003189689580665345e+02
  -2.48161083293330705146e+02
  -2.48309411075871310004e+02
  -2.48446949474066684616e+02
  -2.48572671948777156103e+02
  -2.48687192466431895355e+02
  -2.48783651433850366175e+02
  -2.48860741078368448598e+02
  -2.48917362438107033995e+02
  -2.48952674051417631063e+02
  -2.48966131479860337095e+02
  -2.48957513913105714209e+02
  -2.48926935190027734279e+02
  -2.48874838098519717278e+02
  -2.48794354605737851216e+02
  -2.48524538551901088113e+02
  -2.48260419034490666945e+02
  -2.48001934031796650970e+02
  -2.47748996126183271826e+02
  -2.47501498915538093115e+02
  -2.47259322137370219252e+02
  -2.47022335798723361222e+02
  -2.46790403427275037984e+02
  -2.46563384633327615347e+02
  -2.46338894223681791118e+02
  -2.46044100880216035421e+02
  -2.45749931735214829587e+02
  -2.45457480454427354744e+02
  -2.45167621731824965536e+02
  -2.44881044349498267820e+02
  -2.44598280972033279568e+02
  -2.44319734371669767370e+02
  -2.44045700108603512035e+02
  -2.43776385884170423424e+02
  -2.43520676533097997662e+02
  -2.43694187729277558674e+02
  -2.43864447734126230216e+02
  -2.44030763654385538075e+02
  -2.44192387172121101457e+02
  -2.44348517337019075057e+02
  -2.44498305398474570893e+02
  -2.44640861974044270255e+02
  -2.44775266814203689592e+02
  -2.44900581315939348315e+02
  -2.45013811376018281862e+02
  -2.44907700851942678355e+02
  -2.44780762084452021554e+02
  -2.44634829259045176286e+02
  -2.44471862881105039378e+02
  -2.44293876692128321793e+02
  -2.44102873781859301516e+02
  -2.43900794374594681813e+02
  -2.43689476141576619739e+02
  -2.43470626609405059071e+02
  -2.43245806368102307715e+02
</dep>
<dep dBS33 frequency>
  -3.94021497447062356278e-07
  -1.01848199714018963362e-07
  -4.80176748829617047954e-08
  -2.70677521020986432124e-08
  -1.59086365717651496640e-08
  -9.30101894620962214818e-09
  -5.42207438670931131342e-09
  -3.19710524694596281149e-09
  -1.92777932419480246451e-09
  -1.19627667008437488549e-09
  -7.65388638925721949138e-10
  -5.04721281403586538302e-10
  -3.42716195661761331778e-10
  -2.38591973126235020435e-10
  -1.69841210722552183802e-10
  -1.23381359873646198143e-10
  -9.12591297982291470671e-11
  -6.86692767300691846592e-11
  -5.24348238304182481984e-11
  -4.05682921906197119313e-11
  -3.25581060896273981279e-11
  -2.64110006540417305082e-11
  -2.16235969463114650573e-11
  -1.78660949728695001077e-11
  -1.48733046804100890880e-11
  -1.24682719788186228260e-11
  -1.05179196777094396823e-11
  -8.92870801282606132170e-12
  -7.62300862311042490126e-12
  -6.54199753310242673685e-12
  -5.67506714066980248898e-12
  -4.94603557595462586672e-12
  -4.32741950616003206253e-12
  -3.79896805448833653265e-12
  -3.35007361880741105081e-12
  -2.96241397725270842848e-12
  -2.62923883755833314457e-12
  -2.34138708879201200871e-12
  -2.09017978375475253428e-12
  -1.87031312138050292699e-12
  -1.67985844673615107515e-12
  -1.51351195875564801176e-12
  -1.37127365743899070759e-12
  -1.24012512198770416519e-12
  -1.12488798973455503224e-12
  -1.02363360574643483213e-12
  -9.31540332690575301585e-13
  -8.51983316699912690093e-13
  -7.76283610575465517207e-13
  -7.12155834049660924093e-13
  -6.51885367390070961790e-13
  -5.98365192996355921834e-13
  -5.46773673535748146796e-13
  -5.05789756207228612251e-13
  -4.66734493811816039703e-13
  -4.30572213816063960637e-13
  -4.00195898619632565611e-13
  -3.69819583423201372534e-13
  -3.42336250626430420503e-13
  -3.19192391429149754311e-13
  -2.93155549832209250969e-13
  -2.72904673034588775336e-13
  -2.57475433569735250310e-13
  -2.39635375438498451928e-13
  -2.23723972240368363108e-13
  -2.05401750375855000933e-13
  -1.95758475710321705564e-13
  -1.77918417579085109131e-13
  -1.67310815446998534712e-13
  -1.57667540781465289830e-13
  -1.49470757315762064497e-13
  -1.38380991450398901040e-13
  -1.30666371717972365719e-13
  -1.22951751985545830398e-13
  -1.16201459719672624614e-13
  -1.08969003720522804548e-13
  -1.02700875187926288776e-13
  -9.40219279889464996487e-14
  -8.96824543894566303285e-14
  -8.63073082565200653018e-14
  -8.14856709237535312132e-14
  -7.61818698577103449779e-14
  -7.03959050583905318395e-14
  -6.50921039923473708478e-14
  -6.36456127925174144078e-14
  -6.26812853259641227362e-14
  -6.02704666595808620028e-14
  -5.40023381269844156504e-14
  -4.91807007942179257380e-14
  -4.72520458611113297731e-14
  -4.38768997281747836790e-14
  -4.53233909280047338081e-14
  -4.14660810617915481891e-14
  -3.76087711955783562592e-14
  -3.56801162624717666052e-14
  -3.51979525291951207694e-14
  -3.32692975960885311153e-14
  -3.23049701295352394437e-14
  -2.89298239965987059714e-14
  -2.74833327967687684640e-14
  -2.65190053302154767924e-14
  -2.84476602633220601356e-14
  -2.26616954640023037952e-14
  -2.41081866638322444580e-14
  -2.26616954640023037952e-14
  -2.12152042641723694433e-14
  -2.16973679974490152790e-14
  -1.97687130643424287804e-14
  -2.07330405308957204520e-14
  -2.02508767976190746162e-14
  -1.83222218645124912730e-14
  -1.54292394648526225692e-14
  -1.73578943979592027569e-14
  -1.49470757315759767334e-14
  -1.54292394648526225692e-14
  -1.44649119982993308976e-14
  -1.30184207984693933902e-14
  -1.20540933319161064518e-14
  -1.68757306646825600766e-14
  -1.44649119982993308976e-14
  -1.44649119982993308976e-14
  -1.35005845317460408037e-14
  -1.35005845317460408037e-14
  -1.54292394648526225692e-14
  -1.30184207984693933902e-14
  -1.49470757315759767334e-14
  -1.35005845317460408037e-14
  -1.39827482650226850618e-14
  -1.30184207984693933902e-14
  -1.30184207984693933902e-14
  -1.30184207984693933902e-14
  -1.15719295986394590383e-14
  -1.06076021320861720999e-14
  -1.44649119982993308976e-14
  -1.25362570651927507099e-14
  -9.16111093225623932564e-15
  -9.16111093225623932564e-15
  -1.01254383988095262641e-14
  -9.64327466553288200599e-15
  -1.06076021320861720999e-14
  -8.67894719897959191212e-15
  -9.64327466553288200599e-15
  -1.15719295986394590383e-14
  -5.30380106604308210562e-15
  -1.01254383988095262641e-14
  -8.19678346570294923177e-15
  -8.19678346570294923177e-15
  -6.26812853259637062176e-15
  -1.01254383988095262641e-14
  -6.26812853259637062176e-15
  -7.23245599914965913791e-15
  -7.23245599914965913791e-15
  -6.26812853259637062176e-15
  -6.26812853259637062176e-15
  -7.23245599914965913791e-15
  -6.75029226587301409097e-15
  -5.30380106604308210562e-15
  -6.75029226587301409097e-15
  -6.75029226587301409097e-15
  -8.19678346570294923177e-15
  -9.16111093225623932564e-15
  -4.82163733276643784755e-15
  -5.78596479931972715255e-15
  -7.23245599914965913791e-15
  -5.78596479931972715255e-15
  -4.82163733276643784755e-15
  -1.01254383988095262641e-14
  -5.78596479931972715255e-15
  -8.19678346570294923177e-15
  -4.82163733276643784755e-15
  -4.82163733276643784755e-15
  -6.26812853259637062176e-15
  -3.85730986621315012027e-15
  -4.33947359948979437834e-15
  -4.82163733276643784755e-15
  -6.26812853259637062176e-15
  -8.19678346570294923177e-15
  -4.82163733276643784755e-15
  -5.78596479931972715255e-15
  -4.33947359948979437834e-15
  -3.37514613293650625663e-15
  -6.75029226587301409097e-15
  -3.37514613293650625663e-15
  -5.78596479931972715255e-15
  -7.23245599914965913791e-15
  -6.26812853259637062176e-15
  -4.82163733276643784755e-15
  -6.26812853259637062176e-15
  -3.85730986621315012027e-15
  -3.85730986621315012027e-15
  -3.37514613293650625663e-15
  -5.78596479931972715255e-15
  -6.26812853259637062176e-15
  -4.82163733276643784755e-15
  -4.33947359948979437834e-15
  -4.82163733276643784755e-15
  -3.85730986621315012027e-15
  -8.19678346570294923177e-15
  -1.92865493310657466570e-15
  -5.78596479931972715255e-15
  -4.33947359948979437834e-15
  -3.85730986621315012027e-15
  -6.26812853259637062176e-15
  -4.82163733276643784755e-15
  -6.75029226587301409097e-15
  -7.71461973242630339598e-15
  -6.26812853259637062176e-15
  -6.26812853259637062176e-15
  -4.82163733276643784755e-15
  -1.92865493310657466570e-15
  -3.37514613293650625663e-15
  -4.82163733276643784755e-15
  -4.82163733276643567818e-16
  -2.41081866638321813491e-15
  -6.26812853259637062176e-15
  -6.75029226587301409097e-15
  -3.37514613293650625663e-15
  -4.82163733276643784755e-15
  -4.33947359948979437834e-15
  -4.33947359948979437834e-15
  -3.37514613293650625663e-15
  -3.37514613293650625663e-15
  -5.78596479931972715255e-15
  -4.82163733276643784755e-15
  -5.30380106604308210562e-15
  -4.82163733276643784755e-15
  -4.33947359948979437834e-15
  -6.75029226587301409097e-15
  -4.33947359948979437834e-15
  -6.26812853259637062176e-15
  -3.37514613293650625663e-15
  -3.85730986621315012027e-15
  -2.89298239965986199855e-15
  -6.26812853259637062176e-15
  -6.26812853259637062176e-15
  -1.92865493310657466570e-15
  -3.37514613293650625663e-15
  -4.82163733276643784755e-15
  -2.41081866638321813491e-15
  -2.89298239965986199855e-15
  -4.33947359948979437834e-15
  -4.82163733276643784755e-15
  -6.75029226587301409097e-15
  -1.92865493310657466570e-15
  -4.82163733276643784755e-15
  -3.37514613293650625663e-15
  -5.78596479931972715255e-15
  -1.44649119982993080206e-15
  -3.85730986621315012027e-15
  -5.78596479931972715255e-15
  -3.85730986621315012027e-15
  -4.33947359948979437834e-15
  -5.78596479931972715255e-15
  -4.33947359948979437834e-15
  -5.30380106604308210562e-15
  -3.37514613293650625663e-15
  -2.41081866638321813491e-15
  -2.89298239965986199855e-15
  -4.82163733276643784755e-15
  -4.82163733276643784755e-15
  -4.82163733276643784755e-15
  -2.89298239965986199855e-15
  -5.78596479931972715255e-15
  -2.41081866638321813491e-15
  -3.85730986621315012027e-15
  -2.41081866638321813491e-15
  -1.92865493310657466570e-15
  -3.37514613293650625663e-15
  -5.30380106604308210562e-15
  -3.37514613293650625663e-15
  -3.37514613293650625663e-15
  -3.37514613293650625663e-15
  -3.37514613293650625663e-15
  -4.33947359948979437834e-15
  -1.92865493310657466570e-15
  -4.82163733276643784755e-15
  -3.37514613293650625663e-15
  -3.37514613293650625663e-15
  -9.64327466553287332852e-16
  -3.85730986621315012027e-15
  -2.41081866638321813491e-15
  -1.44649119982993080206e-15
  -3.85730986621315012027e-15
  -1.44649119982993080206e-15
  -4.33947359948979437834e-15
  +0.00000000000000000000e+00
  -2.89298239965986199855e-15
  -2.89298239965986199855e-15
  -5.30380106604308210562e-15
  -2.89298239965986199855e-15
  -3.85730986621315012027e-15
  -1.92865493310657466570e-15
  -1.44649119982993080206e-15
  -9.64327466553287332852e-16
  +9.64327466553286938421e-16
  -6.26812853259637062176e-15
  -4.82163733276643784755e-15
  -9.64327466553287332852e-16
  -3.37514613293650625663e-15
  -2.89298239965986199855e-15
  -3.37514613293650625663e-15
  -2.89298239965986199855e-15
  -3.85730986621315012027e-15
  -3.85730986621315012027e-15
  -4.33947359948979437834e-15
  -2.41081866638321813491e-15
  -3.37514613293650625663e-15
  -3.37514613293650625663e-15
  -9.64327466553287332852e-16
  -9.64327466553287332852e-16
  -3.85730986621315012027e-15
  -4.82163733276643567818e-16
  -1.44649119982993080206e-15
  -3.85730986621315012027e-15
  -3.37514613293650625663e-15
  -2.89298239965986199855e-15
  -1.44649119982993080206e-15
  -2.41081866638321813491e-15
  -2.89298239965986199855e-15
  -1.44649119982993080206e-15
  -2.41081866638321813491e-15
  -3.85730986621315012027e-15
  -3.37514613293650625663e-15
  -2.89298239965986199855e-15
  -1.92865493310657466570e-15
  -3.85730986621315012027e-15
  -9.64327466553287332852e-16
  -1.44649119982993080206e-15
  -2.41081866638321813491e-15
  -2.41081866638321813491e-15
  -4.82163733276643567818e-16
  -2.89298239965986199855e-15
  -4.82163733276643784755e-15
  -3.85730986621315012027e-15
  -4.33947359948979437834e-15
  -9.64327466553287332852e-16
  -1.92865493310657466570e-15
  -4.82163733276643784755e-15
  -2.41081866638321813491e-15
  -2.41081866638321813491e-15
  +0.00000000000000000000e+00
  -9.64327466553287332852e-16
  -9.64327466553287332852e-16
  -5.30380106604308210562e-15
  -2.89298239965986199855e-15
  -3.85730986621315012027e-15
  -2.41081866638321813491e-15
  -4.82163733276643784755e-15
  +0.00000000000000000000e+00
  +0.00000000000000000000e+00
  -4.33947359948979437834e-15
  -3.85730986621315012027e-15
  -9.64327466553287332852e-16
  -9.64327466553287332852e-16
  -4.33947359948979437834e-15
  -2.41081866638321813491e-15
  -1.44649119982993080206e-15
  -1.92865493310657466570e-15
  -2.41081866638321813491e-15
  +0.00000000000000000000e+00
  -2.89298239965986199855e-15
  -9.64327466553287332852e-16
  +0.00000000000000000000e+00
  -4.82163733276643784755e-15
  -9.64327466553287332852e-16
  -2.89298239965986199855e-15
  -3.37514613293650625663e-15
  -2.89298239965986199855e-15
  -1.44649119982993080206e-15
  -5.30380106604308210562e-15
  -1.44649119982993080206e-15
  -3.37514613293650625663e-15
  -1.92865493310657466570e-15
  -9.64327466553287332852e-16
  -1.44649119982993080206e-15
  -3.37514613293650625663e-15
  -9.64327466553287332852e-16
  -3.37514613293650625663e-15
  -3.85730986621315012027e-15
  -3.37514613293650625663e-15
  -1.44649119982993080206e-15
  -1.92865493310657466570e-15
  +0.00000000000000000000e+00
  -4.82163733276643567818e-16
  -2.41081866638321813491e-15
  -2.41081866638321813491e-15
  +0.00000000000000000000e+00
  -9.64327466553287332852e-16
  -4.82163733276643567818e-16
  -2.89298239965986199855e-15
  -4.82163733276643567818e-16
  -2.89298239965986199855e-15
  -1.44649119982993080206e-15
  +0.00000000000000000000e+00
  -3.37514613293650625663e-15
  -3.37514613293650625663e-15
  +0.00000000000000000000e+00
  -3.85730986621315012027e-15
  +0.00000000000000000000e+00
  +0.00000000000000000000e+00
  +0.00000000000000000000e+00
  -2.89298239965986199855e-15
  -3.37514613293650625663e-15
  -1.44649119982993080206e-15
  -3.37514613293650625663e-15
  -9.64327466553287332852e-16
  -1.92865493310657466570e-15
  -3.85730986621315012027e-15
  +9.64327466553286938421e-16
  -4.82163733276643567818e-16
  -1.44649119982993080206e-15
  -4.82163733276643567818e-16
  +9.64327466553286938421e-16
  -1.44649119982993080206e-15
  -9.64327466553287332852e-16
  -4.82163733276643567818e-16
  +9.64327466553286938421e-16
  +0.00000000000000000000e+00
  -2.89298239965986199855e-15
  -1.92865493310657466570e-15
  -2.89298239965986199855e-15
  -1.92865493310657466570e-15
  -1.92865493310657466570e-15
  -2.89298239965986199855e-15
  -1.92865493310657466570e-15
  -2.41081866638321813491e-15
  -9.64327466553287332852e-16
  +0.00000000000000000000e+00
  +0.00000000000000000000e+00
  -9.64327466553287332852e-16
  -2.41081866638321813491e-15
  +0.00000000000000000000e+00
  -1.92865493310657466570e-15
  -4.82163733276643567818e-16
  +1.92865493310657387684e-15
  +9.64327466553286938421e-16
  -9.64327466553287332852e-16
  +0.00000000000000000000e+00
  +0.00000000000000000000e+00
  -1.92865493310657466570e-15
  -3.37514613293650625663e-15
  -9.64327466553287332852e-16
  +2.89298239965986042083e-15
  -2.41081866638321813491e-15
  +9.64327466553286938421e-16
  -4.82163733276643567818e-16
  -9.64327466553287332852e-16
  -3.85730986621315012027e-15
  -9.64327466553287332852e-16
  +0.00000000000000000000e+00
  -3.37514613293650625663e-15
  +9.64327466553286938421e-16
  -4.82163733276643567818e-16
  -3.37514613293650625663e-15
  +0.00000000000000000000e+00
  -1.44649119982993080206e-15
  -4.82163733276643567818e-16
  -1.44649119982993080206e-15
  -3.37514613293650625663e-15
  -9.64327466553287332852e-16
  -2.41081866638321813491e-15
  -2.41081866638321813491e-15
  +0.00000000000000000000e+00
  +1.92865493310657387684e-15
  -2.89298239965986199855e-15
  -1.44649119982993080206e-15
  +0.00000000000000000000e+00
  -9.64327466553287332852e-16
  -4.82163733276643567818e-16
  +9.64327466553286938421e-16
  +0.00000000000000000000e+00
  +9.64327466553286938421e-16
  -4.82163733276643567818e-16
  -2.41081866638321813491e-15
  -9.64327466553287332852e-16
  +1.92865493310657387684e-15
  +1.92865493310657387684e-15
  -4.82163733276643567818e-16
  +0.00000000000000000000e+00
  -1.44649119982993080206e-15
  +9.64327466553286938421e-16
  -1.92865493310657466570e-15
  +1.92865493310657387684e-15
  +9.64327466553286938421e-16
  +0.00000000000000000000e+00
  -4.82163733276643567818e-16
  -3.37514613293650625663e-15
  -9.64327466553287332852e-16
  -2.41081866638321813491e-15
  +0.00000000000000000000e+00
  +0.00000000000000000000e+00
  +1.92865493310657387684e-15
  +0.00000000000000000000e+00
  -4.82163733276643567818e-16
  -1.92865493310657466570e-15
  -2.41081866638321813491e-15
  +0.00000000000000000000e+00
  -1.44649119982993080206e-15
  -4.82163733276643567818e-16
  +9.64327466553286938421e-16
  +0.00000000000000000000e+00
  -1.44649119982993080206e-15
  +9.64327466553286938421e-16
  -4.82163733276643567818e-16
  +2.89298239965986042083e-15
  +0.00000000000000000000e+00
  -4.82163733276643567818e-16
  +9.64327466553286938421e-16
  +1.92865493310657387684e-15
  +9.64327466553286938421e-16
  -1.44649119982993080206e-15
  +0.00000000000000000000e+00
  -4.82163733276643567818e-16
  -1.44649119982993080206e-15
  +9.64327466553286938421e-16
  +0.00000000000000000000e+00
  -2.41081866638321813491e-15
  +1.92865493310657387684e-15
  +9.64327466553286938421e-16
  -1.44649119982993080206e-15
  -4.82163733276643567818e-16
  +4.82163733276643311438e-15
  -2.41081866638321813491e-15
  +0.00000000000000000000e+00
  -2.41081866638321813491e-15
  +0.00000000000000000000e+00
  -4.82163733276643567818e-16
  -4.82163733276643567818e-16
  +9.64327466553286938421e-16
  +0.00000000000000000000e+00
  +1.92865493310657387684e-15
  +9.64327466553286938421e-16
  +0.00000000000000000000e+00
  -4.82163733276643567818e-16
  +2.89298239965986042083e-15
  +9.64327466553286938421e-16
  +0.00000000000000000000e+00
  -4.82163733276643567818e-16
  +0.00000000000000000000e+00
  -4.82163733276643567818e-16
  -1.44649119982993080206e-15
  +9.64327466553286938421e-16
  +0.00000000000000000000e+00
  +0.00000000000000000000e+00
  -4.82163733276643567818e-16
  +1.92865493310657387684e-15
  +3.85730986621314696482e-15
  +0.00000000000000000000e+00
  +3.85730986621314696482e-15
  -9.64327466553287332852e-16
  +9.64327466553286938421e-16
  -4.82163733276643567818e-16
  -1.92865493310657466570e-15
  +9.64327466553286938421e-16
  +2.89298239965986042083e-15
  -4.82163733276643567818e-16
  +1.92865493310657387684e-15
  +2.89298239965986042083e-15
  +0.00000000000000000000e+00
  +1.92865493310657387684e-15
  +0.00000000000000000000e+00
  -4.82163733276643567818e-16
  -9.64327466553287332852e-16
  +0.00000000000000000000e+00
  +9.64327466553286938421e-16
  -4.82163733276643567818e-16
  +0.00000000000000000000e+00
  +1.92865493310657387684e-15
  +1.92865493310657387684e-15
  +9.64327466553286938421e-16
  +9.64327466553286938421e-16
  +0.00000000000000000000e+00
  +1.92865493310657387684e-15
  +0.00000000000000000000e+00
  +2.89298239965986042083e-15
  +0.00000000000000000000e+00
  +9.64327466553286938421e-16
  +1.92865493310657387684e-15
  +9.64327466553286938421e-16
  -4.82163733276643567818e-16
  +9.64327466553286938421e-16
  +1.92865493310657387684e-15
  +9.64327466553286938421e-16
  +9.64327466553286938421e-16
  +9.64327466553286938421e-16
  +1.92865493310657387684e-15
  +0.00000000000000000000e+00
  +9.64327466553286938421e-16
  +9.64327466553286938421e-16
  +1.92865493310657387684e-15
  +0.00000000000000000000e+00
  +9.64327466553286938421e-16
  +9.64327466553286938421e-16
  +1.92865493310657387684e-15
  +0.00000000000000000000e+00
  -9.64327466553287332852e-16
  +9.64327466553286938421e-16
  +0.00000000000000000000e+00
  +0.00000000000000000000e+00
  -9.64327466553287332852e-16
  +2.89298239965986042083e-15
  +3.85730986621314696482e-15
  +1.92865493310657387684e-15
  +3.85730986621314696482e-15
  +9.64327466553286938421e-16
  +9.64327466553286938421e-16
  +2.89298239965986042083e-15
  +1.92865493310657387684e-15
  +1.92865493310657387684e-15
  +9.64327466553286938421e-16
  +3.85730986621314696482e-15
  +1.92865493310657387684e-15
  +2.89298239965986042083e-15
  +3.85730986621314696482e-15
  +2.89298239965986042083e-15
  +3.85730986621314696482e-15
  +1.92865493310657387684e-15
  +2.89298239965986042083e-15
  +1.92865493310657387684e-15
  +1.92865493310657387684e-15
  +1.92865493310657387684e-15
  +3.85730986621314696482e-15
  +0.00000000000000000000e+00
  -9.64327466553287332852e-16
  +9.64327466553286938421e-16
  +0.00000000000000000000e+00
  +0.00000000000000000000e+00
  +0.00000000000000000000e+00
  +0.00000000000000000000e+00
  +0.00000000000000000000e+00
  +3.85730986621314696482e-15
  +3.85730986621314696482e-15
  +3.85730986621314696482e-15
  +2.89298239965986042083e-15
  +3.85730986621314696482e-15
  +1.92865493310657387684e-15
  +2.89298239965986042083e-15
  +1.92865493310657387684e-15
  +1.92865493310657387684e-15
  +9.64327466553286938421e-16
  +2.89298239965986042083e-15
  +1.92865493310657387684e-15
  +2.89298239965986042083e-15
  +1.92865493310657387684e-15
  +9.64327466553286938421e-16
  +9.64327466553286938421e-16
  +3.85730986621314696482e-15
  +3.85730986621314696482e-15
  +2.89298239965986042083e-15
  +1.92865493310657387684e-15
  +9.64327466553286938421e-16
  +1.92865493310657387684e-15
  +2.89298239965986042083e-15
  +3.85730986621314696482e-15
  +2.89298239965986042083e-15
  +1.92865493310657387684e-15
  +9.64327466553286938421e-16
  +1.92865493310657387684e-15
  +3.85730986621314696482e-15
  +3.85730986621314696482e-15
  +0.00000000000000000000e+00
  +9.64327466553286938421e-16
  +1.92865493310657387684e-15
  +3.85730986621314696482e-15
  +4.82163733276643311438e-15
  +9.64327466553286938421e-16
  +9.64327466553286938421e-16
  +3.85730986621314696482e-15
  +3.85730986621314696482e-15
  +1.92865493310657387684e-15
  +9.64327466553286938421e-16
  +2.89298239965986042083e-15
  +3.85730986621314696482e-15
  +9.64327466553286938421e-16
  +1.92865493310657387684e-15
  +2.89298239965986042083e-15
  +2.89298239965986042083e-15
  +1.92865493310657387684e-15
  +2.89298239965986042083e-15
  +3.85730986621314696482e-15
  +2.89298239965986042083e-15
  +9.64327466553286938421e-16
  +5.78596479931971926394e-15
  +2.89298239965986042083e-15
  +9.64327466553286938421e-16
  +1.92865493310657387684e-15
  +5.78596479931971926394e-15
  +1.92865493310657387684e-15
  +2.89298239965986042083e-15
  +2.89298239965986042083e-15
  -4.82163733276643567818e-16
  +3.85730986621314696482e-15
  +2.89298239965986042083e-15
  +3.85730986621314696482e-15
  +1.92865493310657387684e-15
  +9.64327466553286938421e-16
  +2.89298239965986042083e-15
  +2.89298239965986042083e-15
  +1.92865493310657387684e-15
  +2.89298239965986042083e-15
  +3.85730986621314696482e-15
  +9.64327466553286938421e-16
  +4.82163733276643311438e-15
  +1.92865493310657387684e-15
  +9.64327466553286938421e-16
  +3.85730986621314696482e-15
  +1.92865493310657387684e-15
  +9.64327466553286938421e-16
  +5.78596479931971926394e-15
  +9.64327466553286938421e-16
  +3.85730986621314696482e-15
  +5.78596479931971926394e-15
  +2.89298239965986042083e-15
  +3.85730986621314696482e-15
  +2.89298239965986042083e-15
  +2.89298239965986042083e-15
  +2.89298239965986042083e-15
  +2.89298239965986042083e-15
  +4.82163733276643311438e-15
  +2.89298239965986042083e-15
  +3.85730986621314696482e-15
  +2.89298239965986042083e-15
  +9.64327466553286938421e-16
  +3.85730986621314696482e-15
  +3.85730986621314696482e-15
  +0.00000000000000000000e+00
  +1.92865493310657387684e-15
  +3.85730986621314696482e-15
  +2.89298239965986042083e-15
  +4.82163733276643311438e-15
  +9.64327466553286938421e-16
  +3.85730986621314696482e-15
  +5.78596479931971926394e-15
  +3.85730986621314696482e-15
  +1.92865493310657387684e-15
  +4.82163733276643311438e-15
  +3.85730986621314696482e-15
  +1.92865493310657387684e-15
  +3.85730986621314696482e-15
  +3.85730986621314696482e-15
  +2.89298239965986042083e-15
  +1.92865493310657387684e-15
  +3.85730986621314696482e-15
  +2.89298239965986042083e-15
  +0.00000000000000000000e+00
  +5.78596479931971926394e-15
  +1.92865493310657387684e-15
  +1.92865493310657387684e-15
  +3.85730986621314696482e-15
  +5.78596479931971926394e-15
  +1.92865493310657387684e-15
  +5.78596479931971926394e-15
  +1.92865493310657387684e-15
  +3.85730986621314696482e-15
  +0.00000000000000000000e+00
  +4.82163733276643311438e-15
  +4.82163733276643311438e-15
  +1.92865493310657387684e-15
  +5.78596479931971926394e-15
  +1.92865493310657387684e-15
  +2.89298239965986042083e-15
  +4.82163733276643311438e-15
  +7.71461973242628919648e-15
  +2.89298239965986042083e-15
  +3.85730986621314696482e-15
  +4.82163733276643311438e-15
  +3.85730986621314696482e-15
  +9.64327466553286938421e-16
  +5.78596479931971926394e-15
  +4.82163733276643311438e-15
  +2.89298239965986042083e-15
  +9.64327466553286938421e-16
  +4.82163733276643311438e-15
  +1.92865493310657387684e-15
  +4.82163733276643311438e-15
  +3.85730986621314696482e-15
  +4.82163733276643311438e-15
  +1.92865493310657387684e-15
  +2.89298239965986042083e-15
  +3.85730986621314696482e-15
  +4.82163733276643311438e-15
  +2.89298239965986042083e-15
  +5.78596479931971926394e-15
  +4.82163733276643311438e-15
  +5.78596479931971926394e-15
  +2.89298239965986042083e-15
  +3.85730986621314696482e-15
  +5.78596479931971926394e-15
  +9.64327466553286938421e-16
  +2.89298239965986042083e-15
  +2.89298239965986042083e-15
  +6.75029226587300462464e-15
  +9.64327466553286938421e-16
  +6.75029226587300462464e-15
  +6.75029226587300462464e-15
  +3.85730986621314696482e-15
  +9.64327466553286938421e-16
  +5.78596479931971926394e-15
  +3.85730986621314696482e-15
  +2.89298239965986042083e-15
  +4.82163733276643311438e-15
  +3.85730986621314696482e-15
  +4.82163733276643311438e-15
  +1.92865493310657387684e-15
  +7.71461973242628919648e-15
  +3.85730986621314696482e-15
  +1.92865493310657387684e-15
  +3.85730986621314696482e-15
  +2.89298239965986042083e-15
  +5.78596479931971926394e-15
  +2.89298239965986042083e-15
  +4.82163733276643311438e-15
  +4.82163733276643311438e-15
  +2.89298239965986042083e-15
  +5.78596479931971926394e-15
  +1.92865493310657387684e-15
  +7.71461973242628919648e-15
  +5.78596479931971926394e-15
  +3.85730986621314696482e-15
  +2.89298239965986042083e-15
  +3.85730986621314696482e-15
  +4.82163733276643311438e-15
  +3.85730986621314696482e-15
  +5.78596479931971926394e-15
  +4.82163733276643311438e-15
  +4.82163733276643311438e-15
  +1.92865493310657387684e-15
  +3.85730986621314696482e-15
  +5.78596479931971926394e-15
  +3.85730986621314696482e-15
  +4.82163733276643311438e-15
  +1.92865493310657387684e-15
  +5.78596479931971926394e-15
  +6.75029226587300462464e-15
  +3.85730986621314696482e-15
  +9.64327466553286938421e-16
  +6.75029226587300462464e-15
  +4.82163733276643311438e-15
  +4.82163733276643311438e-15
  +2.89298239965986042083e-15
  +4.82163733276643311438e-15
  +7.71461973242628919648e-15
  +4.82163733276643311438e-15
  +5.78596479931971926394e-15
  +7.71461973242628919648e-15
  +5.78596479931971926394e-15
  +4.82163733276643311438e-15
  +3.85730986621314696482e-15
  +4.82163733276643311438e-15
  +4.82163733276643311438e-15
  +2.89298239965986042083e-15
  +4.82163733276643311438e-15
  +3.85730986621314696482e-15
  +4.82163733276643311438e-15
  +7.71461973242628919648e-15
  +4.82163733276643311438e-15
  +1.92865493310657387684e-15
  +5.78596479931971926394e-15
  +4.82163733276643311438e-15
  +3.85730986621314696482e-15
  +5.78596479931971926394e-15
  +5.78596479931971926394e-15
  +6.75029226587300462464e-15
  +4.82163733276643311438e-15
  +1.92865493310657387684e-15
  +3.85730986621314696482e-15
  +6.75029226587300462464e-15
  +4.82163733276643311438e-15
  +5.78596479931971926394e-15
  +3.85730986621314696482e-15
  +3.85730986621314696482e-15
  +8.67894719897957455718e-15
  +5.78596479931971926394e-15
  +9.64327466553286938421e-16
  +6.75029226587300462464e-15
  +5.78596479931971926394e-15
  +5.78596479931971926394e-15
  +4.82163733276643311438e-15
  +4.82163733276643311438e-15
  +4.82163733276643311438e-15
  +5.78596479931971926394e-15
  +4.82163733276643311438e-15
  +3.85730986621314696482e-15
  +3.85730986621314696482e-15
  +6.75029226587300462464e-15
  +5.78596479931971926394e-15
  +5.78596479931971926394e-15
  +3.85730986621314696482e-15
  +3.85730986621314696482e-15
  +6.75029226587300462464e-15
  +4.82163733276643311438e-15
  +4.82163733276643311438e-15
  +4.82163733276643311438e-15
  +4.82163733276643311438e-15
  +4.82163733276643311438e-15
  +4.82163733276643311438e-15
  +4.82163733276643311438e-15
  +6.75029226587300462464e-15
  +7.71461973242628919648e-15
  +7.71461973242628919648e-15
  +2.89298239965986042083e-15
  +5.78596479931971926394e-15
  +6.75029226587300462464e-15
  +5.78596479931971926394e-15
  +3.85730986621314696482e-15
  +4.82163733276643311438e-15
  +4.82163733276643311438e-15
  +4.82163733276643311438e-15
  +6.75029226587300462464e-15
  +6.75029226587300462464e-15
  +5.78596479931971926394e-15
  +6.75029226587300462464e-15
  +4.82163733276643311438e-15
  +4.82163733276643311438e-15
  +3.85730986621314696482e-15
  +6.75029226587300462464e-15
  +2.89298239965986042083e-15
  +3.85730986621314696482e-15
  +7.71461973242628919648e-15
  +6.75029226587300462464e-15
  +3.85730986621314696482e-15
  +3.85730986621314696482e-15
  +6.75029226587300462464e-15
  +5.78596479931971926394e-15
  +4.82163733276643311438e-15
  +4.82163733276643311438e-15
  +3.85730986621314696482e-15
  +4.82163733276643311438e-15
  +5.78596479931971926394e-15
  +6.75029226587300462464e-15
  +2.89298239965986042083e-15
  +2.89298239965986042083e-15
  +6.75029226587300462464e-15
  +6.75029226587300462464e-15
  +2.89298239965986042083e-15
  +5.78596479931971926394e-15
  +5.78596479931971926394e-15
  +5.78596479931971926394e-15
  +4.82163733276643311438e-15
  +5.78596479931971926394e-15
  +7.71461973242628919648e-15
  +4.82163733276643311438e-15
  +5.78596479931971926394e-15
  +6.75029226587300462464e-15
  +5.78596479931971926394e-15
  +4.82163733276643311438e-15
  +6.75029226587300462464e-15
  +8.67894719897957455718e-15
  +5.78596479931971926394e-15
  +6.75029226587300462464e-15
  +5.78596479931971926394e-15
  +7.71461973242628919648e-15
  +5.78596479931971926394e-15
  +4.82163733276643311438e-15
  +7.71461973242628919648e-15
  +6.75029226587300462464e-15
  +3.85730986621314696482e-15
  +2.89298239965986042083e-15
  +7.71461973242628919648e-15
  +5.78596479931971926394e-15
  +2.89298239965986042083e-15
  +4.82163733276643311438e-15
  +3.85730986621314696482e-15
  +6.75029226587300462464e-15
  +6.75029226587300462464e-15
  +8.67894719897957455718e-15
  +6.75029226587300462464e-15
  +6.75029226587300462464e-15
  +4.82163733276643311438e-15
  +9.64327466553286149560e-15
  +7.71461973242628919648e-15
  +5.78596479931971926394e-15
  +4.82163733276643311438e-15
  +6.75029226587300462464e-15
  +7.71461973242628919648e-15
  +5.78596479931971926394e-15
  +4.82163733276643311438e-15
  +4.82163733276643311438e-15
  +5.78596479931971926394e-15
  +5.78596479931971926394e-15
  +4.82163733276643311438e-15
  +5.78596479931971926394e-15
  +5.78596479931971926394e-15
  +5.78596479931971926394e-15
  +3.85730986621314696482e-15
  +6.75029226587300462464e-15
  +8.67894719897957455718e-15
  +7.71461973242628919648e-15
  +5.78596479931971926394e-15
  +3.85730986621314696482e-15
  +6.75029226587300462464e-15
  +6.75029226587300462464e-15
  +5.78596479931971926394e-15
  +5.78596479931971926394e-15
  +8.67894719897957455718e-15
  +6.75029226587300462464e-15
  +2.89298239965986042083e-15
  +4.82163733276643311438e-15
  +3.85730986621314696482e-15
  +5.78596479931971926394e-15
  +7.71461973242628919648e-15
</dep>
<dep dBS32 frequency>
  -1.60498713711245443392e+02
  -1.65721688273162953919e+02
  -1.74985260014066739132e+02
  -1.69554003323296313965e+02
  -1.77296259073634274728e+02
  -1.70014404327960590990e+02
  -1.78899836992538183722e+02
  -1.82348313794556560197e+02
  -1.82610645449345838642e+02
  -2.16844811791536784540e+02
  -2.11490551079748513530e+02
  -2.06617940821752597458e+02
  -2.15803476608029882300e+02
  -2.04817541177860647394e+02
  -2.07613102970677743997e+02
  -2.08900723060623306537e+02
  -2.20576524014565052312e+02
  -2.16274500682646248606e+02
  -2.19883152946676290185e+02
  -2.24599796003043962855e+02
  -2.24982155120518854119e+02
  -2.24661769721726500393e+02
  -2.13709327074825580439e+02
  -2.08642248482217127048e+02
  -2.18197953548775785748e+02
  -2.20019118940573605414e+02
  -2.25384179113099150982e+02
  -2.38821598877770753688e+02
  -2.22851895131320560495e+02
  -2.17891637535269296677e+02
  -2.18770845278635135855e+02
  -2.19073802212453244920e+02
  -2.18534918269504743193e+02
  -2.18005665824059974511e+02
  -2.15901474245411179709e+02
  -2.14316805693101144925e+02
  -2.13301186787737975692e+02
  -2.12527131301632579152e+02
  -2.11350999596332627561e+02
  -2.10414599039778494216e+02
  -2.10167363561979101405e+02
  -2.09971665558957681696e+02
  -2.08954251003434904987e+02
  -2.08117461632103697866e+02
  -2.07075367812904119091e+02
  -2.06231977446387332975e+02
  -2.05568061235691232014e+02
  -2.05020383832901302412e+02
  -2.04355055756802414635e+02
  -2.03790093677915194803e+02
  -2.03100873708514455984e+02
  -2.02516829530823059713e+02
  -2.01799154811908209695e+02
  -2.01187900965686850441e+02
  -2.00557424565039752906e+02
  -2.00018964947466372450e+02
  -1.99316528679666760127e+02
  -1.98713265002855280272e+02
  -1.98092810860144084018e+02
  -1.97559133723964890805e+02
  -1.96873767330506666440e+02
  -1.96275453090172732118e+02
  -1.95634901723584277988e+02
  -1.95077851422452795305e+02
  -1.94426999172023471374e+02
  -1.93856511206812513137e+02
  -1.93233426594764864603e+02
  -1.92686980846352781782e+02
  -1.92054106650086794161e+02
  -1.91495290267824344710e+02
  -1.90859166653777776901e+02
  -1.90297229341180667461e+02
  -1.89670706025098411374e+02
  -1.89115533760694489729e+02
  -1.88478952780604601003e+02
  -1.87912926054938537845e+02
  -1.87286514865407752950e+02
  -1.86728627151141608920e+02
  -1.86092558963054244714e+02
  -1.85524278600758663060e+02
  -1.84893957940689261932e+02
  -1.84330276033231399424e+02
  -1.83691252504168261339e+02
  -1.83117802119411436479e+02
  -1.82474215340731689139e+02
  -1.81895725130241373790e+02
  -1.81243415940253953522e+02
  -1.80655811157997419514e+02
  -1.79994438258217172688e+02
  -1.79397629095842830793e+02
  -1.78732843568188712879e+02
  -1.78131956232519485184e+02
  -1.77454239559117581848e+02
  -1.76839898744590897195e+02
  -1.76153478423747003490e+02
  -1.75529735148647290544e+02
  -1.74829559911831893260e+02
  -1.74191406591006057170e+02
  -1.73483054056347185679e+02
  -1.72835532441762779854e+02
  -1.72113725773299279354e+02
  -1.71450988068279400522e+02
  -1.70715662893119429100e+02
  -1.70037510707470971738e+02
  -1.69293957843502056448e+02
  -1.68603893639996414322e+02
  -1.67856556716469754065e+02
  -1.67157167126949246949e+02
  -1.66401829515024672901e+02
  -1.65687169713380058056e+02
  -1.64943049805743868319e+02
  -1.64229120159728864792e+02
  -1.63502587413815660966e+02
  -1.62791929824323034381e+02
  -1.62109067982280691922e+02
  -1.61423350855500757461e+02
  -1.60807455243563822478e+02
  -1.60166877750789524271e+02
  -1.59586257916399290480e+02
  -1.59065285643629039214e+02
  -1.58605381914569505852e+02
  -1.58199884316672410023e+02
  -1.57858288404389242032e+02
  -1.57583228039220529126e+02
  -1.57375391027551160050e+02
  -1.57235215639682792244e+02
  -1.57144486986600043110e+02
  -1.57108903070490555365e+02
  -1.57120390447858767402e+02
  -1.57167383114369357600e+02
  -1.57245920531644060247e+02
  -1.57348389714358347646e+02
  -1.57472449474609192066e+02
  -1.57617811279023300131e+02
  -1.57767020572911434328e+02
  -1.57934113507475331062e+02
  -1.58111862544189904156e+02
  -1.58290371420610910036e+02
  -1.58477990894625634155e+02
  -1.58665686321920162527e+02
  -1.58862225481292199447e+02
  -1.59061265859148818436e+02
  -1.59260730349940217820e+02
  -1.59469301231989931011e+02
  -1.59671853621316500949e+02
  -1.59883190124558950629e+02
  -1.60106420584889832526e+02
  -1.60324101050439594474e+02
  -1.60541905677123253326e+02
  -1.60770827189550686853e+02
  -1.60993057713062967196e+02
  -1.61223842411183369450e+02
  -1.61458578810231244915e+02
  -1.61695432222621150231e+02
  -1.61934327333567864571e+02
  -1.62175657085665505974e+02
  -1.62419408978323502879e+02
  -1.62665628618214128664e+02
  -1.62914397631082039197e+02
  -1.63165984336655924380e+02
  -1.63419856060334723225e+02
  -1.63684955014814136121e+02
  -1.63946548912478391458e+02
  -1.64218288164935898976e+02
  -1.64486698120240049548e+02
  -1.64765525280302313149e+02
  -1.65050050915789341843e+02
  -1.65330571133082287361e+02
  -1.65622217734801949973e+02
  -1.65920296356436836049e+02
  -1.66223684478726852376e+02
  -1.66532616463094171877e+02
  -1.66855631449735767546e+02
  -1.67178498220384710748e+02
  -1.67506230510332471795e+02
  -1.67841091707270635425e+02
  -1.68191783873280655826e+02
  -1.68544290773998312716e+02
  -1.68912045655541987799e+02
  -1.69282914168429613255e+02
  -1.69670816223132874256e+02
  -1.70063371297154390049e+02
  -1.70474160561502458222e+02
  -1.70891452740340668015e+02
  -1.71328918017850980959e+02
  -1.71775338827027269417e+02
  -1.72236285215973737195e+02
  -1.72723346289827532019e+02
  -1.73223815988660049925e+02
  -1.73744377903522718043e+02
  -1.74288506571558002634e+02
  -1.74867278268358916193e+02
  -1.75469656577705279688e+02
  -1.76103984074968053619e+02
  -1.76776680736570256158e+02
  -1.77493060670775406606e+02
  -1.78251793870450796931e+02
  -1.79075102448218615336e+02
  -1.79969612914248159541e+02
  -1.80946877497243008293e+02
  -1.82024255943658175738e+02
  -1.83224840213248455711e+02
  -1.84579085611651947829e+02
  -1.86128478745568628483e+02
  -1.87925780959686477445e+02
  -1.90021427893552754540e+02
  -1.92381308342710354964e+02
  -1.94539088147975263610e+02
  -1.95119712776700993118e+02
  -1.93588104160399581133e+02
  -1.91342935978176342360e+02
  -1.89255022605375586409e+02
  -1.87465863817477753628e+02
  -1.85954625639314713226e+02
  -1.84654681401191709256e+02
  -1.83530780588113060503e+02
  -1.82543992143863846422e+02
  -1.81666218724707960064e+02
  -1.80877714294244782423e+02
  -1.80163619658658120670e+02
  -1.79510054643891180604e+02
  -1.78907329494758897681e+02
  -1.78356437741793342866e+02
  -1.77838459864954501199e+02
  -1.77359998870499566692e+02
  -1.76906425563167033488e+02
  -1.76485274843453112226e+02
  -1.76082828692339774079e+02
  -1.75707780259355331509e+02
  -1.75354953848573416053e+02
  -1.75020396220319639724e+02
  -1.74702580103108886078e+02
  -1.74400216232827290241e+02
  -1.74112161614190597447e+02
  -1.73837471139570368450e+02
  -1.73583064777723109273e+02
  -1.73342636013254605132e+02
  -1.73113187875713549602e+02
  -1.72901646124873991539e+02
  -1.72702096835333861691e+02
  -1.72511921344051813776e+02
  -1.72345468453883796656e+02
  -1.72192002141407272120e+02
  -1.72053588137731054530e+02
  -1.71932238876424094087e+02
  -1.71835186458362898065e+02
  -1.71756612366673380166e+02
  -1.71693644655620971662e+02
  -1.71653325351727062298e+02
  -1.71637435417404901727e+02
  -1.71653473796543096341e+02
  -1.71688301172096231539e+02
  -1.71743796575677578176e+02
  -1.71829519236755317024e+02
  -1.71940099559077594904e+02
  -1.72072949423371426292e+02
  -1.72227772659870197458e+02
  -1.72404397835500674319e+02
  -1.72610245217645342564e+02
  -1.72833156715302152406e+02
  -1.73067294183394324136e+02
  -1.73320309484294966751e+02
  -1.73595230627965861459e+02
  -1.73877482854682398283e+02
  -1.74169030691365492203e+02
  -1.74472693751703218368e+02
  -1.74788952195291784619e+02
  -1.75109972581070422848e+02
  -1.75438560021146969348e+02
  -1.75775118399085954479e+02
  -1.76107419011794917196e+02
  -1.76444200835351267642e+02
  -1.76782696516634445061e+02
  -1.77129720214769065478e+02
  -1.77470642539804401849e+02
  -1.77817495579617229851e+02
  -1.78154222084044960184e+02
  -1.78495483600076056518e+02
  -1.78829891376394812141e+02
  -1.79170508647132692204e+02
  -1.79504474270082937437e+02
  -1.79844952909370221050e+02
  -1.80174606523124509749e+02
  -1.80508806729684749826e+02
  -1.80832141319506320087e+02
  -1.81159789323482840473e+02
  -1.81480100060983943422e+02
  -1.81806146867174192039e+02
  -1.82117987559372551232e+02
  -1.82432036841628871571e+02
  -1.82737429611837967514e+02
  -1.83047395244089443622e+02
  -1.83346716333659003340e+02
  -1.83649280567992718716e+02
  -1.83944788729573957653e+02
  -1.84244985525939512172e+02
  -1.84534641500925459923e+02
  -1.84827002653652243680e+02
  -1.85109279063160727219e+02
  -1.85393944779136717216e+02
  -1.85657441118240058131e+02
  -1.85917791114028261745e+02
  -1.86189459916520405613e+02
  -1.86472848732906555824e+02
  -1.86768332086862642427e+02
  -1.87026314690556574760e+02
  -1.87272769043003989964e+02
  -1.87529440277256611580e+02
  -1.87796701868513196132e+02
  -1.88074915604768136745e+02
  -1.88322269883357506615e+02
  -1.88560322931140717628e+02
  -1.88807981024734374387e+02
  -1.89065555459748168232e+02
  -1.89333410034684106904e+02
  -1.89569506283306509431e+02
  -1.89794857350081684899e+02
  -1.90028787385827826029e+02
  -1.90271640040152618667e+02
  -1.90523785066228356300e+02
  -1.90748629005865126373e+02
  -1.90964076879168374035e+02
  -1.91187327943224147475e+02
  -1.91418674067951855022e+02
  -1.91658412264988214702e+02
  -1.91874018792953563661e+02
  -1.92081176242997401005e+02
  -1.92295532710540669541e+02
  -1.92517354238176721992e+02
  -1.92746913178638010322e+02
  -1.92953722873809795146e+02
  -1.93152142477202517057e+02
  -1.93357208381689702037e+02
  -1.93569189553035386098e+02
  -1.93788303925156384366e+02
  -1.93987445889231025831e+02
  -1.94179073774376092842e+02
  -1.94376861332899267154e+02
  -1.94581027117316807562e+02
  -1.94791796477955728051e+02
  -1.94982801605646869803e+02
  -1.95165830934359718185e+02
  -1.95354456879216058951e+02
  -1.95548869282537395975e+02
  -1.95749263913241122737e+02
  -1.95932269441991081749e+02
  -1.96108120149237635133e+02
  -1.96289124970476080989e+02
  -1.96475456580318876831e+02
  -1.96667284575150858927e+02
  -1.96843737170711051476e+02
  -1.97013764443419745476e+02
  -1.97188618102221681738e+02
  -1.97368456260451011985e+02
  -1.97553442720629988116e+02
  -1.97722944664817191551e+02
  -1.97885487199340019515e+02
  -1.98052398980568995057e+02
  -1.98223812558940494455e+02
  -1.98399864565877919631e+02
  -1.98564370591676947697e+02
  -1.98723917583332649883e+02
  -1.98887629430027914168e+02
  -1.99055612396125070518e+02
  -1.99228013671598773726e+02
  -1.99387593296508612184e+02
  -1.99541092138722547134e+02
  -1.99698400069679451008e+02
  -1.99859624475876728411e+02
  -2.00024875859172027504e+02
  -2.00176983271953588428e+02
  -2.00322496872762258135e+02
  -2.00471512618288045360e+02
  -2.00624135916168597760e+02
  -2.00780467066303287993e+02
  -2.00926620632742782391e+02
  -2.01067735174623294370e+02
  -2.01212134955543376691e+02
  -2.01359908027715789558e+02
  -2.01511103295143982450e+02
  -2.01654054113989843700e+02
  -2.01792929528300277298e+02
  -2.01934887420841874928e+02
  -2.02080007176830463322e+02
  -2.02228370489485428152e+02
  -2.02366390763681096132e+02
  -2.02498744006934117579e+02
  -2.02633885781353512812e+02
  -2.02771863624546455185e+02
  -2.02912789238324307917e+02
  -2.03043737392561126853e+02
  -2.03169021482058269612e+02
  -2.03296876308299772518e+02
  -2.03427360726861593321e+02
  -2.03560534978512464477e+02
  -2.03686814339243966288e+02
  -2.03809239115374111861e+02
  -2.03934082811723101258e+02
  -2.04061406617840987110e+02
  -2.04191264672027614324e+02
  -2.04315335900749687426e+02
  -2.04436164178445835660e+02
  -2.04559291442955839102e+02
  -2.04684769343514972206e+02
  -2.04812649708495712275e+02
  -2.04934181349954627649e+02
  -2.05051952918538489712e+02
  -2.05171907411555650924e+02
  -2.05294093146064710709e+02
  -2.05418559787179361820e+02
  -2.05532060730709673635e+02
  -2.05638273782800666822e+02
  -2.05746335516465649107e+02
  -2.05856280358147159859e+02
  -2.05968146563697132478e+02
  -2.06077019053209767208e+02
  -2.06184220974542284921e+02
  -2.06293240542473085952e+02
  -2.06404108678877349803e+02
  -2.06516856599804469852e+02
  -2.06626342287510453843e+02
  -2.06733912189507805124e+02
  -2.06843308066452664207e+02
  -2.06954581238776995633e+02
  -2.07067752112819817967e+02
  -2.07173650363275385189e+02
  -2.07274409918404842301e+02
  -2.07376762747835954315e+02
  -2.07480736509202898787e+02
  -2.07586359360785337458e+02
  -2.07686543747737061949e+02
  -2.07782855410853301237e+02
  -2.07880629464662547434e+02
  -2.07979877839894953695e+02
  -2.08080620577879187749e+02
  -2.08177996439851398236e+02
  -2.08272993150993897871e+02
  -2.08369336136020564254e+02
  -2.08467044097123221036e+02
  -2.08566135823735550048e+02
  -2.08653915476015299646e+02
  -2.08733012632456649271e+02
  -2.08813380041022611522e+02
  -2.08895022914027805427e+02
  -2.08977959301764855127e+02
  -2.09062149976945079288e+02
  -2.09147668869116927226e+02
  -2.09234596979669930761e+02
  -2.09322957849256283680e+02
  -2.09412775458884482305e+02
  -2.09500571063975058905e+02
  -2.09586671550246393281e+02
  -2.09673847842890722859e+02
  -2.09762106720286993777e+02
  -2.09851460890508292323e+02
  -2.09941343035984687049e+02
  -2.10031852793154257597e+02
  -2.10123483253233445112e+02
  -2.10216247231508134519e+02
  -2.10310157512146673753e+02
  -2.10395615918978478476e+02
  -2.10473845254001872718e+02
  -2.10552947760257893606e+02
  -2.10632925803705973067e+02
  -2.10713785127967639710e+02
  -2.10793255497500666706e+02
  -2.10871700800234123108e+02
  -2.10951123977866870973e+02
  -2.11031538624916407798e+02
  -2.11112958586680122153e+02
  -2.11189787496356558449e+02
  -2.11262511843245448517e+02
  -2.11336050709737378384e+02
  -2.11410408289957302941e+02
  -2.11485592435685362034e+02
  -2.11566664529538826400e+02
  -2.11653341745496135218e+02
  -2.11741139469035999809e+02
  -2.11830075202560834668e+02
  -2.11920166777618760534e+02
  -2.11998990137136729572e+02
  -2.12067124472577120287e+02
  -2.12135907226438547468e+02
  -2.12205336522550879863e+02
  -2.12275414764375284449e+02
  -2.12348563488561694612e+02
  -2.12424772103228491460e+02
  -2.12501817134032194190e+02
  -2.12579707428833046379e+02
  -2.12658451852226733081e+02
  -2.12732720635893258532e+02
  -2.12802702786144521951e+02
  -2.12873517408941495432e+02
  -2.12945176070938487101e+02
  -2.13017689324408479479e+02
  -2.13087396376794202979e+02
  -2.13154201219244100685e+02
  -2.13221639964005134971e+02
  -2.13289715774308319851e+02
  -2.13358431671562470910e+02
  -2.13424228453457772048e+02
  -2.13486976370040736128e+02
  -2.13550183158867838529e+02
  -2.13613848928315917419e+02
  -2.13677970652482684955e+02
  -2.13739493848622402083e+02
  -2.13798428307932198322e+02
  -2.13857907588806284593e+02
  -2.13917936694297026179e+02
  -2.13978520685993316874e+02
  -2.14039955637187745197e+02
  -2.14102306441296320827e+02
  -2.14165293717179224586e+02
  -2.14228924063464717165e+02
  -2.14293205260018737590e+02
  -2.14358143561967096957e+02
  -2.14423745230256599825e+02
  -2.14490017189456779079e+02
  -2.14556966439117530854e+02
  -2.14624600050372549731e+02
  -2.14689225898533209147e+02
  -2.14750396010877835806e+02
  -2.14812058543660157284e+02
  -2.14874215003522380130e+02
  -2.14936866769479848926e+02
  -2.15000015466492243377e+02
  -2.15063662537710200695e+02
  -2.15127808172680403231e+02
  -2.15192453121587504938e+02
  -2.15257597944064826834e+02
  -2.15315886909056104059e+02
  -2.15366304063515599410e+02
  -2.15417096838554726901e+02
  -2.15468266768869966654e+02
  -2.15519815359250117126e+02
  -2.15571744081214774269e+02
  -2.15624054369440443679e+02
  -2.15676748200169072334e+02
  -2.15729826504682932864e+02
  -2.15783290424933511531e+02
  -2.15842190013153043537e+02
  -2.15907543006567294697e+02
  -2.15973494169322748348e+02
  -2.16040049931917337744e+02
  -2.16107216803003410632e+02
  -2.16175001367552226839e+02
  -2.16243410284688792444e+02
  -2.16312450285266919536e+02
  -2.16382128169053714828e+02
  -2.16452451245353586273e+02
  -2.16512996723838540447e+02
  -2.16561251221202098804e+02
  -2.16609855401704294309e+02
  -2.16658810776356432370e+02
  -2.16708118838260304528e+02
  -2.16757781060229035575e+02
  -2.16807798892320079176e+02
  -2.16858173759172217387e+02
  -2.16908907057238167226e+02
  -2.16960000151843928506e+02
  -2.17011559419078110977e+02
  -2.17063616751589989917e+02
  -2.17116040838427608151e+02
  -2.17168833319839166052e+02
  -2.17221995833768289685e+02
  -2.17275529985365125185e+02
  -2.17329437343507891001e+02
  -2.17383719437113853701e+02
  -2.17438377751249618086e+02
  -2.17493413723044341168e+02
  -2.17548656160871729526e+02
  -2.17604039826038018646e+02
  -2.17659789771077385012e+02
  -2.17715906909438530192e+02
  -2.17772391979591532163e+02
  -2.17829245587881871415e+02
  -2.17886468300728438408e+02
  -2.17944060580670452509e+02
  -2.18002022779253678664e+02
  -2.18060355129491597381e+02
  -2.18115914669175765539e+02
  -2.18167536688517259336e+02
  -2.18219567541812267564e+02
  -2.18272011182458300027e+02
  -2.18324871628792891443e+02
  -2.18378152964978539785e+02
  -2.18431859381638162176e+02
  -2.18485995063448342535e+02
  -2.18540564295478674239e+02
  -2.18595571433742605905e+02
  -2.18650232264264843707e+02
  -2.18704108227735503078e+02
  -2.18758291202684461041e+02
  -2.18812780226186873733e+02
  -2.18867574192744342554e+02
  -2.18922671846570182197e+02
  -2.18978071773594422211e+02
  -2.19033772393079459562e+02
  -2.19089771947379574613e+02
  -2.19146068479715665944e+02
  -2.19197752603507922231e+02
  -2.19242385456884420591e+02
  -2.19287319211750570958e+02
  -2.19332556325312623358e+02
  -2.19378099291928066350e+02
  -2.19423950643571060937e+02
  -2.19470112950303303023e+02
  -2.19516588820747813315e+02
  -2.19563380902561931407e+02
  -2.19610491882914260486e+02
  -2.19657481522813839092e+02
  -2.19704089831190003679e+02
  -2.19751004241467910560e+02
  -2.19798226503837042856e+02
  -2.19845758320766037741e+02
  -2.19893601383349732714e+02
  -2.19941757375658596629e+02
  -2.19990227973166383890e+02
  -2.20039014841132427591e+02
  -2.20088119632833212336e+02
  -2.20136825578263255920e+02
  -2.20184640506898517742e+02
  -2.20232716669746054095e+02
  -2.20281054666015592147e+02
  -2.20329655060421657709e+02
  -2.20378518343196901697e+02
  -2.20427644996684506395e+02
  -2.20477035516654922276e+02
  -2.20526690306626704796e+02
  -2.20576609723457977452e+02
  -2.20625360536847949788e+02
  -2.20671906594053552908e+02
  -2.20718669435790815214e+02
  -2.20765648510439746133e+02
  -2.20812843197453673838e+02
  -2.20860252804201479648e+02
  -2.20907876562693843425e+02
  -2.20955713626185996645e+02
  -2.21003763065652520936e+02
  -2.21052023798967837820e+02
  -2.21100096295454903839e+02
  -2.21147730303059830703e+02
  -2.21195662347564962147e+02
  -2.21243894249647581773e+02
  -2.21292427832540965937e+02
  -2.21341264921034763802e+02
  -2.21390407340394148150e+02
  -2.21439856915200010690e+02
  -2.21489615468143796306e+02
  -2.21539684818731785754e+02
  -2.21590308711445658219e+02
  -2.21641727497684144055e+02
  -2.21693511179285707158e+02
  -2.21745663425252075740e+02
  -2.21798188065357294363e+02
  -2.21851089002483149670e+02
  -2.21904370165286366046e+02
  -2.21958035548747716348e+02
  -2.22012089215356581917e+02
  -2.22066535296340418881e+02
  -2.22118171421008753441e+02
  -2.22163883894479567971e+02
  -2.22209835417593922102e+02
  -2.22256026648436488813e+02
  -2.22302458218031546267e+02
  -2.22349130728613147312e+02
  -2.22396044751823012575e+02
  -2.22443200797174142735e+02
  -2.22490599319599482442e+02
  -2.22538240868664189520e+02
  -2.22587218155215822435e+02
  -2.22638683708858565069e+02
  -2.22690439479483984542e+02
  -2.22742486842883351983e+02
  -2.22794827151513487706e+02
  -2.22847461732340491380e+02
  -2.22900391884529426534e+02
  -2.22953618877067327730e+02
  -2.23007143946192456951e+02
  -2.23060968292740199104e+02
  -2.23115598438823468541e+02
  -2.23171688276415125074e+02
  -2.23228213813502122775e+02
  -2.23285180259154714122e+02
  -2.23342592943605041000e+02
  -2.23400457249764826884e+02
  -2.23458778660679058703e+02
  -2.23517562761639339897e+02
  -2.23576815242327171518e+02
  -2.23636541899020386381e+02
  -2.23691721032666492874e+02
  -2.23735983550589935476e+02
  -2.23780383708758449757e+02
  -2.23824919958562759348e+02
  -2.23869590672732925896e+02
  -2.23914394142662388276e+02
  -2.23959328575656940075e+02
  -2.24004392029092571192e+02
  -2.24049582552441108874e+02
  -2.24094898128886057975e+02
  -2.24142296680640072282e+02
  -2.24194524378965809319e+02
  -2.24247091955770599725e+02
  -2.24300002167669219943e+02
  -2.24353257789581164161e+02
  -2.24406861613914799136e+02
  -2.24460816449708289610e+02
  -2.24515125121666557106e+02
  -2.24569790469162740010e+02
  -2.24624815345090723895e+02
  -2.24679437876366137061e+02
  -2.24732517346734766761e+02
  -2.24785903940914920440e+02
  -2.24839599090902424905e+02
  -2.24893604326006737892e+02
  -2.24947921065367324900e+02
  -2.25002550692230414597e+02
  -2.25057494550975491165e+02
  -2.25112753943951531710e+02
  -2.25168330128130946832e+02
  -2.25229093111985719133e+02
  -2.25302885143596796524e+02
  -2.25377328287843170074e+02
  -2.25452432624751253343e+02
  -2.25528208459829642152e+02
  -2.25604666329889482768e+02
  -2.25681817009007119168e+02
  -2.25759671514629502553e+02
  -2.25838241058323035304e+02
  -2.25917537179062946961e+02
  -2.25986793705160778245e+02
  -2.26027363999240009207e+02
  -2.26068159830405249977e+02
  -2.26109182918987386302e+02
  -2.26150435006119778336e+02
  -2.26191917853967055407e+02
  -2.26233633245942314716e+02
  -2.26275582986907551231e+02
  -2.26317768903386308921e+02
  -2.26360192843807851659e+02
  -2.26408410019984160044e+02
  -2.26472815632819219900e+02
  -2.26537726035481057352e+02
  -2.26603147827718146345e+02
  -2.26669087683606392147e+02
  -2.26735552468679742333e+02
  -2.26802549207428569389e+02
  -2.26870085017570886521e+02
  -2.26938167153074658700e+02
  -2.27006803006921387578e+02
  -2.27068900498903332164e+02
  -2.27110084631219450557e+02
  -2.27151502112326824090e+02
  -2.27193154781589100821e+02
  -2.27235044500464795192e+02
  -2.27277173152745433526e+02
  -2.27319542644784576169e+02
  -2.27362154905714959341e+02
  -2.27405011887675499338e+02
  -2.27448115566043924218e+02
  -2.27500986509956476311e+02
  -2.27584501551471930725e+02
  -2.27668743180221156308e+02
  -2.27753719737383192978e+02
  -2.27839439563758361373e+02
  -2.27925910987204787261e+02
  -2.28013142308808255621e+02
  -2.28101141787711355846e+02
  -2.28189917624304968058e+02
  -2.28279477941855049039e+02
  -2.28358514492059953227e+02
  -2.28400157870644335389e+02
  -2.28442023406231555782e+02
  -2.28484113169919027087e+02
  -2.28526429265186663997e+02
  -2.28568973828584603325e+02
  -2.28611749030369537650e+02
  -2.28654757038382598466e+02
  -2.28698000087273072722e+02
  -2.28741480494898780762e+02
  -2.28790787923461465425e+02
  -2.28860258228182118501e+02
  -2.28930197084371457095e+02
  -2.29000607245179850224e+02
  -2.29071491362893738142e+02
  -2.29142851978896800347e+02
  -2.29214691513073034912e+02
  -2.29287012252433271442e+02
  -2.29359816338969380922e+02
  -2.29433105756799477604e+02
  -2.29502517462847322349e+02
  -2.29555941187269382908e+02
  -2.29609729500749438103e+02
  -2.29663886910497353711e+02
  -2.29718417985775090528e+02
  -2.29773327395290579034e+02
  -2.29828619965404300274e+02
  -2.29884300572638778704e+02
  -2.29940374192008533782e+02
  -2.29996845899554472226e+02
  -2.30060964475181748412e+02
  -2.30154803301905531043e+02
  -2.30249690604343015821e+02
  -2.30345648869600580610e+02
  -2.30442701314261029211e+02
  -2.30540871915494591349e+02
  -2.30640185443887730798e+02
  -2.30740667497947640641e+02
  -2.30842344540416519294e+02
  -2.30945243936707385046e+02
  -2.31050211353428124994e+02
  -2.31160013567834027981e+02
  -2.31271255415008596401e+02
  -2.31383974112422919234e+02
  -2.31498208288623203543e+02
  -2.31613998099144140497e+02
  -2.31731385314755755189e+02
  -2.31850413408454073760e+02
  -2.31971127648341422400e+02
  -2.32093575196789799975e+02
  -2.32195687740957453116e+02
  -2.32197853603290525371e+02
  -2.32199925356779914409e+02
  -2.32201902722059742246e+02
  -2.32203785426701756478e+02
  -2.32205573205249208968e+02
  -2.32207265799275262452e+02
  -2.32208862957462940813e+02
  -2.32210364435589269760e+02
  -2.32211769994037013021e+02
  -2.32228840909289175443e+02
  -2.32323332572356491710e+02
  -2.32418864646816643926e+02
  -2.32515458470707841343e+02
  -2.32613136013078758424e+02
  -2.32711919896827168941e+02
  -2.32811833422511284653e+02
  -2.32912900593083463718e+02
  -2.33015146139517753454e+02
  -2.33118595547417271518e+02
  -2.33225166470603085145e+02
  -2.33343123798993900664e+02
  -2.33462740433981821297e+02
  -2.33584059626768663520e+02
  -2.33707126256984167867e+02
  -2.33831986908502329925e+02
  -2.33958689948895369071e+02
  -2.34087285612878076790e+02
  -2.34217826046080915603e+02
  -2.34350365517236980395e+02
  -2.34485384735024922520e+02
  -2.34624971319061501163e+02
  -2.34766829297687820599e+02
  -2.34911031907380760231e+02
  -2.35057655941410672540e+02
  -2.35206781979218987999e+02
  -2.35358494634203651685e+02
  -2.35512882821699065516e+02
  -2.35670040048879855021e+02
  -2.35830064728968977761e+02
  -2.35991482970905281036e+02
  -2.36146115052261365008e+02
  -2.36303601832747062872e+02
  -2.36464046272646299940e+02
  -2.36627556908543709824e+02
  -2.36794248253076460742e+02
  -2.36964241222684620425e+02
  -2.37137663590599714780e+02
  -2.37314650610508863338e+02
  -2.37495345459958798529e+02
  -2.37667314296407823804e+02
  -2.37757399887035631991e+02
  -2.37848428070937870871e+02
  -2.37940418062925260756e+02
  -2.38033389664587105017e+02
  -2.38127363287691736105e+02
  -2.38222359978883019949e+02
  -2.38318401445501734770e+02
  -2.38415510082694083849e+02
  -2.38513709001964116396e+02
  -2.38603128529307184635e+02
  -2.38619966380317293897e+02
  -2.38635708138162357272e+02
  -2.38650340637627920160e+02
  -2.38663851473440047357e+02
  -2.38676229027831794838e+02
  -2.38687462470569869311e+02
  -2.38697541899027385170e+02
  -2.38706458244335749441e+02
  -2.38714203336581960002e+02
  -2.38738917886822946457e+02
  -2.38910261547621928457e+02
  -2.39082357384147769608e+02
  -2.39255007945257602842e+02
  -2.39427988081304619072e+02
  -2.39601042335584935472e+02
  -2.39773882270750902990e+02
  -2.39946183782842609844e+02
  -2.40117584473613987939e+02
  -2.40287681171803455982e+02
  -2.40441956513557812514e+02
  -2.40468275538855834839e+02
  -2.40493612916753477293e+02
  -2.40517949339600932035e+02
  -2.40541265965775579616e+02
  -2.40563544437403635357e+02
  -2.40584766978364285706e+02
  -2.40604916410241713720e+02
  -2.40623976170278382369e+02
  -2.40641930366932541574e+02
  -2.40675788066562830636e+02
  -2.40883758920708260121e+02
  -2.41096815771902896586e+02
  -2.41315208129315976748e+02
  -2.41539204024272891047e+02
  -2.41769091852407854049e+02
  -2.42005182445123836033e+02
  -2.42247811404010462866e+02
  -2.42497341738108559639e+02
  -2.42754166850702347347e+02
  -2.43021967143292613400e+02
  -2.43333435251439937019e+02
  -2.43649294705064818345e+02
  -2.43968740420867817420e+02
  -2.44290714905217186015e+02
  -2.44613856674636792832e+02
  -2.44936443718835931804e+02
  -2.45256334401706396875e+02
  -2.45570910617741390070e+02
  -2.45877030673566565611e+02
  -2.46133268374477381712e+02
  -2.45884100515125112452e+02
  -2.45639200405513207670e+02
  -2.45398612006692644627e+02
  -2.45162347600788962154e+02
  -2.44930393918006870990e+02
  -2.44702717243977076578e+02
  -2.44479267663903272023e+02
  -2.44259982579218444698e+02
  -2.44044789613253414018e+02
  -2.43861555437942286062e+02
  -2.44120933021969449328e+02
  -2.44386857961237296877e+02
  -2.44659548439709908507e+02
  -2.44939215769631033481e+02
  -2.45226058959862939446e+02
  -2.45520257624523878803e+02
  -2.45821962756950512130e+02
  -2.46131284698144156664e+02
  -2.46448277704457836990e+02
  -2.46766498845664472128e+02
  -2.46966636570764592307e+02
  -2.47166853502228377693e+02
  -2.47366696861197425505e+02
  -2.47565649139409373447e+02
  -2.47763122745797687685e+02
  -2.47958455105190267886e+02
  -2.48150904553580744505e+02
  -2.48339647456447352170e+02
  -2.48523777057880806751e+02
  -2.48684515910837802721e+02
  -2.48419276963231510535e+02
  -2.48160646444465839977e+02
  -2.47908378879924129023e+02
  -2.47662233844786527470e+02
  -2.47421977389951393889e+02
  -2.47187382994924178092e+02
  -2.46958232213030129287e+02
  -2.46734315013920166848e+02
  -2.46515429918219410865e+02
  -2.46293822941386480352e+02
  -2.45842374407828401672e+02
  -2.45412884220637465660e+02
  -2.45003332707454660522e+02
  -2.44611963931093669089e+02
  -2.44237242125076335242e+02
  -2.43877816680502462532e+02
  -2.43532493766019456416e+02
  -2.43200213141706228726e+02
  -2.42880029075522998028e+02
  -2.42583375373895762550e+02
  -2.42896537033620205648e+02
  -2.43216222992311259077e+02
  -2.43542090398608195301e+02
  -2.43873624358733650297e+02
  -2.44210093027714151503e+02
  -2.44550493769680713285e+02
  -2.44893489935409007785e+02
  -2.45237338761103529805e+02
  -2.45579812518735963067e+02
  -2.45910595350432458872e+02
  -2.45496453413940855626e+02
  -2.45088072404173715313e+02
  -2.44687162451668001495e+02
  -2.44294882510066372561e+02
  -2.43911971487966923178e+02
  -2.43538852775248102489e+02
  -2.43175715948045450432e+02
  -2.42822579740612980004e+02
  -2.42479340071242802424e+02
  -2.42145806368099812289e+02
</dep>
<dep dBS31 frequency>
  -3.86971187008955936903e+01
  -4.44285449796494091856e+01
  -4.78178603984024732654e+01
  -5.04957542233355027861e+01
  -5.30151139886768874021e+01
  -5.55659326308110053105e+01
  -5.81357767931991702426e+01
  -6.06570744536596322405e+01
  -6.30783837015520987279e+01
  -6.53722979005064246394e+01
  -6.75309309439597313940e+01
  -6.95550870039672872736e+01
  -7.14526180348365471673e+01
  -7.32378102354702633647e+01
  -7.49240633181169641830e+01
  -7.65188727580911063342e+01
  -7.80337411941717959962e+01
  -7.94724733728197350047e+01
  -8.08494143089664731860e+01
  -8.21659071874205153563e+01
  -8.32620340844407422765e+01
  -8.43094312974423587548e+01
  -8.53165273590288109062e+01
  -8.62845015824548227101e+01
  -8.72197715667200412781e+01
  -8.81232667538118477069e+01
  -8.89996836811678662116e+01
  -8.98488196160464127615e+01
  -9.06730472931382678325e+01
  -9.14735237792989721584e+01
  -9.21841164984742249544e+01
  -9.28727940052475275934e+01
  -9.35421179928354007416e+01
  -9.41935296079181938467e+01
  -9.48297299608259578463e+01
  -9.54503704822300136357e+01
  -9.60581216193519367152e+01
  -9.66518849337419680978e+01
  -9.72368062596003426279e+01
  -9.78086181644799808055e+01
  -9.83343240257876374244e+01
  -9.88474917849267029624e+01
  -9.93522232633747393038e+01
  -9.98468416608497619791e+01
  -1.00335702914525469964e+02
  -1.00815152550431918144e+02
  -1.01285891697680028756e+02
  -1.01748019143726708080e+02
  -1.02204429296268784810e+02
  -1.02652963609203112583e+02
  -1.03095104666865026388e+02
  -1.03529955873814628831e+02
  -1.03960768177401817525e+02
  -1.04384844417757918222e+02
  -1.04802310309967737112e+02
  -1.05213118438411811439e+02
  -1.05623161459367750581e+02
  -1.06027480296465498100e+02
  -1.06429003029595733665e+02
  -1.06825006503219896103e+02
  -1.07202536704426805159e+02
  -1.07573834717393950200e+02
  -1.07946294268645715420e+02
  -1.08314319637082761005e+02
  -1.08681058434272244995e+02
  -1.09043459086163508687e+02
  -1.09405307944125226527e+02
  -1.09763035134467358489e+02
  -1.10121305496957660353e+02
  -1.10475804584163682875e+02
  -1.10831970930989811563e+02
  -1.11184731545259637642e+02
  -1.11538291580494913546e+02
  -1.11888642667683754439e+02
  -1.12243416342913377548e+02
  -1.12595497566297211733e+02
  -1.12948557145009317537e+02
  -1.13298602973104436842e+02
  -1.13654000669029073833e+02
  -1.14007167269306222579e+02
  -1.14365119856441296520e+02
  -1.14721021258542805299e+02
  -1.15081795897282447072e+02
  -1.15440632539441239146e+02
  -1.15808499454442269894e+02
  -1.16175248708984796053e+02
  -1.16550278806199472115e+02
  -1.16924397231755591520e+02
  -1.17307660422290339852e+02
  -1.17690430740986769820e+02
  -1.18088393924476122265e+02
  -1.18487101285972201481e+02
  -1.18899836875308324124e+02
  -1.19313713556228648827e+02
  -1.19747447037569997974e+02
  -1.20183981547296923509e+02
  -1.20644288091233278237e+02
  -1.21109355329435274484e+02
  -1.21601080141654563249e+02
  -1.22099511091004984564e+02
  -1.22635742792604190754e+02
  -1.23183323855433883409e+02
  -1.23774963445687703256e+02
  -1.24383488600620012221e+02
  -1.25047738129359530035e+02
  -1.25737850286700250990e+02
  -1.26504375740623501656e+02
  -1.27313090524567599005e+02
  -1.28217223785405053604e+02
  -1.29188162625669491490e+02
  -1.30277951332434696496e+02
  -1.31471368697726063601e+02
  -1.32776820944802238955e+02
  -1.34198653451292926775e+02
  -1.35534483542779071286e+02
  -1.36736446097410834000e+02
  -1.37111339611796012150e+02
  -1.36890440180775556200e+02
  -1.35940606339810528880e+02
  -1.34759667878165686261e+02
  -1.33598307680260461439e+02
  -1.32585102112801109797e+02
  -1.31742311418478152518e+02
  -1.31068504410765200419e+02
  -1.30554950990748693584e+02
  -1.30181932328958907874e+02
  -1.29928950364602087575e+02
  -1.29780053385185027537e+02
  -1.29718083680927861678e+02
  -1.29727055216448320607e+02
  -1.29792504477371039684e+02
  -1.29902357339999213082e+02
  -1.30047813463703505477e+02
  -1.30218961596458228769e+02
  -1.30410720438491694040e+02
  -1.30616490608553078800e+02
  -1.30831362715332801372e+02
  -1.31053660467310749027e+02
  -1.31280390923280265270e+02
  -1.31508959852015436809e+02
  -1.31740586371452479852e+02
  -1.31975100094674388629e+02
  -1.32209319103574443943e+02
  -1.32445283292736945668e+02
  -1.32682644357208289421e+02
  -1.32922359021124520950e+02
  -1.33164299129399552157e+02
  -1.33409403274664583705e+02
  -1.33657770212537201360e+02
  -1.33910908827792269449e+02
  -1.34166793291914643760e+02
  -1.34426065432790835530e+02
  -1.34689807857632047217e+02
  -1.34957589121657292708e+02
  -1.35227998404870248805e+02
  -1.35501643485368589381e+02
  -1.35776887194179437302e+02
  -1.36055206485358695545e+02
  -1.36335592840915865054e+02
  -1.36616827825956363540e+02
  -1.36899159321926418897e+02
  -1.37181177342216273018e+02
  -1.37464501147944361037e+02
  -1.37747307825894722555e+02
  -1.38030072217172431692e+02
  -1.38311396355552346904e+02
  -1.38592147826746440842e+02
  -1.38875296583412023210e+02
  -1.39156514837655294059e+02
  -1.39438096688394580269e+02
  -1.39721194892479530836e+02
  -1.40006487137982588820e+02
  -1.40293948257492701259e+02
  -1.40585538867789409778e+02
  -1.40879474282013518405e+02
  -1.41180066907982450175e+02
  -1.41486092415291182078e+02
  -1.41800337112397954797e+02
  -1.42122402489259201275e+02
  -1.42455889151171561480e+02
  -1.42801733967035147543e+02
  -1.43159069648302619271e+02
  -1.43530208384612592454e+02
  -1.43917895880796351094e+02
  -1.44322102592329230220e+02
  -1.44745023503089981887e+02
  -1.45188546891880292833e+02
  -1.45654669126271329560e+02
  -1.46144675529623128796e+02
  -1.46661603090525858306e+02
  -1.47208802778943379508e+02
  -1.47788687516675821598e+02
  -1.48403298947074233638e+02
  -1.49057510382096580770e+02
  -1.49757136290688038116e+02
  -1.50505770974970289444e+02
  -1.51310521212241440026e+02
  -1.52179372307473727233e+02
  -1.53123205028196110788e+02
  -1.54156872366136610708e+02
  -1.55295450881132779841e+02
  -1.56562389609067423635e+02
  -1.57989288004585887393e+02
  -1.59615028258175073006e+02
  -1.61494078414330545002e+02
  -1.63674325307097319637e+02
  -1.66123333992836023754e+02
  -1.68372885996257934949e+02
  -1.69048180291323092206e+02
  -1.67611821300574717952e+02
  -1.65461747864982214651e+02
  -1.63462493655063809683e+02
  -1.61766410378233871370e+02
  -1.60339239758455789797e+02
  -1.59126953780705349573e+02
  -1.58082068591174021321e+02
  -1.57167623788377909477e+02
  -1.56355796836330029009e+02
  -1.55627254952803639299e+02
  -1.54967770041548533300e+02
  -1.54361235843741042117e+02
  -1.53799504166145425188e+02
  -1.53274816303737424050e+02
  -1.52781662843903575322e+02
  -1.52316878256375616729e+02
  -1.51876116106969107022e+02
  -1.51457759990742317768e+02
  -1.51058456306154369031e+02
  -1.50679634226644282080e+02
  -1.50319165162105377931e+02
  -1.49978135992918964803e+02
  -1.49656783539120823434e+02
  -1.49353924508113152569e+02
  -1.49070702909268277381e+02
  -1.48808149425587998849e+02
  -1.48566723191971902907e+02
  -1.48347715117618747627e+02
  -1.48152487957247814165e+02
  -1.47981036809966411738e+02
  -1.47834383478484170382e+02
  -1.47714183490910670571e+02
  -1.47619535609316812952e+02
  -1.47551934447353062296e+02
  -1.47507972989884052595e+02
  -1.47487957450021838213e+02
  -1.47491666151738883173e+02
  -1.47510708560155222813e+02
  -1.47540930155290993753e+02
  -1.47574974773408087003e+02
  -1.47598912677491512113e+02
  -1.47602508025514907786e+02
  -1.47570675302946540342e+02
  -1.47492028426847639366e+02
  -1.47352387822858503341e+02
  -1.47143967190836121972e+02
  -1.46869021029570802739e+02
  -1.46529701409277265611e+02
  -1.46135431362939357314e+02
  -1.45701215913505450317e+02
  -1.45238102038322608678e+02
  -1.44758658764934978080e+02
  -1.44273444977383633159e+02
  -1.43792510659327348321e+02
  -1.43320730279393956152e+02
  -1.42863886761061394282e+02
  -1.42424592241696586825e+02
  -1.42007967808536960774e+02
  -1.41606462495979570804e+02
  -1.41229106141789259254e+02
  -1.40866035971624910417e+02
  -1.40526579388343179744e+02
  -1.40199951212506704223e+02
  -1.39896345864280505111e+02
  -1.39604320237012217376e+02
  -1.39331858177676167543e+02
  -1.39069029292387483565e+02
  -1.38823400401710415508e+02
  -1.38586038799501608310e+02
  -1.38363985706562658606e+02
  -1.38149202298481498019e+02
  -1.37948260103802880394e+02
  -1.37753749218736089688e+02
  -1.37570244534198621977e+02
  -1.37391977401060444208e+02
  -1.37223221155381082781e+02
  -1.37059018396983475441e+02
  -1.36903726767415207632e+02
  -1.36752595929206279379e+02
  -1.36609572394411912910e+02
  -1.36470380639343261464e+02
  -1.36337443472229182362e+02
  -1.36207532927919459098e+02
  -1.36083085284455819419e+02
  -1.35961329675313947973e+02
  -1.35845574388284831002e+02
  -1.35732696885066701498e+02
  -1.35622399678462187467e+02
  -1.35513606652344861914e+02
  -1.35411890601148911628e+02
  -1.35313429863972515932e+02
  -1.35219384150529492672e+02
  -1.35127534550013081116e+02
  -1.35036231593191871525e+02
  -1.34945464840941895091e+02
  -1.34855224366143744419e+02
  -1.34771543028668304487e+02
  -1.34691042817503415563e+02
  -1.34611025456110638743e+02
  -1.34531480317468805197e+02
  -1.34452397243478515065e+02
  -1.34380192577760595896e+02
  -1.34311331478827924002e+02
  -1.34242891044851631932e+02
  -1.34174909132573560555e+02
  -1.34107375972845801471e+02
  -1.34043887695593014087e+02
  -1.33982489184510569658e+02
  -1.33921519184618688314e+02
  -1.33860984867639899676e+02
  -1.33800912438929344717e+02
  -1.33744776786503678068e+02
  -1.33690653321299407708e+02
  -1.33636867075266565053e+02
  -1.33583409179071736617e+02
  -1.33530271068409916779e+02
  -1.33479215652511101098e+02
  -1.33429375664252603428e+02
  -1.33379848041291836580e+02
  -1.33330624793388352600e+02
  -1.33281698186229277781e+02
  -1.33235529638384065265e+02
  -1.33190882871759441741e+02
  -1.33146547656940811066e+02
  -1.33102565688286944123e+02
  -1.33058876174565085648e+02
  -1.33017269955590904829e+02
  -1.32976854991349313195e+02
  -1.32936723411164763320e+02
  -1.32896868522254294476e+02
  -1.32857283820457439560e+02
  -1.32820179087841097498e+02
  -1.32784479946345726376e+02
  -1.32749051636088040595e+02
  -1.32713888050369973826e+02
  -1.32678983244086623472e+02
  -1.32646353035790014019e+02
  -1.32615037380226567620e+02
  -1.32583979976323149685e+02
  -1.32553191713839794375e+02
  -1.32522639991493548450e+02
  -1.32492314464074240732e+02
  -1.32462218777873772524e+02
  -1.32432351840511898899e+02
  -1.32402708609717848276e+02
  -1.32373284164072686053e+02
  -1.32345790904267403221e+02
  -1.32319454250746503021e+02
  -1.32293327144364951664e+02
  -1.32267404917046235369e+02
  -1.32241683006486994145e+02
  -1.32217865200228033018e+02
  -1.32195214063125973780e+02
  -1.32172770680685204070e+02
  -1.32150532490471192659e+02
  -1.32128493454609781566e+02
  -1.32106769019304294943e+02
  -1.32085309695582651557e+02
  -1.32064043964327709091e+02
  -1.32042967908146010814e+02
  -1.32022077690750762713e+02
  -1.32001955411541416652e+02
  -1.31982328032532933548e+02
  -1.31962867563491471401e+02
  -1.31943575572958849307e+02
  -1.31924448561480176068e+02
  -1.31906119773307580090e+02
  -1.31888334856452189570e+02
  -1.31870710560848493742e+02
  -1.31853243597370919815e+02
  -1.31835888189081856581e+02
  -1.31820518959070966503e+02
  -1.31806445796090002887e+02
  -1.31792533688378284751e+02
  -1.31778779523519489203e+02
  -1.31765180244847556423e+02
  -1.31751594263770300586e+02
  -1.31738075075283148863e+02
  -1.31724680729463329953e+02
  -1.31711379976939383596e+02
  -1.31698225211434419180e+02
  -1.31684853439836075495e+02
  -1.31671382418594845376e+02
  -1.31658036795397748620e+02
  -1.31644813964880825097e+02
  -1.31631711366117144735e+02
  -1.31619184817539633059e+02
  -1.31607016598152995357e+02
  -1.31594950240013986331e+02
  -1.31582997657144858294e+02
  -1.31571156466499843418e+02
  -1.31561701146963457632e+02
  -1.31553881597010104088e+02
  -1.31546185140015779780e+02
  -1.31538609487233856044e+02
  -1.31531148552934496365e+02
  -1.31523500149704233309e+02
  -1.31515788713162407930e+02
  -1.31508193116549961132e+02
  -1.31500711255178941883e+02
  -1.31493341056012354784e+02
  -1.31484695142964199022e+02
  -1.31475202135727329278e+02
  -1.31465821877830705944e+02
  -1.31456550524088868315e+02
  -1.31447379928129521431e+02
  -1.31439271086755752549e+02
  -1.31431946580055296181e+02
  -1.31424730023505873078e+02
  -1.31417619594343904055e+02
  -1.31410613495486757074e+02
  -1.31404285736960218856e+02
  -1.31398474697808808287e+02
  -1.31392763689696920437e+02
  -1.31387160303309286746e+02
  -1.31381652832303586820e+02
  -1.31377154368068914891e+02
  -1.31373425118921971944e+02
  -1.31369789477769785435e+02
  -1.31366245822445819158e+02
  -1.31362792551572283628e+02
  -1.31359554906802458163e+02
  -1.31356498205296873039e+02
  -1.31353541225175206364e+02
  -1.31350670570656490099e+02
  -1.31347880448053388136e+02
  -1.31344794937213123376e+02
  -1.31341500377683018996e+02
  -1.31338283228266760716e+02
  -1.31335142073972633625e+02
  -1.31332075517018779465e+02
  -1.31328827282311578983e+02
  -1.31325485286817098540e+02
  -1.31322265256049519166e+02
  -1.31319150604395218807e+02
  -1.31316140195698437765e+02
  -1.31313421873113924221e+02
  -1.31310959447113646092e+02
  -1.31308601428524156063e+02
  -1.31306346739793468714e+02
  -1.31304194318534143804e+02
  -1.31303803301474715681e+02
  -1.31304872486233279005e+02
  -1.31306040658799190624e+02
  -1.31307298516076912165e+02
  -1.31308644859457899656e+02
  -1.31309656682423337770e+02
  -1.31310404020231089817e+02
  -1.31311237345288930101e+02
  -1.31312155528810848182e+02
  -1.31313157454251353329e+02
  -1.31314847999846506355e+02
  -1.31317139630872304679e+02
  -1.31319509910698997146e+02
  -1.31321952409030672015e+02
  -1.31324466086060908765e+02
  -1.31326656982940278340e+02
  -1.31328575807592073943e+02
  -1.31330562218846523592e+02
  -1.31332615230485686197e+02
  -1.31334733866299188776e+02
  -1.31336804091121052807e+02
  -1.31338841705058996467e+02
  -1.31340944965111674492e+02
  -1.31343107116589294492e+02
  -1.31345327229514111878e+02
  -1.31347781335063928054e+02
  -1.31350452234815350039e+02
  -1.31353179541627980598e+02
  -1.31355962358035242232e+02
  -1.31358799794975055875e+02
  -1.31362286760781302064e+02
  -1.31366380385986673218e+02
  -1.31370538486098553221e+02
  -1.31374752688931437206e+02
  -1.31379022164809498463e+02
  -1.31383456893822710754e+02
  -1.31388051013592843219e+02
  -1.31392700105416821543e+02
  -1.31397403372302818525e+02
  -1.31402160024353548806e+02
  -1.31406232157272967243e+02
  -1.31409659370219799257e+02
  -1.31413154381409981397e+02
  -1.31416715850232208140e+02
  -1.31420340137672013725e+02
  -1.31424656262477668633e+02
  -1.31429652316192118633e+02
  -1.31434712356855186499e+02
  -1.31439835652965939516e+02
  -1.31445021478960228478e+02
  -1.31450464508277775622e+02
  -1.31456152914158934664e+02
  -1.31461887422390219626e+02
  -1.31467670579607556647e+02
  -1.31473499719353583259e+02
  -1.31479495267868117026e+02
  -1.31485659515275472131e+02
  -1.31491867424115724816e+02
  -1.31498118325333393841e+02
  -1.31504411554944653062e+02
  -1.31510405145255873549e+02
  -1.31516097814893669238e+02
  -1.31521847795940232118e+02
  -1.31527654478424807394e+02
  -1.31533519313468644896e+02
  -1.31539440731674204699e+02
  -1.31545417036539589617e+02
  -1.31551447636703585431e+02
  -1.31557531945279720276e+02
  -1.31563669379761904565e+02
  -1.31570094953847103625e+02
  -1.31576823703167264057e+02
  -1.31583599076855875865e+02
  -1.31590420499764832130e+02
  -1.31597287400848642847e+02
  -1.31604199944497082697e+02
  -1.31611158231039524935e+02
  -1.31618160295848895203e+02
  -1.31625205583678308585e+02
  -1.31632293543064889718e+02
  -1.31640175108289184891e+02
  -1.31648947380552783670e+02
  -1.31657765205458446189e+02
  -1.31666628059380542481e+02
  -1.31675535422094270643e+02
  -1.31684486776731944246e+02
  -1.31693481609719128755e+02
  -1.31702520492587467515e+02
  -1.31711602124535119174e+02
  -1.31720725704657553479e+02
  -1.31729824897489663726e+02
  -1.31738887019737859418e+02
  -1.31747988408384742343e+02
  -1.31757128590714245320e+02
  -1.31766307097065123344e+02
  -1.31775523460796677000e+02
  -1.31784777218215651828e+02
  -1.31794067908559554780e+02
  -1.31803395073934780157e+02
  -1.31812759048556102925e+02
  -1.31822181691159926231e+02
  -1.31831674336474179654e+02
  -1.31841210903622453543e+02
  -1.31850790929942689900e+02
  -1.31860413955271070563e+02
  -1.31870079521885770646e+02
  -1.31879787174496357238e+02
  -1.31889536460177907884e+02
  -1.31899326928347733201e+02
  -1.31909158130724676994e+02
  -1.31919340363236329949e+02
  -1.31929956727022727137e+02
  -1.31940611352624785013e+02
  -1.31951303783996280572e+02
  -1.31962033606978224043e+02
  -1.31972800409604900551e+02
  -1.31983603782067518750e+02
  -1.31994443316668650823e+02
  -1.32005318607786875873e+02
  -1.32016229251867571293e+02
  -1.32026820514581942234e+02
  -1.32036975565987489745e+02
  -1.32047162144724154587e+02
  -1.32057379928555661763e+02
  -1.32067628525861152866e+02
  -1.32077907521903739507e+02
  -1.32088216546629013237e+02
  -1.32098555231834524193e+02
  -1.32108923211168473699e+02
  -1.32119320120085149028e+02
  -1.32130184602905615066e+02
  -1.32141689520086345055e+02
  -1.32153232175020264094e+02
  -1.32164812208174055286e+02
  -1.32176429261615766109e+02
  -1.32188082979004036588e+02
  -1.32199772883795048983e+02
  -1.32211498733673863626e+02
  -1.32223260182246008299e+02
  -1.32235056879234463167e+02
  -1.32246741811324596938e+02
  -1.32258250238011612510e+02
  -1.32269792370874739618e+02
  -1.32281367881056354463e+02
  -1.32292976441102808849e+02
  -1.32304617724909235221e+02
  -1.32316291407724349938e+02
  -1.32327997166123282113e+02
  -1.32339734657583989019e+02
  -1.32351503314185549698e+02
  -1.32363756076456638766e+02
  -1.32376718212860566837e+02
  -1.32389711142738462968e+02
  -1.32402734558322748626e+02
  -1.32415788153073236799e+02
  -1.32428871621654252522e+02
  -1.32441984659913657651e+02
  -1.32455126964863353578e+02
  -1.32468298234657339663e+02
  -1.32481498168572329632e+02
  -1.32494088836545955701e+02
  -1.32505714683591236280e+02
  -1.32517371985458851213e+02
  -1.32529060789720432467e+02
  -1.32540780867036176005e+02
  -1.32552531950649722603e+02
  -1.32564313774854809935e+02
  -1.32576126074960882306e+02
  -1.32587968587303635104e+02
  -1.32599841049198374776e+02
  -1.32612709700415592806e+02
  -1.32627182518230597452e+02
  -1.32641685003917302765e+02
  -1.32656216873085270436e+02
  -1.32670777842205637853e+02
  -1.32685367417074729701e+02
  -1.32699985260430452172e+02
  -1.32714631354377530670e+02
  -1.32729305418682457685e+02
  -1.32744007173885307793e+02
  -1.32758270980404915917e+02
  -1.32771769348032734115e+02
  -1.32785292463958171538e+02
  -1.32798840078975189272e+02
  -1.32812411944662358110e+02
  -1.32826007813362849674e+02
  -1.32839627438172158236e+02
  -1.32853270572921559278e+02
  -1.32866936972161994390e+02
  -1.32880626027356981922e+02
  -1.32894358623111173756e+02
  -1.32908155053352118102e+02
  -1.32921979873826160201e+02
  -1.32935832839850377241e+02
  -1.32949713707347740410e+02
  -1.32963622232847484383e+02
  -1.32977558173469901703e+02
  -1.32991521286899597953e+02
  -1.33005511331383104334e+02
  -1.33019528065714041531e+02
  -1.33033981616470725839e+02
  -1.33049223900413494448e+02
  -1.33064494505835682503e+02
  -1.33079792843039541594e+02
  -1.33095118824129144741e+02
  -1.33110472418778982728e+02
  -1.33125853393208586795e+02
  -1.33141261514098573571e+02
  -1.33156696548576036321e+02
  -1.33172158264229722135e+02
  -1.33187236028554735867e+02
  -1.33201543291347434206e+02
  -1.33215874666865261133e+02
  -1.33230229944827954114e+02
  -1.33244608915386010040e+02
  -1.33259011369120884183e+02
  -1.33273437097048400801e+02
  -1.33287885736324028585e+02
  -1.33302356810669266451e+02
  -1.33316850531582900885e+02
  -1.33331595918555962044e+02
  -1.33346828256444098315e+02
  -1.33362082650091821279e+02
  -1.33377358906412609940e+02
  -1.33392656832668080824e+02
  -1.33407976236475008136e+02
  -1.33423316925774145147e+02
  -1.33438678708853473154e+02
  -1.33454061394304687838e+02
  -1.33469464791030020479e+02
  -1.33484683096892325693e+02
  -1.33499490790769442583e+02
  -1.33514326386183284967e+02
  -1.33529189809599728278e+02
  -1.33544081127898664363e+02
  -1.33559000169409671344e+02
  -1.33573946762772436614e+02
  -1.33588920736924904986e+02
  -1.33603921921079432877e+02
  -1.33618950144713750205e+02
  -1.33634561692382533238e+02
  -1.33651432868992088743e+02
  -1.33668324715971181149e+02
  -1.33685237058548636924e+02
  -1.33702169722172442334e+02
  -1.33719122532498346345e+02
  -1.33736095315381760429e+02
  -1.33753087562901129104e+02
  -1.33770099193957264561e+02
  -1.33787130273524098811e+02
  -1.33804002535963491027e+02
  -1.33820483960950696201e+02
  -1.33836992034686460329e+02
  -1.33853526591494642162e+02
  -1.33870087465772712676e+02
  -1.33886674491966090272e+02
  -1.33903287504575018829e+02
  -1.33919926338126174414e+02
  -1.33936590827196937425e+02
  -1.33953280806372617917e+02
  -1.33969870709464203173e+02
  -1.33986179009590500755e+02
  -1.34002511894246907787e+02
  -1.34018868924230332595e+02
  -1.34035250364447023230e+02
  -1.34051656059470019500e+02
  -1.34068085853928266715e+02
  -1.34084539592530376240e+02
  -1.34101017120052375731e+02
  -1.34117518281317074980e+02
  -1.34134005920666822931e+02
  -1.34150418228507902541e+02
  -1.34166848018547995025e+02
  -1.34183295141887754198e+02
  -1.34199759449685643631e+02
  -1.34216240793145260568e+02
  -1.34232739023509537901e+02
  -1.34249253992051819750e+02
  -1.34265785236679988657e+02
  -1.34282332690872010517e+02
  -1.34299070776818325612e+02
  -1.34316301524489517760e+02
  -1.34333557398762991397e+02
  -1.34350838258989767837e+02
  -1.34368143964504696442e+02
  -1.34385474374631996852e+02
  -1.34402829348678409360e+02
  -1.34420208745911310189e+02
  -1.34437612425548508099e+02
  -1.34455040246781663882e+02
  -1.34472792595487959488e+02
  -1.34491426471161219069e+02
  -1.34510089601657000458e+02
  -1.34528781868680823663e+02
  -1.34547502861388380779e+02
  -1.34566252524035093074e+02
  -1.34585030966742948522e+02
  -1.34603838071525700570e+02
  -1.34622673720473358117e+02
  -1.34641537795742522121e+02
  -1.34659878860494131914e+02
  -1.34676593329815034394e+02
  -1.34693331009005561327e+02
  -1.34710091768084737396e+02
  -1.34726875476965346934e+02
  -1.34743682005465444718e+02
  -1.34760511223298180994e+02
  -1.34777363000063928666e+02
  -1.34794237205241614674e+02
  -1.34811133708198838121e+02
  -1.34828437512483276350e+02
  -1.34846984464100472678e+02
  -1.34865558529318718683e+02
  -1.34884159597673630060e+02
  -1.34902787558748968877e+02
  -1.34921442302119260148e+02
  -1.34940123717330266118e+02
  -1.34958831693941789354e+02
  -1.34977566121465343940e+02
  -1.34996326889407299632e+02
  -1.35014998457559329381e+02
  -1.35033306093770534062e+02
  -1.35051633057960287942e+02
  -1.35069979250869948828e+02
  -1.35088344573148617656e+02
  -1.35106728925398300589e+02
  -1.35125132208144805190e+02
  -1.35143554104650149839e+02
  -1.35161994481706926763e+02
  -1.35180453488393169437e+02
  -1.35198952803157567359e+02
  -1.35217550418568123405e+02
  -1.35236170878253602723e+02
  -1.35254814078751024908e+02
  -1.35273479916447115556e+02
  -1.35292168287512623692e+02
  -1.35310879087946915433e+02
  -1.35329612213550092292e+02
  -1.35348367559892352574e+02
  -1.35367145022361171414e+02
  -1.35386053890912052111e+02
  -1.35405396241219790454e+02
  -1.35424761330711930896e+02
  -1.35444149063161603408e+02
  -1.35463559180906827351e+02
  -1.35482991472642197550e+02
  -1.35502446115717589237e+02
  -1.35521923013086563969e+02
  -1.35541422067528060325e+02
  -1.35560943181548509529e+02
  -1.35580590358553905617e+02
  -1.35600676924511560628e+02
  -1.35620788000339928203e+02
  -1.35640923500384332101e+02
  -1.35661083338878228233e+02
  -1.35681267429913958722e+02
  -1.35701475687482286503e+02
  -1.35721708025450993773e+02
  -1.35741964357505196404e+02
  -1.35762244597232950127e+02
  -1.35782319327013567545e+02
  -1.35801440380067418801e+02
  -1.35820583152826827700e+02
  -1.35839747906089115759e+02
  -1.35858934621657510888e+02
  -1.35878143240259930735e+02
  -1.35897373702502051174e+02
  -1.35916625948877424435e+02
  -1.35935899919783793166e+02
  -1.35955195555464854351e+02
  -1.35974548889204555735e+02
  -1.35994086815021717030e+02
  -1.36013644216545344534e+02
  -1.36033221012774816927e+02
  -1.36052817122484924539e+02
  -1.36072432464204041480e+02
  -1.36092066956224243768e+02
  -1.36111720516617509702e+02
  -1.36131393063176318492e+02
  -1.36151084497755704206e+02
  -1.36170694203431509095e+02
  -1.36189836209697688219e+02
  -1.36209000583210553259e+02
  -1.36228187259830974654e+02
  -1.36247396175281608066e+02
  -1.36266627265086100351e+02
  -1.36285880464587222605e+02
  -1.36305155708956931448e+02
  -1.36324452933174626423e+02
  -1.36343772071997705098e+02
  -1.36363201722683811568e+02
  -1.36383121961244768272e+02
  -1.36403070604053738180e+02
  -1.36423047583452955678e+02
  -1.36443052831457379170e+02
  -1.36463086279850244864e+02
  -1.36483147860122016937e+02
  -1.36503237503449184942e+02
  -1.36523354874444351026e+02
  -1.36543500099712872498e+02
  -1.36564234134095983109e+02
  -1.36588174131354037399e+02
  -1.36612147386162320117e+02
  -1.36636153873037585527e+02
  -1.36660193566584439395e+02
  -1.36684266441434715489e+02
  -1.36708372472224226613e+02
  -1.36732511633644662652e+02
  -1.36756683900371626805e+02
  -1.36780889247117585228e+02
  -1.36804644752156036702e+02
  -1.36825470539165934269e+02
  -1.36846329628489542074e+02
  -1.36867222001759301975e+02
  -1.36888147640477257028e+02
  -1.36909106526063652609e+02
  -1.36930098596656705467e+02
  -1.36951123620723535623e+02
  -1.36972181833966118347e+02
  -1.36993273217313060286e+02
  -1.37014356544700831364e+02
  -1.37035191720168995744e+02
  -1.37056049670565187171e+02
  -1.37076930352350615294e+02
  -1.37097833721850832944e+02
  -1.37118759735183118664e+02
  -1.37139708348308175800e+02
  -1.37160679516999977068e+02
  -1.37181673196814102766e+02
  -1.37202689343138757749e+02
  -1.37223824273983552757e+02
  -1.37245689693056874603e+02
  -1.37267581479610214501e+02
  -1.37289499605224477818e+02
  -1.37311444041250268810e+02
  -1.37333414736629265462e+02
  -1.37355411445127288061e+02
  -1.37377434375752272899e+02
  -1.37399483498994356978e+02
  -1.37421558785049256812e+02
  -1.37443627584076409676e+02
  -1.37465459446578847746e+02
  -1.37487318449878614501e+02
  -1.37509204575298923601e+02
  -1.37531117803985523551e+02
  -1.37553058116875405403e+02
  -1.37575025494748274468e+02
  -1.37597019918163482544e+02
  -1.37619041367477763060e+02
  -1.37641089822856571345e+02
  -1.37663158585400992706e+02
  -1.37685195996747495428e+02
  -1.37707263498176700978e+02
  -1.37729361079133582280e+02
  -1.37751488728949652796e+02
  -1.37773646301714080664e+02
  -1.37795833833142580716e+02
  -1.37818051399608037855e+02
  -1.37840298989819984854e+02
  -1.37862576592293692102e+02
  -1.37884914696564777614e+02
  -1.37907590583458386391e+02
  -1.37930295961336327082e+02
  -1.37953030826584949864e+02
  -1.37975795175481835031e+02
  -1.37998589004129883051e+02
  -1.38021412308553550474e+02
  -1.38044265084632854723e+02
  -1.38067147328082626245e+02
  -1.38090059034505088675e+02
  -1.38112977264238764974e+02
  -1.38135662023152264055e+02
  -1.38158377256787503029e+02
  -1.38181122991890902085e+02
  -1.38203899255309721639e+02
  -1.38226705946235455258e+02
  -1.38249543164024572661e+02
  -1.38272410990590344682e+02
  -1.38295309453151133994e+02
  -1.38318238578981294040e+02
  -1.38341267319745384157e+02
  -1.38365245705861752867e+02
  -1.38389262704192930187e+02
  -1.38413318357134812686e+02
  -1.38437412707207926132e+02
  -1.38461545797080106013e+02
  -1.38485717669545493891e+02
  -1.38509928367493984069e+02
  -1.38534177933958318363e+02
  -1.38558466412084243302e+02
  -1.38582774547077235638e+02
  -1.38606817714216163040e+02
  -1.38630896231887533077e+02
  -1.38655010131508817040e+02
  -1.38679159444502232645e+02
  -1.38703344152184939730e+02
  -1.38727564244579696151e+02
  -1.38751819843884334205e+02
  -1.38776110981381776810e+02
  -1.38800437688337069631e+02
  -1.38824753072858413816e+02
  -1.38848213277157583434e+02
  -1.38871708748396514466e+02
  -1.38895239527116416411e+02
  -1.38918805653883453033e+02
  -1.38942407169334614991e+02
  -1.38966044114148928657e+02
  -1.38989716529014003754e+02
  -1.39013424454674037634e+02
  -1.39037167931905997875e+02
  -1.39060984050960541936e+02
  -1.39085724548836878967e+02
  -1.39110501659642636696e+02
  -1.39135315437028594943e+02
  -1.39160165934785794661e+02
  -1.39185053206773375223e+02
  -1.39209977251722364144e+02
  -1.39234938135773774093e+02
  -1.39259935955872947488e+02
  -1.39284970766243816342e+02
  -1.39310029844348633787e+02
  -1.39334714923087148009e+02
  -1.39359440261443523923e+02
  -1.39384205929273491620e+02
  -1.39409011996614793816e+02
  -1.39433858533735872243e+02
  -1.39458745611105172202e+02
  -1.39483673299368547305e+02
  -1.39508641669372622118e+02
  -1.39533650792140775820e+02
  -1.39558716758827415561e+02
  -1.39584610096207910601e+02
  -1.39610548933115182990e+02
  -1.39636533376504104353e+02
  -1.39662563533886327605e+02
  -1.39688639513304565298e+02
  -1.39714761423392957340e+02
  -1.39740929356707681563e+02
  -1.39767143403180284622e+02
  -1.39793403709347046515e+02
  -1.39819697048186441179e+02
  -1.39844715709958620664e+02
  -1.39869776912980341876e+02
  -1.39894880761995210605e+02
  -1.39920027362179666852e+02
  -1.39945216819125505481e+02
  -1.39970449238773653633e+02
  -1.39995724727517597330e+02
  -1.40021043392138722083e+02
  -1.40046405339785735578e+02
  -1.40071810678024803565e+02
</dep>
<dep dBS11 frequency>
  +2.05080739882831730725e+00
  +3.09539418267466537316e+00
  +3.88376283296937474532e+00
  +4.29218186871199591792e+00
  +4.23973386706154098391e+00
  +3.75736635645672301109e+00
  +2.96806250651395497897e+00
  +2.01534212187306538411e+00
  +1.00409721972274712520e+00
  -9.78713336631410746325e-03
  -9.87653637915539839298e-01
  -1.91215604870350586175e+00
  -2.77635571630722122194e+00
  -3.57886311819274194335e+00
  -4.32247696423586802439e+00
  -5.00487675910960483350e+00
  -5.62997463805099407352e+00
  -6.19541779337513442982e+00
  -6.70791389442003094246e+00
  -7.16468684215451823150e+00
  -7.67809316124455243369e+00
  -8.17662124966074976840e+00
  -8.65950421670192227452e+00
  -9.12505081583671895373e+00
  -9.57607949441519323841e+00
  -1.00084414223178193026e+01
  -1.04278498342942889110e+01
  -1.08255809805880112151e+01
  -1.12010971644166712480e+01
  -1.15505413304193069735e+01
  -1.19153495855041047236e+01
  -1.22591987483988145158e+01
  -1.25773963329031843728e+01
  -1.28640841521124915658e+01
  -1.31232584578933213493e+01
  -1.33435876564778865827e+01
  -1.35304904190144288378e+01
  -1.36728030279128969227e+01
  -1.37911040515245986171e+01
  -1.38644986290331555523e+01
  -1.42570170084284590928e+01
  -1.46267479211328890187e+01
  -1.49632882778129960855e+01
  -1.52445342402779697721e+01
  -1.54904424517244656556e+01
  -1.56676421955475841941e+01
  -1.57667885178904683130e+01
  -1.57866795779303092928e+01
  -1.57437946766450505010e+01
  -1.56285563190455114579e+01
  -1.55822177991491841453e+01
  -1.55290980807594749535e+01
  -1.54772782543910185638e+01
  -1.54136833600330689364e+01
  -1.53352964819963126786e+01
  -1.52453668656288527927e+01
  -1.51731981442032743956e+01
  -1.50907555056058768628e+01
  -1.50102302735958126334e+01
  -1.49187803079256973149e+01
  -1.46355703309654128219e+01
  -1.43285386545028146088e+01
  -1.40361837287456516776e+01
  -1.37356037420830254803e+01
  -1.34392508834466983814e+01
  -1.31372473808830765307e+01
  -1.28406124430282453375e+01
  -1.25404021269307115460e+01
  -1.22458694745998020181e+01
  -1.19490004619163592281e+01
  -1.17691535535928757383e+01
  -1.15876664345942366197e+01
  -1.14059680172298971712e+01
  -1.12158421384072894966e+01
  -1.10328405516296115252e+01
  -1.08422961287509167505e+01
  -1.06434180144263024204e+01
  -1.04375886970198816783e+01
  -1.02401421372968783885e+01
  -1.00372546184045692286e+01
  -9.85005484213749049616e+00
  -9.65804414613881512253e+00
  -9.46763162317378359489e+00
  -9.27180908140854675992e+00
  -9.08160850561391441715e+00
  -8.88607476450521360789e+00
  -8.69069391512293343283e+00
  -8.48981289164388819302e+00
  -8.29040392340032461505e+00
  -8.08587094216813895287e+00
  -7.87930364468974264724e+00
  -7.66692557289042753155e+00
  -7.45587296108136854400e+00
  -7.23947054741895001939e+00
  -7.02764681450992689804e+00
  -6.81020194937817358039e+00
  -6.60326498679833484573e+00
  -6.39031880937460705638e+00
  -6.17859341115285420898e+00
  -5.95961277338740380571e+00
  -5.75011757386231892042e+00
  -5.53269211535537053237e+00
  -5.32563420308470814035e+00
  -5.10928792981053891964e+00
  -4.90424304464520322000e+00
  -4.68831001900675659044e+00
  -4.49413624371642583810e+00
  -4.28715197285263549531e+00
  -4.10497045633534440867e+00
  -3.90715236082534200790e+00
  -3.76915495069431827346e+00
  -3.61404442266425585117e+00
  -3.50882607635405374680e+00
  -3.38077246259696417852e+00
  -3.32070241497530194152e+00
  -3.23560637092601144360e+00
  -3.24092479666002120098e+00
  -3.22159702408281756192e+00
  -3.27425098081524046378e+00
  -3.37770685126218594974e+00
  -3.52813896526919679175e+00
  -3.73406978750099405318e+00
  -3.99960328583712332318e+00
  -4.32645037382340369447e+00
  -4.70163825130620782744e+00
  -5.11385295938185802100e+00
  -5.55989270022397441551e+00
  -6.02051310246793480729e+00
  -6.48186347664025674931e+00
  -6.93326050683006123165e+00
  -7.35246765155493786636e+00
  -7.73725344900887179733e+00
  -8.08155688598004751100e+00
  -8.38506958840540050915e+00
  -8.64943061894890163899e+00
  -8.87690029009762682222e+00
  -9.06880789273076715062e+00
  -9.23036148908635389887e+00
  -9.36922558426324236791e+00
  -9.48789994373010792117e+00
  -9.59597795386864582667e+00
  -9.69406703333952535218e+00
  -9.78442648872600528875e+00
  -9.86627810692891671351e+00
  -9.94273176358071530956e+00
  -1.00152212287315691697e+01
  -1.00810969767860054702e+01
  -1.01421277463581667178e+01
  -1.01959475762489724104e+01
  -1.02459592039660574159e+01
  -1.02852069838947848268e+01
  -1.03134217431596919567e+01
  -1.03337873145583465373e+01
  -1.03452312736547717975e+01
  -1.03497898144144571120e+01
  -1.03464673580663184538e+01
  -1.03370039113282601306e+01
  -1.03193694567581246702e+01
  -1.02943885440937457076e+01
  -1.02668316354885433839e+01
  -1.02335702105460093492e+01
  -1.01988917319561185337e+01
  -1.01611280937944208347e+01
  -1.01238185446144726143e+01
  -1.00854063086073750810e+01
  -1.00509301534543240564e+01
  -1.00201746969683487265e+01
  -9.98913311824326655142e+00
  -9.96901279851909194463e+00
  -9.95227365572745092948e+00
  -9.94312729086843205550e+00
  -9.94065509610862640955e+00
  -9.94447908035854766240e+00
  -9.95869973495633153959e+00
  -9.98091609906316179490e+00
  -1.00106068511831036716e+01
  -1.00494119128245209538e+01
  -1.00946535388199123418e+01
  -1.01514053908104351365e+01
  -1.02166419227947784520e+01
  -1.02927457475093149242e+01
  -1.03803816394757220110e+01
  -1.04774773228249102885e+01
  -1.05837004270632277780e+01
  -1.06981816672711502747e+01
  -1.08214985786306350235e+01
  -1.09528068776825762143e+01
  -1.10925244176696793375e+01
  -1.12360463519200273197e+01
  -1.13855869731835390724e+01
  -1.15300451950241455989e+01
  -1.16727522893436663765e+01
  -1.18143757259604917920e+01
  -1.19520423859575490866e+01
  -1.20827668203343030484e+01
  -1.22078010023474998746e+01
  -1.23226938827397951570e+01
  -1.24221994726948246068e+01
  -1.25082118968335205267e+01
  -1.25742714497358871739e+01
  -1.26340314472886579011e+01
  -1.26734040456035188527e+01
  -1.26852127030872789959e+01
  -1.26736195770863417920e+01
  -1.26355273556397573742e+01
  -1.25731646472238338674e+01
  -1.24883807825669492786e+01
  -1.23805958342459003774e+01
  -1.22532723604118736205e+01
  -1.21096692991473418033e+01
  -1.19529973193717697910e+01
  -1.17852980107983125180e+01
  -1.16117321534993056531e+01
  -1.14345569901926413792e+01
  -1.12526114488292847682e+01
  -1.10722508419747338593e+01
  -1.08917837240720913883e+01
  -1.07196208902353902204e+01
  -1.05524718017670018355e+01
  -1.03917945307437076252e+01
  -1.02370327203695019591e+01
  -1.00898969908411721974e+01
  -9.95327370374066866532e+00
  -9.82589986361387701663e+00
  -9.70985634612272718869e+00
  -9.60593228633471341027e+00
  -9.51301182697664948762e+00
  -9.43383077053952945334e+00
  -9.36308746488663778962e+00
  -9.30344438011571561731e+00
  -9.25712596971031231874e+00
  -9.22009382868706417469e+00
  -9.19109859680372665025e+00
  -9.16795609950704459834e+00
  -9.14758325477225753275e+00
  -9.12866210648770071145e+00
  -9.10523736731712673986e+00
  -9.07653562338439279245e+00
  -9.03749484960258975264e+00
  -8.98413760507603598171e+00
  -8.90685736364508073848e+00
  -8.80390971791880083686e+00
  -8.67089152513013772250e+00
  -8.50980677083958347851e+00
  -8.31437313539683486852e+00
  -8.08286685950551131441e+00
  -7.82090364192444553737e+00
  -7.53087361697723167708e+00
  -7.21590147422853434023e+00
  -6.88451225553439449811e+00
  -6.55229735728896667268e+00
  -6.21753296155051593530e+00
  -5.88222681629804000636e+00
  -5.55408563080157069436e+00
  -5.23860396814691497980e+00
  -4.93621623880305371301e+00
  -4.65263627552538050480e+00
  -4.38790452417919052408e+00
  -4.14307379161887823216e+00
  -3.91554902807515370355e+00
  -3.70476915475622359253e+00
  -3.50741114901315320651e+00
  -3.33160971988670340238e+00
  -3.17209794620170848489e+00
  -3.03062563818924379788e+00
  -2.90451861761952745411e+00
  -2.80261952210229159377e+00
  -2.70260162088609989794e+00
  -2.62212965179942969485e+00
  -2.54418898622678923971e+00
  -2.48616682966541002742e+00
  -2.43148454389157908651e+00
  -2.39315134187577971403e+00
  -2.35730330788989750346e+00
  -2.33237596044951578378e+00
  -2.30833659096771981467e+00
  -2.29482826404354822714e+00
  -2.28245773025438047910e+00
  -2.27740411978141654714e+00
  -2.27270914301013338132e+00
  -2.27653440260008377294e+00
  -2.28139325894123867755e+00
  -2.29033709355013215259e+00
  -2.29891324897684956596e+00
  -2.31144975593411006187e+00
  -2.32378792022696334385e+00
  -2.33995119716304378343e+00
  -2.35599323425540774224e+00
  -2.37547327989530732140e+00
  -2.39492477304678752503e+00
  -2.41950089968080028768e+00
  -2.44494483135549467434e+00
  -2.47081609354069531292e+00
  -2.49574941821278262211e+00
  -2.52408908729835790297e+00
  -2.55283539985560459229e+00
  -2.57909647247908857537e+00
  -2.60336173561792660891e+00
  -2.63331099825375680723e+00
  -2.66466184510310499789e+00
  -2.68920465334400349278e+00
  -2.71001609810714239046e+00
  -2.72933964479922952506e+00
  -2.74714576278391042763e+00
  -2.76340609205196763298e+00
  -2.78238759831786719445e+00
  -2.80202454972024339597e+00
  -2.82039666187787219087e+00
  -2.83747991446547320749e+00
  -2.85325110984142238379e+00
  -2.88215868314997614164e+00
  -2.91656045388363338589e+00
  -2.95007607244605640773e+00
  -2.98262974832050797858e+00
  -3.01420473749195849678e+00
  -3.04717982521656116646e+00
  -3.08040790975127665163e+00
  -3.11280756878371622776e+00
  -3.14441805275967301014e+00
  -3.17533763583606143399e+00
  -3.20341179026019950982e+00
  -3.22978434997717744892e+00
  -3.25538819404904655741e+00
  -3.28020863834270759440e+00
  -3.30423120945194392917e+00
  -3.32813227602169980912e+00
  -3.35174922254535223587e+00
  -3.37464537296407307565e+00
  -3.39680864646938740492e+00
  -3.41822717272149079193e+00
  -3.43938297563833694781e+00
  -3.46012815819741570422e+00
  -3.48024029124731804075e+00
  -3.49981219912154895013e+00
  -3.51872011253034022715e+00
  -3.53822532004691758800e+00
  -3.55777206379164034900e+00
  -3.57672909531490113011e+00
  -3.59508668713982837417e+00
  -3.61283527123462633313e+00
  -3.63717682938169328821e+00
  -3.66473394618392855904e+00
  -3.69183853668170192108e+00
  -3.71848290359693134377e+00
  -3.74465941811130242911e+00
  -3.77251906680954274265e+00
  -3.80110620955862987813e+00
  -3.82931469740457375295e+00
  -3.85716921949141910986e+00
  -3.88461285282627022397e+00
  -3.90441941482186694046e+00
  -3.91989112188556276806e+00
  -3.93489132306838840236e+00
  -3.94941465531185587068e+00
  -3.96345586462904408975e+00
  -3.97905954319681853804e+00
  -3.99535895266081020338e+00
  -4.01123623610311774712e+00
  -4.02668633186037894234e+00
  -4.04170425834319146929e+00
  -4.06256112245113509829e+00
  -4.08656867568989490280e+00
  -4.11021732711863485576e+00
  -4.13348924878351198231e+00
  -4.15639008630731687788e+00
  -4.17843716066663795061e+00
  -4.19985233110122635480e+00
  -4.22091181790069214230e+00
  -4.24161153206676910798e+00
  -4.26194744754796950303e+00
  -4.28009112093540444732e+00
  -4.29677189924797442444e+00
  -4.31312770012943147435e+00
  -4.32917018400135589218e+00
  -4.34489492463087234597e+00
  -4.36087771402231982876e+00
  -4.37691173578778958131e+00
  -4.39265272647208693257e+00
  -4.40809663180206001698e+00
  -4.42312316129681359911e+00
  -4.44525442309864349255e+00
  -4.47167455527621893197e+00
  -4.49782330129095875293e+00
  -4.52369790828401807659e+00
  -4.54929566044113631307e+00
  -4.57383617715782708757e+00
  -4.59762167431721202604e+00
  -4.62106669274340831066e+00
  -4.64409216556959236755e+00
  -4.66684466513346940530e+00
  -4.68396093085247144927e+00
  -4.69740079875277771748e+00
  -4.71058491072266694033e+00
  -4.72351021043939489630e+00
  -4.73617366828620589558e+00
  -4.74919266798348882475e+00
  -4.76220474638597490724e+00
  -4.77492766775574306592e+00
  -4.78739811394701586522e+00
  -4.79961320273363156730e+00
  -4.81598401156468725048e+00
  -4.83505276592268273816e+00
  -4.85388790039203144033e+00
  -4.87248731544366719959e+00
  -4.89083739611692536187e+00
  -4.90801684350430722503e+00
  -4.92440751274335308807e+00
  -4.94056257603716986182e+00
  -4.95648041790255877714e+00
  -4.97215945991513752489e+00
  -4.98386922893589012773e+00
  -4.99278089211048392571e+00
  -5.00148531431824583393e+00
  -5.00997234234889710081e+00
  -5.01821141155880834361e+00
  -5.02779873285882139555e+00
  -5.03830250304095805802e+00
  -5.04862366610381663179e+00
  -5.05876067187024780480e+00
  -5.06871198653462862183e+00
  -5.08206421884249159859e+00
  -5.09779578562285617949e+00
  -5.11330713614528953315e+00
  -5.12860545327839290053e+00
  -5.14367751087765334717e+00
  -5.16016983077810298397e+00
  -5.17767180024772954994e+00
  -5.19497203717927291677e+00
  -5.21206827144823314768e+00
  -5.22895824836806077940e+00
  -5.24244377384722426427e+00
  -5.25331433320405771781e+00
  -5.26400646622422740961e+00
  -5.27449569798996975578e+00
  -5.28477279561712975919e+00
  -5.29396653812588180443e+00
  -5.30227993032924782568e+00
  -5.31038161887036608277e+00
  -5.31827113172900034499e+00
  -5.32594802204951989211e+00
  -5.33957032798472042145e+00
  -5.35783224609721386855e+00
  -5.37592763780736415669e+00
  -5.39381902516879474518e+00
  -5.41150396730825189451e+00
  -5.42917420835043174066e+00
  -5.44680312693615498176e+00
  -5.46423727175129680944e+00
  -5.48147438160883382352e+00
  -5.49851221279879354142e+00
  -5.51208763177134652977e+00
  -5.52292703597800738180e+00
  -5.53371387613804266437e+00
  -5.54442721478518496525e+00
  -5.55506596642398164931e+00
  -5.56467758165947223858e+00
  -5.57341923383891391097e+00
  -5.58208242006523303047e+00
  -5.59066625394619443057e+00
  -5.59916985701402580844e+00
  -5.61121831089182698804e+00
  -5.62626549554688359933e+00
  -5.64120780473640337505e+00
  -5.65602992264899651076e+00
  -5.67073060938431350309e+00
  -5.68447463473479075446e+00
  -5.69736691948804718777e+00
  -5.71012831142637189430e+00
  -5.72275774477083221115e+00
  -5.73525416521529329827e+00
  -5.75069289633642632964e+00
  -5.76873860042379682511e+00
  -5.78666855136567459539e+00
  -5.80446559630468605917e+00
  -5.82212885059485607542e+00
  -5.83999228148740368027e+00
  -5.85802764832889177882e+00
  -5.87593336458489101659e+00
  -5.89370856136628784583e+00
  -5.91135237833191329315e+00
  -5.92654959961632954446e+00
  -5.93948810425174400507e+00
  -5.95231867450741525261e+00
  -5.96501770247367879563e+00
  -5.97758430226100756499e+00
  -5.99017727277310996215e+00
  -6.00279527798391665527e+00
  -6.01529036248434589851e+00
  -6.02766172875148065202e+00
  -6.03990859103095090177e+00
  -6.05054169979109346400e+00
  -6.05962046123739384029e+00
  -6.06858211654056045603e+00
  -6.07742382935030178714e+00
  -6.08613521118958811229e+00
  -6.09599574127506205201e+00
  -6.10699507810818431608e+00
  -6.11788577403830657886e+00
  -6.12866680677962882839e+00
  -6.13933716412659613582e+00
  -6.15059618923669049195e+00
  -6.16244352045540999541e+00
  -6.17418020680705481595e+00
  -6.18581734700664753746e+00
  -6.19734723039405999145e+00
  -6.20901431164330475099e+00
  -6.22082663758217169203e+00
  -6.23253078449003261596e+00
  -6.24412615578692786755e+00
  -6.25561216157362398604e+00
  -6.26473212747949315116e+00
  -6.27141615784317707494e+00
  -6.27801336865666392839e+00
  -6.28452308426843231359e+00
  -6.29095299379503103410e+00
  -6.29729854119200105345e+00
  -6.30355461384528581448e+00
  -6.30972057273225850338e+00
  -6.31579578847391687191e+00
  -6.32177964153280136372e+00
  -6.33139300850824682243e+00
  -6.34493211185303174204e+00
  -6.35837051400164465775e+00
  -6.37170757957314481956e+00
  -6.38494268016661514764e+00
  -6.39807864790316838111e+00
  -6.41111804001037022260e+00
  -6.42405363270125384645e+00
  -6.43688482662152949842e+00
  -6.44961103010824565729e+00
  -6.46038957142822223290e+00
  -6.46900303737226867185e+00
  -6.47752942952214638694e+00
  -6.48596825171508584162e+00
  -6.49431901391746180252e+00
  -6.50258123230654128122e+00
  -6.51075442940631532451e+00
  -6.51884437056516219400e+00
  -6.52684606400292821604e+00
  -6.53475734580424205689e+00
  -6.54386178799039264220e+00
  -6.55438109400563106988e+00
  -6.56481071076305511269e+00
  -6.57514999038381553476e+00
  -6.58539829114845343128e+00
  -6.59555497760179321176e+00
  -6.60561942073437347034e+00
  -6.61559099805231376479e+00
  -6.62546909373449288694e+00
  -6.63525920111003131296e+00
  -6.64433261913868911108e+00
  -6.65254286691223839512e+00
  -6.66064523114199946718e+00
  -6.66863935280755804058e+00
  -6.67652488094434204413e+00
  -6.68430147278215081030e+00
  -6.69196879379365938689e+00
  -6.69952651785064023926e+00
  -6.70697432729552733832e+00
  -6.71431191304352559257e+00
  -6.72621292995237407553e+00
  -6.74396659540503762287e+00
  -6.76163839534128374709e+00
  -6.77922714597736231212e+00
  -6.79673215238206029909e+00
  -6.81415272246972403281e+00
  -6.83148816712005579888e+00
  -6.84873780031398915469e+00
  -6.86590093925361077964e+00
  -6.88297690442706944225e+00
  -6.89805972201611972139e+00
  -6.91053071360768011999e+00
  -6.92290980630254271233e+00
  -6.93519887076952468163e+00
  -6.94739703556926802008e+00
  -6.95950222375651872397e+00
  -6.97151408690959861758e+00
  -6.98343228341718269547e+00
  -6.99525647848636111803e+00
  -7.00698634423593613718e+00
  -7.01659113504357634383e+00
  -7.02332871961366578262e+00
  -7.03000879676845435995e+00
  -7.03663102258277639578e+00
  -7.04319505616914831592e+00
  -7.04970055970442821547e+00
  -7.05615021108128903649e+00
  -7.06254080442641285487e+00
  -7.06887187571626807170e+00
  -7.07514309985577938278e+00
  -7.08282867829884210664e+00
  -7.09255614984470295070e+00
  -7.10220010807387058804e+00
  -7.11176003551413860038e+00
  -7.12123542065498416065e+00
  -7.13062575809995546905e+00
  -7.13993054861606601946e+00
  -7.14914929923584985261e+00
  -7.15828170203033931074e+00
  -7.16732941963621694725e+00
  -7.17793854565259614731e+00
  -7.19094938918613379997e+00
  -7.20390121856023313285e+00
  -7.21679379436407941739e+00
  -7.22962688064453296022e+00
  -7.24240024493366263414e+00
  -7.25511365827608400991e+00
  -7.26776689525494656863e+00
  -7.28035973401775393654e+00
  -7.29289195630097442091e+00
  -7.30475456668262079774e+00
  -7.31560401583532637915e+00
  -7.32639161587234255535e+00
  -7.33711522859107212469e+00
  -7.34777412642301364087e+00
  -7.35836777761451710234e+00
  -7.36889565285233327785e+00
  -7.37935722536925453596e+00
  -7.38975197096570912692e+00
  -7.40007936813629196848e+00
  -7.41130247970470090735e+00
  -7.42401570038863134471e+00
  -7.43664402192371021272e+00
  -7.44918709384007549090e+00
  -7.46164457105497724854e+00
  -7.47401681861401279150e+00
  -7.48630368155329772861e+00
  -7.49850395252050105910e+00
  -7.51061730849014974609e+00
  -7.52264343214956454631e+00
  -7.53472035573805509756e+00
  -7.54695275490762362836e+00
  -7.55910873109439584994e+00
  -7.57118779277769959890e+00
  -7.58318945206957284455e+00
  -7.59511322479870187863e+00
  -7.60695863058887145058e+00
  -7.61872519293664574036e+00
  -7.63041243929441392879e+00
  -7.64202077223578868370e+00
  -7.65307492047201964880e+00
  -7.66321743098299812402e+00
  -7.67329499796293568181e+00
  -7.68330722152648704082e+00
  -7.69325370544812692231e+00
  -7.70313405719492383383e+00
  -7.71294788797891239795e+00
  -7.72269481283439773733e+00
  -7.73237445064905770664e+00
  -7.74198642421951532810e+00
  -7.75041207403287835120e+00
  -7.75670234399730684771e+00
  -7.76293375252777906326e+00
  -7.76910664755513291624e+00
  -7.77522048827205480848e+00
  -7.78127464048744332814e+00
  -7.78726883749312470684e+00
  -7.79320281739753184524e+00
  -7.79907632315891863328e+00
  -7.80488910256685297639e+00
  -7.81216995040481876345e+00
  -7.82234773524941040534e+00
  -7.83245579252217272170e+00
  -7.84249378398024798997e+00
  -7.85246137522655374141e+00
  -7.86235823573648762164e+00
  -7.87218403888436224491e+00
  -7.88193866905437801051e+00
  -7.89162216643576108766e+00
  -7.90123365307334424301e+00
  -7.90943208707767020371e+00
  -7.91485289058809904361e+00
  -7.92022053166188122475e+00
  -7.92553494961572724264e+00
  -7.93079608617234388390e+00
  -7.93600388544641255351e+00
  -7.94115829398342398804e+00
  -7.94625926072030885905e+00
  -7.95130673704307078253e+00
  -7.95630067677046692864e+00
  -7.96420621668332451293e+00
  -7.97833984639484494750e+00
  -7.99240449874015634890e+00
  -8.00639943291943367853e+00
  -8.02032376585268202973e+00
  -8.03417685654190627531e+00
  -8.04795806443615369119e+00
  -8.06166674952137540799e+00
  -8.07530227242557963052e+00
  -8.08886399450557469493e+00
  -8.09972372757160030687e+00
  -8.10467311398166145864e+00
  -8.10955416013803187525e+00
  -8.11436654704539783722e+00
  -8.11910996047796018615e+00
  -8.12378409101792797742e+00
  -8.12838863409275447225e+00
  -8.13292355067136263358e+00
  -8.13738847223311800860e+00
  -8.14178292229854072559e+00
  -8.14858283236818259354e+00
  -8.16108555365049070929e+00
  -8.17352362786608388490e+00
  -8.18589692302136384683e+00
  -8.19820531055850310054e+00
  -8.21044866539958206886e+00
  -8.22262686594338632062e+00
  -8.23473979411282819285e+00
  -8.24678733532721430777e+00
  -8.25876937856687831641e+00
  -8.26995294749217535468e+00
  -8.27927515431623639586e+00
  -8.28852522250957690630e+00
  -8.29770277240506004546e+00
  -8.30680701253227482539e+00
  -8.31583740299578089150e+00
  -8.32479340743838491790e+00
  -8.33367449308804175701e+00
  -8.34248013085060513561e+00
  -8.35120979541606445196e+00
  -8.36045644108469865330e+00
  -8.37116360370115941691e+00
  -8.38181465824994376135e+00
  -8.39240938538311986861e+00
  -8.40294756749007376584e+00
  -8.41342898871573829922e+00
  -8.42385343497431549054e+00
  -8.43422069396265250418e+00
  -8.44453069208560513914e+00
  -8.45478318458964750448e+00
  -8.46238132503602713541e+00
  -8.46291185918634347729e+00
  -8.46338590844434790483e+00
  -8.46380334658996602570e+00
  -8.46416405265795290802e+00
  -8.46446791092054695582e+00
  -8.46471481088691035666e+00
  -8.46490464731931879783e+00
  -8.46503732023475308210e+00
  -8.46511273486128423826e+00
  -8.46881492178511230406e+00
  -8.48293338577342304063e+00
  -8.49699779437426805373e+00
  -8.51100780022997049912e+00
  -8.52496314483755490699e+00
  -8.53886346699828990836e+00
  -8.55270835843140986299e+00
  -8.56649748069463257139e+00
  -8.58023049768042156416e+00
  -8.59390707566483236235e+00
  -8.60515099983812703499e+00
  -8.60921700056242045207e+00
  -8.61322136198219823200e+00
  -8.61716385286091401952e+00
  -8.62104424541805158810e+00
  -8.62486231532808744760e+00
  -8.62861784174472745690e+00
  -8.63231060731991917123e+00
  -8.63594039822697645548e+00
  -8.63950700415705341584e+00
  -8.64622018431514582915e+00
  -8.66302139528938397461e+00
  -8.67975871366441786847e+00
  -8.69643161369420880646e+00
  -8.71303957030013798146e+00
  -8.72958205919779217652e+00
  -8.74605855698175460589e+00
  -8.76246854113508177875e+00
  -8.77881149016541506569e+00
  -8.79508688361586621340e+00
  -8.80906514097466519786e+00
  -8.81553527414656024064e+00
  -8.82195793753298218576e+00
  -8.82833266907156755110e+00
  -8.83465900746305266011e+00
  -8.84093649215330401603e+00
  -8.84716466339879481495e+00
  -8.85334308281130333285e+00
  -8.85947129465924021474e+00
  -8.86554881805601979750e+00
  -8.87309533971557584664e+00
  -8.88596684835131256364e+00
  -8.89877644060883454813e+00
  -8.91152384954106224768e+00
  -8.92420881033307189512e+00
  -8.93683106039323504888e+00
  -8.94939033932260130655e+00
  -8.96188638896477485218e+00
  -8.97431895345528651831e+00
  -8.98668777919016292799e+00
  -8.99766283646321696210e+00
  -9.00356926860998285633e+00
  -9.00939767198539520621e+00
  -9.01514785745602154066e+00
  -9.02081964282356452145e+00
  -9.02641285019150707569e+00
  -9.03192730336730242868e+00
  -9.03736283453194033655e+00
  -9.04271928121771040310e+00
  -9.04799648642389620079e+00
  -9.05424663242949634423e+00
  -9.06461928591661703081e+00
  -9.07490855245445793287e+00
  -9.08511384685307099573e+00
  -9.09523458769767323417e+00
  -9.10527019747745569589e+00
  -9.11522010264470239349e+00
  -9.12508373373568559828e+00
  -9.13486052553027150225e+00
  -9.14454991706418596209e+00
  -9.15291776834946801955e+00
  -9.15596338979491441989e+00
  -9.15895159682436599269e+00
  -9.16188208939421144805e+00
  -9.16475455263854676957e+00
  -9.16756867194893665385e+00
  -9.17032413574485616437e+00
  -9.17302063549548840626e+00
  -9.17565786573370445467e+00
  -9.17823552414525956067e+00
  -9.18156462932557460022e+00
  -9.18852121848945913030e+00
  -9.19541080333303106897e+00
  -9.20223305393162505084e+00
  -9.20898764268152270063e+00
  -9.21567424435085591483e+00
  -9.22229253610067978286e+00
  -9.22884219749896494989e+00
  -9.23532291060736021393e+00
  -9.24173435759294825687e+00
  -9.24843684477473360062e+00
  -9.25682956686226532383e+00
  -9.26515436351637511336e+00
  -9.27341094180432889971e+00
  -9.28159901139987830732e+00
  -9.28971828467155091857e+00
  -9.29776847669785766470e+00
  -9.30574930528981347777e+00
  -9.31366049104171800366e+00
  -9.32150175738892627919e+00
  -9.33040264375197736513e+00
  -9.34519371644086405126e+00
  -9.35997654758229735705e+00
  -9.37475100440524933276e+00
  -9.38951695232388416912e+00
  -9.40427425481346546121e+00
  -9.41902277342767035861e+00
  -9.43376236777950261114e+00
  -9.44849283649633164828e+00
  -9.46321407795865710000e+00
  -9.47583042119991958430e+00
  -9.47652019165740000517e+00
  -9.47710255963013459279e+00
  -9.47757762747308696305e+00
  -9.47794550898615284495e+00
  -9.47820632941781227032e+00
  -9.47836022543034495413e+00
  -9.47840734500086057324e+00
  -9.47834784742110514344e+00
  -9.47818190319228470742e+00
  -9.47957854341923678021e+00
  -9.49111128146642535341e+00
  -9.50254211053390385189e+00
  -9.51387043091113504545e+00
  -9.52509564877272119077e+00
  -9.53621717626861631345e+00
  -9.54723441931635896651e+00
  -9.55814674126900065687e+00
  -9.56895364576218909747e+00
  -9.57965457025246536205e+00
  -9.58892543798501861829e+00
  -9.58925628619940795261e+00
  -9.58950487383486382953e+00
  -9.58967076492527326081e+00
  -9.58975352928381497009e+00
  -9.58975274262984811457e+00
  -9.58966798661778341284e+00
  -9.58949884892997062025e+00
  -9.58924492336778655499e+00
  -9.58890580987851315342e+00
  -9.58991275002766307978e+00
  -9.60132603346796820176e+00
  -9.61266292654628706771e+00
  -9.62392303795116710319e+00
  -9.63510597880345542876e+00
  -9.64621135468646073718e+00
  -9.65723870338086420873e+00
  -9.66818772900851541863e+00
  -9.67905805283202624878e+00
  -9.68984929883993828525e+00
  -9.70027639386563400592e+00
  -9.70832878246239872055e+00
  -9.71631189448847720769e+00
  -9.72422549161812099783e+00
  -9.73206933804180351899e+00
  -9.73984320051129870421e+00
  -9.74754684832420359442e+00
  -9.75518005339256788488e+00
  -9.76274259025082002950e+00
  -9.77023423606947538644e+00
  -9.77733908809810259299e+00
  -9.78151437392177669494e+00
  -9.78558120385528873442e+00
  -9.78953923354582045135e+00
  -9.79338812717523943263e+00
  -9.79712749933379001277e+00
  -9.80075705114521511518e+00
  -9.80427651045606296520e+00
  -9.80768557640926808006e+00
  -9.81098395709185666647e+00
  -9.81432284382638009390e+00
  -9.81909808260084915332e+00
  -9.82379422418820169582e+00
  -9.82841090529724681346e+00
  -9.83294776677171000756e+00
  -9.83740445368835558781e+00
  -9.84178061534673709332e+00
  -9.84607590536628229927e+00
  -9.85028998175389958192e+00
  -9.85442250692093324460e+00
  -9.85833754817539364979e+00
  -9.86061444463402025917e+00
  -9.86281230339706560528e+00
  -9.86493112785131920361e+00
  -9.86697092507414375007e+00
  -9.86893164037456038784e+00
  -9.87081332467752048387e+00
  -9.87261602402723070782e+00
  -9.87433976017860359775e+00
  -9.87598455856035073452e+00
  -9.87808207289843664967e+00
  -9.88716132615448195509e+00
  -9.89617115070524988596e+00
  -9.90511114940852444022e+00
  -9.91398092739166614251e+00
  -9.92278009209089617570e+00
  -9.93150825331739994795e+00
  -9.94016502332805274023e+00
  -9.94875001684930815316e+00
  -9.95726285114804099408e+00
  -9.96533121548747580221e+00
  -9.96749489823777423680e+00
  -9.96956447925931676934e+00
  -9.97153964630545353032e+00
  -9.97342009391386241646e+00
  -9.97520549319047056258e+00
  -9.97689552711246818717e+00
  -9.97848996570654378502e+00
  -9.97998853127677421071e+00
  -9.98139095319020697161e+00
  -9.98275510881861016799e+00
  -9.98513266334584059791e+00
  -9.98742588182065738067e+00
  -9.98963467265489590829e+00
  -9.99175894934562869310e+00
  -9.99379863045630578711e+00
  -9.99575363964090612967e+00
  -9.99762390566635872347e+00
  -9.99940936239088173920e+00
  -1.00011099487802361807e+01
  -1.00030165496103933265e+01
  -1.00118052168757465381e+01
  -1.00204927562038328404e+01
  -1.00290787992440559862e+01
  -1.00375629833481845310e+01
  -1.00459449516821308634e+01
  -1.00542243131123356648e+01
  -1.00624007311877896598e+01
  -1.00704738979427776968e+01
  -1.00784434804371549887e+01
  -1.00861080428980880441e+01
  -1.00871966738818841236e+01
  -1.00882277312336636754e+01
  -1.00892011094932350090e+01
  -1.00901167060017549204e+01
  -1.00909744208828673351e+01
  -1.00917741570642522930e+01
  -1.00925158202933502594e+01
  -1.00931993191313740255e+01
  -1.00938245649683828731e+01
  -1.00944031497693273991e+01
  -1.00954818372720911412e+01
  -1.00964762615295455817e+01
  -1.00973862396884239701e+01
  -1.00982115946399559903e+01
  -1.00989521550596332844e+01
  -1.00996077554040581958e+01
  -1.01001782198577991778e+01
  -1.01006633752365644341e+01
  -1.01010631086253415134e+01
  -1.01014384981980214206e+01
  -1.01077775745970015464e+01
  -1.01140201204641737576e+01
  -1.01201657021570827766e+01
  -1.01262138906310390496e+01
  -1.01321642615342923932e+01
  -1.01380163953222872664e+01
  -1.01437698772949289605e+01
  -1.01494242977100039838e+01
  -1.01549792518756021309e+01
  -1.01604343402099228655e+01
</dep>
<dep S[3,3] frequency>
  -9.99999790171761659963e-01-j5.73523874010510386311e-04
  -9.99999947116165688321e-01-j2.86908088967034366999e-04
  -9.99999976172960880483e-01-j1.91304990882454480864e-04
  -9.99999986588840705792e-01-j1.43491247614154046781e-04
  -9.99999991579046065837e-01-j1.14798993010861100973e-04
  -9.99999994352894217009e-01-j9.56690794892746273993e-05
  -9.99999996013433811726e-01-j8.20039854636386508508e-05
  -9.99999997057550937818e-01-j7.17547032739053024936e-05
  -9.99999997743934665451e-01-j6.37827803864544256099e-05
  -9.99999998214601504287e-01-j5.74050875632230400789e-05
  -9.99999998550146318443e-01-j5.21868770002316707530e-05
  -9.99999998797640232695e-01-j4.78383023186223981329e-05
  -9.99999998985548255170e-01-j4.41586929700408465705e-05
  -9.99999999131838013255e-01-j4.10047085135249855651e-05
  -9.99999999248102788840e-01-j3.82712302318555325979e-05
  -9.99999999342128909063e-01-j3.58794175764799992993e-05
  -9.99999999419321383698e-01-j3.37689797318607633648e-05
  -9.99999999483511703424e-01-j3.18930232007342358194e-05
  -9.99999999537504402625e-01-j3.02145263212354406594e-05
  -9.99999999583373266887e-01-j2.87038714563893975168e-05
  -9.99999999622593560566e-01-j2.73370821835444268518e-05
  -9.99999999656496774136e-01-j2.60945412756701060873e-05
  -9.99999999686008611555e-01-j2.49600430555418739784e-05
  -9.99999999711857934237e-01-j2.39200826959072319140e-05
  -9.99999999734630717896e-01-j2.29633160598974415002e-05
  -9.99999999754798141183e-01-j2.20801442079788224856e-05
  -9.99999999772744452287e-01-j2.12623902185174149546e-05
  -9.99999999788784621479e-01-j2.05030452646302195272e-05
  -9.99999999803180217306e-01-j1.97960672251633376911e-05
  -9.99999999816149398590e-01-j1.91362195689480294434e-05
  -9.99999999827871022262e-01-j1.85189414305381111296e-05
  -9.99999999838504405325e-01-j1.79402420297952136757e-05
  -9.99999999848180665118e-01-j1.73966143079709817474e-05
  -9.99999999857011601101e-01-j1.68849637904788381598e-05
  -9.99999999865092470408e-01-j1.64025496476302021166e-05
  -9.99999999872506539766e-01-j1.59469355780801731943e-05
  -9.99999999879324974472e-01-j1.55159486582153776843e-05
  -9.99999999885609947015e-01-j1.51076446877187142264e-05
  -9.99999999891416080366e-01-j1.47202788665424353525e-05
  -9.99999999896790670029e-01-j1.43522808710437445534e-05
  -9.99999999901775349365e-01-j1.40022335765175119226e-05
  -9.99999999906406977779e-01-j1.36688548181555778353e-05
  -9.99999999910717751739e-01-j1.33509817005289083928e-05
  -9.99999999914737869311e-01-j1.30475570437867914857e-05
  -9.99999999918492088469e-01-j1.27576176376557432298e-05
  -9.99999999922003390829e-01-j1.24802840275939881469e-05
  -9.99999999925292648584e-01-j1.22147516046144789087e-05
  -9.99999999928377736325e-01-j1.19602828092248849950e-05
  -9.99999999931275973530e-01-j1.17162002897105075835e-05
  -9.99999999934001237989e-01-j1.14818808814897118032e-05
  -9.99999999936567740555e-01-j1.12567502947902680342e-05
  -9.99999999938987249593e-01-j1.10402784150043581303e-05
  -9.99999999941271200399e-01-j1.08319751355354382402e-05
  -9.99999999943428585780e-01-j1.06313866533550856848e-05
  -9.99999999945469397744e-01-j1.04380921687143677100e-05
  -9.99999999947401740918e-01-j1.02517009385007305637e-05
  -9.99999999949232831753e-01-j1.00718496396563285975e-05
  -9.99999999950970219764e-01-j9.89820000549257450473e-06
  -9.99999999952619900156e-01-j9.73043670228668633319e-06
  -9.99999999954187424045e-01-j9.56826541824075816733e-06
  -9.99999999955678897656e-01-j9.41141114044168911404e-06
  -9.99999999957098317793e-01-j9.25961659837755953829e-06
  -9.99999999958450236370e-01-j9.11264085590751732248e-06
  -9.99999999959739649391e-01-j8.97025803523420189184e-06
  -9.99999999960969887525e-01-j8.83225615851013036764e-06
  -9.99999999962144947574e-01-j8.69843609485274816997e-06
  -9.99999999963266938963e-01-j8.56861060162481578495e-06
  -9.99999999964340746672e-01-j8.44260345029079475800e-06
  -9.99999999965367480925e-01-j8.32024862831164563641e-06
  -9.99999999966350472391e-01-j8.20138960946507513782e-06
  -9.99999999967292052538e-01-j8.08587868578799774362e-06
  -9.99999999968195107947e-01-j7.97357635519863523516e-06
  -9.99999999969060970884e-01-j7.86435075946891599236e-06
  -9.99999999969891972817e-01-j7.75807716773748042276e-06
  -9.99999999970689890105e-01-j7.65463750137180249755e-06
  -9.99999999971456610126e-01-j7.55391989633855480120e-06
  -9.99999999972193576170e-01-j7.45581829964199023839e-06
  -9.99999999972902675616e-01-j7.36023209684462379794e-06
  -9.99999999973584574597e-01-j7.26706576782614878753e-06
  -9.99999999974240938450e-01-j7.17622856843056831883e-06
  -9.99999999974873321484e-01-j7.08763423563558759194e-06
  -9.99999999975482833925e-01-j7.00120071432566959098e-06
  -9.99999999976070474972e-01-j6.91684990379899164025e-06
  -9.99999999976637243826e-01-j6.83450742239903085356e-06
  -9.99999999977183695599e-01-j6.75410238872585475564e-06
  -9.99999999977711162558e-01-j6.67556721816751724946e-06
  -9.99999999978220754926e-01-j6.59883743340691545466e-06
  -9.99999999978713471904e-01-j6.52385148788908920150e-06
  -9.99999999979189535537e-01-j6.45055060116340321424e-06
  -9.99999999979649500936e-01-j6.37887860521373037143e-06
  -9.99999999980094589347e-01-j6.30878180091692978914e-06
  -9.99999999980524689747e-01-j6.24020882387897912914e-06
  -9.99999999980941578492e-01-j6.17311051889570818439e-06
  -9.99999999981345255584e-01-j6.10743982246188028709e-06
  -9.99999999981736054089e-01-j6.04315165266270541212e-06
  -9.99999999982114529118e-01-j5.98020280598469173466e-06
  -9.99999999982481568850e-01-j5.91855186047649821146e-06
  -9.99999999982837284307e-01-j5.85815908487295162679e-06
  -9.99999999983182563668e-01-j5.79898635318678752084e-06
  -9.99999999983517295910e-01-j5.74099706446717859392e-06
  -9.99999999983842147167e-01-j5.68415606727576737069e-06
  -9.99999999984157117439e-01-j5.62842958866276807264e-06
  -9.99999999984463872060e-01-j5.57378516722584268231e-06
  -9.99999999984760967742e-01-j5.52019159007760630743e-06
  -9.99999999985049958795e-01-j5.46761883337213967868e-06
  -9.99999999985330845220e-01-j5.41603800623796407648e-06
  -9.99999999985603627017e-01-j5.36542129781330322615e-06
  -9.99999999985869192365e-01-j5.31574192727316805390e-06
  -9.99999999986127097173e-01-j5.26697409655393729484e-06
  -9.99999999986378229622e-01-j5.21909294570700131442e-06
  -9.99999999986622700732e-01-j5.17207451061948608777e-06
  -9.99999999986860843570e-01-j5.12589568304045432477e-06
  -9.99999999987092103026e-01-j5.08053417269461759950e-06
  -9.99999999987317811367e-01-j5.03596847142388093091e-06
  -9.99999999987537302459e-01-j4.99217781916660411653e-06
  -9.99999999987751353459e-01-j4.94914217172526894927e-06
  -9.99999999987959964365e-01-j4.90684217016514733774e-06
  -9.99999999988163246201e-01-j4.86525911177962293102e-06
  -9.99999999988360754877e-01-j4.82437492252331072672e-06
  -9.99999999988554155728e-01-j4.78417213081194565470e-06
  -9.99999999988742560575e-01-j4.74463384263003836220e-06
  -9.99999999988926413508e-01-j4.70574371785967976445e-06
  -9.99999999989105714526e-01-j4.66748594776271139592e-06
  -9.99999999989280463630e-01-j4.62984523355699297302e-06
  -9.99999999989451548998e-01-j4.59280676601669552052e-06
  -9.99999999989618082452e-01-j4.55635620604632748059e-06
  -9.99999999989781063192e-01-j4.52047966617301822843e-06
  -9.99999999989940047129e-01-j4.48516369290242706365e-06
  -9.99999999990095478353e-01-j4.45039524990034415374e-06
  -9.99999999990247245840e-01-j4.41616170194806623926e-06
  -9.99999999990395571636e-01-j4.38245079963239300279e-06
  -9.99999999990540677786e-01-j4.34925066473203105719e-06
  -9.99999999990682453266e-01-j4.31654977626306071757e-06
  -9.99999999990820565010e-01-j4.28433695714835350031e-06
  -9.99999999990956234264e-01-j4.25260136148167874876e-06
  -9.99999999991089127960e-01-j4.22133246235167023801e-06
  -9.99999999991218690987e-01-j4.19052004019990465114e-06
  -9.99999999991345367434e-01-j4.16015417168546679439e-06
  -9.99999999991469490368e-01-j4.13022521902818668337e-06
  -9.99999999991590837745e-01-j4.10072381981142164930e-06
  -9.99999999991709853653e-01-j4.07164087721721742460e-06
  -9.99999999991826094003e-01-j4.04296755067431562810e-06
  -9.99999999991939780841e-01-j4.01469524689860432016e-06
  -9.99999999992052024389e-01-j3.98681561130649768273e-06
  -9.99999999992160715223e-01-j3.95932051978374427664e-06
  -9.99999999992267962767e-01-j3.93220207079342032520e-06
  -9.99999999992372767821e-01-j3.90545257780482905316e-06
  -9.99999999992475685495e-01-j3.87906456203009575529e-06
  -9.99999999992575938634e-01-j3.85303074545317388478e-06
  -9.99999999992674970528e-01-j3.82734404413639249840e-06
  -9.99999999992771559931e-01-j3.80199756179520482585e-06
  -9.99999999992866372978e-01-j3.77698458362505069014e-06
  -9.99999999992959409667e-01-j3.75229857037071302589e-06
  -9.99999999993050558977e-01-j3.72793315262688347550e-06
  -9.99999999993139820909e-01-j3.70388212535868084234e-06
  -9.99999999993227528527e-01-j3.68013944263358642651e-06
  -9.99999999993313681834e-01-j3.65669921255477711395e-06
  -9.99999999993397836739e-01-j3.63355569238642535398e-06
  -9.99999999993480659377e-01-j3.61070328386317840444e-06
  -9.99999999993561705658e-01-j3.58813652867570904501e-06
  -9.99999999993641308649e-01-j3.56585010412344730093e-06
  -9.99999999993720023461e-01-j3.54383881893005472442e-06
  -9.99999999993796739872e-01-j3.52209760921167885588e-06
  -9.99999999993872012993e-01-j3.50062153459311784889e-06
  -9.99999999993946175891e-01-j3.47940577446521471006e-06
  -9.99999999994019006522e-01-j3.45844562437723470949e-06
  -9.99999999994089838751e-01-j3.43773649255914799907e-06
  -9.99999999994160448935e-01-j3.41727389656826556139e-06
  -9.99999999994229060718e-01-j3.39705346005459444937e-06
  -9.99999999994297117389e-01-j3.37707090964050054579e-06
  -9.99999999994363619749e-01-j3.35732207190992444650e-06
  -9.99999999994428789840e-01-j3.33780287050214789099e-06
  -9.99999999994493293798e-01-j3.31850932330718254712e-06
  -9.99999999994556354466e-01-j3.29943753975729745908e-06
  -9.99999999994618304910e-01-j3.28058371821150200840e-06
  -9.99999999994679145132e-01-j3.26194414342940143889e-06
  -9.99999999994738875131e-01-j3.24351518413013853518e-06
  -9.99999999994798161040e-01-j3.22529329063424923890e-06
  -9.99999999994856003660e-01-j3.20727499258436305615e-06
  -9.99999999994913180146e-01-j3.18945689674167987953e-06
  -9.99999999994969357431e-01-j3.17183568485581002776e-06
  -9.99999999995024091426e-01-j3.15440811160451356170e-06
  -9.99999999995078714399e-01-j3.13717100260098539575e-06
  -9.99999999995131783059e-01-j3.12012125246663723179e-06
  -9.99999999995184074564e-01-j3.10325582296578870786e-06
  -9.99999999995235810957e-01-j3.08657174120082738181e-06
  -9.99999999995286770194e-01-j3.07006609786530534507e-06
  -9.99999999995336619207e-01-j3.05373604555239960389e-06
  -9.99999999995386135154e-01-j3.03757879711761772111e-06
  -9.99999999995434540878e-01-j3.02159162409288955866e-06
  -9.99999999995482280468e-01-j3.00577185515054714314e-06
  -9.99999999995528909835e-01-j2.99011687461538042731e-06
  -9.99999999995575095113e-01-j2.97462412102271023416e-06
  -9.99999999995620725279e-01-j2.95929108572121926885e-06
  -9.99999999995665578290e-01-j2.94411531151894411798e-06
  -9.99999999995709654144e-01-j2.92909439137039323965e-06
  -9.99999999995753174886e-01-j2.91422596710387657204e-06
  -9.99999999995795474383e-01-j2.89950772818739843455e-06
  -9.99999999995838328992e-01-j2.88493741053139297399e-06
  -9.99999999995879407244e-01-j2.87051279532795190771e-06
  -9.99999999995920485496e-01-j2.85623170792431729063e-06
  -9.99999999995960786592e-01-j2.84209201672997311452e-06
  -9.99999999996000199509e-01-j2.82809163215601479195e-06
  -9.99999999996039501404e-01-j2.81422850558564074822e-06
  -9.99999999996077804099e-01-j2.80050062837479118644e-06
  -9.99999999996115662704e-01-j2.78690603088210350999e-06
  -9.99999999996153299264e-01-j2.77344278152670505923e-06
  -9.99999999996190158669e-01-j2.76010898587335315395e-06
  -9.99999999996226685006e-01-j2.74690278574380308756e-06
  -9.99999999996262878277e-01-j2.73382235835341135029e-06
  -9.99999999996298072347e-01-j2.72086591547257428198e-06
  -9.99999999996332711305e-01-j2.70803170261174769860e-06
  -9.99999999996367572308e-01-j2.69531799822933979639e-06
  -9.99999999996401212066e-01-j2.68272311296205678201e-06
  -9.99999999996434185690e-01-j2.67024538887636588095e-06
  -9.99999999996467048291e-01-j2.65788319874110367651e-06
  -9.99999999996499910893e-01-j2.64563494532001471050e-06
  -9.99999999996531774293e-01-j2.63349906068378878236e-06
  -9.99999999996563415650e-01-j2.62147400554099597691e-06
  -9.99999999996594612917e-01-j2.60955826858722188895e-06
  -9.99999999996625477117e-01-j2.59775036587133705392e-06
  -9.99999999996655786205e-01-j2.58604884017988017808e-06
  -9.99999999996685429160e-01-j2.57445226043812834131e-06
  -9.99999999996715072115e-01-j2.56295922112624353928e-06
  -9.99999999996744159958e-01-j2.55156834171127229431e-06
  -9.99999999996772914734e-01-j2.54027826609435035467e-06
  -9.99999999996801336444e-01-j2.52908766207255725217e-06
  -9.99999999996829092019e-01-j2.51799522081485108849e-06
  -9.99999999996856958617e-01-j2.50699965635173076093e-06
  -9.99999999996884048059e-01-j2.49609970507830883731e-06
  -9.99999999996911248523e-01-j2.48529412527022079167e-06
  -9.99999999996937782853e-01-j2.47458169661202839946e-06
  -9.99999999996964095139e-01-j2.46396121973783268914e-06
  -9.99999999996989630269e-01-j2.45343151578364032298e-06
  -9.99999999997015165398e-01-j2.44299142595112722963e-06
  -9.99999999997040922572e-01-j2.43263981108252759101e-06
  -9.99999999997065680546e-01-j2.42237555124631191131e-06
  -9.99999999997090105452e-01-j2.41219754533323531035e-06
  -9.99999999997114641381e-01-j2.40210471066258409370e-06
  -9.99999999997138622199e-01-j2.39209598259824324622e-06
  -9.99999999997162158927e-01-j2.38217031417432904524e-06
  -9.99999999997185473610e-01-j2.37232667573014369475e-06
  -9.99999999997208344205e-01-j2.36256405455399881815e-06
  -9.99999999997231769910e-01-j2.35288145453603062920e-06
  -9.99999999997253974371e-01-j2.34327789582930204982e-06
  -9.99999999997276400876e-01-j2.33375241451925911386e-06
  -9.99999999997298161247e-01-j2.32430406230128542934e-06
  -9.99999999997320365708e-01-j2.31493190616590196012e-06
  -9.99999999997341570968e-01-j2.30563502809168454819e-06
  -9.99999999997362554183e-01-j2.29641252474548413059e-06
  -9.99999999997383759442e-01-j2.28726350718986071241e-06
  -9.99999999997404409591e-01-j2.27818710059743548130e-06
  -9.99999999997424726672e-01-j2.26918244397202087981e-06
  -9.99999999997445154776e-01-j2.26024868987639438042e-06
  -9.99999999997465027768e-01-j2.25138500416639451469e-06
  -9.99999999997485011782e-01-j2.24259056573135355576e-06
  -9.99999999997504662730e-01-j2.23386456624043783223e-06
  -9.99999999997523869588e-01-j2.22520620989507143255e-06
  -9.99999999997542743380e-01-j2.21661471318692576305e-06
  -9.99999999997561617171e-01-j2.20808930466161937848e-06
  -9.99999999997580268918e-01-j2.19962922468778800147e-06
  -9.99999999997598920665e-01-j2.19123372523142435745e-06
  -9.99999999997616795255e-01-j2.18290206963543742668e-06
  -9.99999999997635224958e-01-j2.17463353240416133315e-06
  -9.99999999997652877504e-01-j2.16642739899276728384e-06
  -9.99999999997670641072e-01-j2.15828296560142482164e-06
  -9.99999999997688071574e-01-j2.15019953897409846609e-06
  -9.99999999997705169008e-01-j2.14217643620172139689e-06
  -9.99999999997721933376e-01-j2.13421298453011209836e-06
  -9.99999999997739030810e-01-j2.12630852117166919442e-06
  -9.99999999997755684156e-01-j2.11846239312166821351e-06
  -9.99999999997772115456e-01-j2.11067395697830181568e-06
  -9.99999999997788435735e-01-j2.10294257876693485554e-06
  -9.99999999997804422947e-01-j2.09526763376790512526e-06
  -9.99999999997820632203e-01-j2.08764850634844406567e-06
  -9.99999999997836064303e-01-j2.08008458979787718907e-06
  -9.99999999997851829470e-01-j2.07257528616675812294e-06
  -9.99999999997867261570e-01-j2.06512000610910279432e-06
  -9.99999999997882804692e-01-j2.05771816872837173492e-06
  -9.99999999997897570658e-01-j2.05036920142647417632e-06
  -9.99999999997912669691e-01-j2.04307253975619415820e-06
  -9.99999999997927546680e-01-j2.03582762727659607508e-06
  -9.99999999997941868557e-01-j2.02863391541161718442e-06
  -9.99999999997956634523e-01-j2.02149086331157941380e-06
  -9.99999999997970623333e-01-j2.01439793771768060651e-06
  -9.99999999997985278277e-01-j2.00735461282923057744e-06
  -9.99999999997998934020e-01-j2.00036037017376792791e-06
  -9.99999999998012811808e-01-j1.99341469847978572209e-06
  -9.99999999998026245507e-01-j1.98651709355221213805e-06
  -9.99999999998040123295e-01-j1.97966705815031829166e-06
  -9.99999999998053445971e-01-j1.97286410186833360142e-06
  -9.99999999998066990692e-01-j1.96610774101829393202e-06
  -9.99999999998080202346e-01-j1.95939749851550029354e-06
  -9.99999999998093302978e-01-j1.95273290376614425085e-06
  -9.99999999998106403609e-01-j1.94611349255739565786e-06
  -9.99999999998118394018e-01-j1.93953880694947075473e-06
  -9.99999999998131161583e-01-j1.93300839517014056706e-06
  -9.99999999998144151192e-01-j1.92652181151120696260e-06
  -9.99999999998156252623e-01-j1.92007861622714330062e-06
  -9.99999999998168576099e-01-j1.91367837543563074109e-06
  -9.99999999998180677530e-01-j1.90732066102019244261e-06
  -9.99999999998192778961e-01-j1.90100505053478377128e-06
  -9.99999999998204547325e-01-j1.89473112711019685407e-06
  -9.99999999998216315689e-01-j1.88849847936229641746e-06
  -9.99999999998227973030e-01-j1.88230670130216907348e-06
  -9.99999999998239741394e-01-j1.87615539224788323893e-06
  -9.99999999998251065669e-01-j1.87004415673814090266e-06
  -9.99999999998262389944e-01-j1.86397260444745913434e-06
  -9.99999999998273936264e-01-j1.85794035010312358625e-06
  -9.99999999998285038494e-01-j1.85194701340364124323e-06
  -9.99999999998295696635e-01-j1.84599221893888088592e-06
  -9.99999999998307020910e-01-j1.84007559611160501732e-06
  -9.99999999998317679051e-01-j1.83419677906061919870e-06
  -9.99999999998328115147e-01-j1.82835540658539374067e-06
  -9.99999999998338773288e-01-j1.82255112207204911717e-06
  -9.99999999998349320407e-01-j1.81678357342077604155e-06
  -9.99999999998359867526e-01-j1.81105241297467199355e-06
  -9.99999999998370081578e-01-j1.80535729744987264783e-06
  -9.99999999998380184607e-01-j1.79969788786697587477e-06
  -9.99999999998390509681e-01-j1.79407384948382332343e-06
  -9.99999999998400390666e-01-j1.78848485172943693380e-06
  -9.99999999998410160629e-01-j1.78293056813937740571e-06
  -9.99999999998420041614e-01-j1.77741067629205579149e-06
  -9.99999999998429811576e-01-j1.77192485774640457658e-06
  -9.99999999998439581539e-01-j1.76647279798060162204e-06
  -9.99999999998448907412e-01-j1.76105418633195581278e-06
  -9.99999999998458677375e-01-j1.75566871593795843487e-06
  -9.99999999998468003248e-01-j1.75031608367830144094e-06
  -9.99999999998477218099e-01-j1.74499599011801782250e-06
  -9.99999999998486432951e-01-j1.73970813945164795096e-06
  -9.99999999998495758824e-01-j1.73445223944840224105e-06
  -9.99999999998504529586e-01-j1.72922800139833623044e-06
  -9.99999999998513300348e-01-j1.72403514005948598299e-06
  -9.99999999998522293154e-01-j1.71887337360594115738e-06
  -9.99999999998531063916e-01-j1.71374242357686548221e-06
  -9.99999999998540167745e-01-j1.70864201482642503854e-06
  -9.99999999998548716462e-01-j1.70357187547459893908e-06
  -9.99999999998556932113e-01-j1.69853173685889442681e-06
  -9.99999999998565702874e-01-j1.69352133348684547902e-06
  -9.99999999998574140569e-01-j1.68854040298943594789e-06
  -9.99999999998582800309e-01-j1.68358868607524522010e-06
  -9.99999999998590904937e-01-j1.67866592648552497744e-06
  -9.99999999998599120588e-01-j1.67377187094996268941e-06
  -9.99999999998606781126e-01-j1.66890626914323263464e-06
  -9.99999999998615107799e-01-j1.66406887364231348718e-06
  -9.99999999998622990383e-01-j1.65925943988456187967e-06
  -9.99999999998631095011e-01-j1.65447772612649747422e-06
  -9.99999999998638644527e-01-j1.64972349340329255285e-06
  -9.99999999998646971200e-01-j1.64499650548896104554e-06
  -9.99999999998654742761e-01-j1.64029652885724000754e-06
  -9.99999999998661848188e-01-j1.63562333264309578364e-06
  -9.99999999998669508727e-01-j1.63097668860498805503e-06
  -9.99999999998677391311e-01-j1.62635637108768022255e-06
  -9.99999999998684829805e-01-j1.62176215698569777000e-06
  -9.99999999998691824210e-01-j1.61719382570741089083e-06
  -9.99999999998699373727e-01-j1.61265115913973777821e-06
  -9.99999999998706812221e-01-j1.60813394161344909671e-06
  -9.99999999998713917648e-01-j1.60364195986901773142e-06
  -9.99999999998721023076e-01-j1.59917500302305828384e-06
  -9.99999999998728461570e-01-j1.59473286253533238570e-06
  -9.99999999998735122908e-01-j1.59031533217628976114e-06
  -9.99999999998742339358e-01-j1.58592220799515858975e-06
  -9.99999999998749333763e-01-j1.58155328828851740792e-06
  -9.99999999998755662034e-01-j1.57720837356949635552e-06
  -9.99999999998762878484e-01-j1.57288726653736149336e-06
  -9.99999999998769428800e-01-j1.56858977204766769147e-06
  -9.99999999998776090138e-01-j1.56431569708287209153e-06
  -9.99999999998782751476e-01-j1.56006485072346065951e-06
  -9.99999999998789523836e-01-j1.55583704411950566637e-06
  -9.99999999998795630063e-01-j1.55163209046267823716e-06
  -9.99999999998802513446e-01-j1.54744980495870326307e-06
  -9.99999999998808730695e-01-j1.54329000480041062471e-06
  -9.99999999998815281010e-01-j1.53915250914101638486e-06
  -9.99999999998821720304e-01-j1.53503713906791177737e-06
  -9.99999999998827937553e-01-j1.53094371757687571262e-06
  -9.99999999998833932757e-01-j1.52687206954669004717e-06
  -9.99999999998840372051e-01-j1.52282202171421415690e-06
  -9.99999999998846256233e-01-j1.51879340264975639533e-06
  -9.99999999998852251437e-01-j1.51478604273291078474e-06
  -9.99999999998858357664e-01-j1.51079977412874543767e-06
  -9.99999999998864574913e-01-j1.50683443076438251949e-06
  -9.99999999998870459095e-01-j1.50288984830589500121e-06
  -9.99999999998876565321e-01-j1.49896586413563899905e-06
  -9.99999999998882338481e-01-j1.49506231732990417484e-06
  -9.99999999998887889596e-01-j1.49117904863690570248e-06
  -9.99999999998893662756e-01-j1.48731590045513834094e-06
  -9.99999999998899657960e-01-j1.48347271681203670973e-06
  -9.99999999998905209075e-01-j1.47964934334302265840e-06
  -9.99999999998910871213e-01-j1.47584562727080865176e-06
  -9.99999999998916200283e-01-j1.47206141738501498074e-06
  -9.99999999998921973443e-01-j1.46829656402215162106e-06
  -9.99999999998927191491e-01-j1.46455091904595796321e-06
  -9.99999999998932853629e-01-j1.46082433582792380752e-06
  -9.99999999998938404744e-01-j1.45711666922813413760e-06
  -9.99999999998943400747e-01-j1.45342777557643343690e-06
  -9.99999999998948729818e-01-j1.44975751265386042059e-06
  -9.99999999998954391955e-01-j1.44610573967440591050e-06
  -9.99999999998959165914e-01-j1.44247231726700110299e-06
  -9.99999999998964828052e-01-j1.43885710745775761740e-06
  -9.99999999998970046100e-01-j1.43525997365254106373e-06
  -9.99999999998975153126e-01-j1.43168078061973053399e-06
  -9.99999999998979927085e-01-j1.42811939447330589537e-06
  -9.99999999998984923089e-01-j1.42457568265611677193e-06
  -9.99999999998990141137e-01-j1.42104951392346492853e-06
  -9.99999999998994915096e-01-j1.41754075832689947173e-06
  -9.99999999999000133144e-01-j1.41404928719823227931e-06
  -9.99999999999004907103e-01-j1.41057497313383506817e-06
  -9.99999999999009570040e-01-j1.40711768997914440894e-06
  -9.99999999999015010133e-01-j1.40367731281335944044e-06
  -9.99999999999019562047e-01-j1.40025371793442672843e-06
  -9.99999999999024224984e-01-j1.39684678284420787167e-06
  -9.99999999999029109965e-01-j1.39345638623384129026e-06
  -9.99999999999033994946e-01-j1.39008240796939814619e-06
  -9.99999999999038324816e-01-j1.38672472907762063788e-06
  -9.99999999999042987753e-01-j1.38338323173202176599e-06
  -9.99999999999047650689e-01-j1.38005779923901093373e-06
  -9.99999999999052424648e-01-j1.37674831602439562981e-06
  -9.99999999999056865541e-01-j1.37345466761995023877e-06
  -9.99999999999060973366e-01-j1.37017674065021566778e-06
  -9.99999999999065525280e-01-j1.36691442281950416712e-06
  -9.99999999999069855150e-01-j1.36366760289901828845e-06
  -9.99999999999074407064e-01-j1.36043617071431691472e-06
  -9.99999999999078736934e-01-j1.35722001713279590150e-06
  -9.99999999999082955782e-01-j1.35401903405138915853e-06
  -9.99999999999087396674e-01-j1.35083311438445904326e-06
  -9.99999999999091615521e-01-j1.34766215205186357237e-06
  -9.99999999999096056413e-01-j1.34450604196718901661e-06
  -9.99999999999100386283e-01-j1.34136468002614618469e-06
  -9.99999999999104605131e-01-j1.33823796309510371470e-06
  -9.99999999999108601934e-01-j1.33512578899980644237e-06
  -9.99999999999112598736e-01-j1.33202805651423670598e-06
  -9.99999999999116928606e-01-j1.32894466534967470416e-06
  -9.99999999999120814387e-01-j1.32587551614385774463e-06
  -9.99999999999125033234e-01-j1.32282051045030000586e-06
  -9.99999999999129363104e-01-j1.31977955072775756470e-06
  -9.99999999999133137862e-01-j1.31675254032985139582e-06
  -9.99999999999136912621e-01-j1.31373938349486083641e-06
  -9.99999999999141020446e-01-j1.31073998533557295508e-06
  -9.99999999999144906226e-01-j1.30775425182937247821e-06
  -9.99999999999148569962e-01-j1.30478208980837195021e-06
  -9.99999999999152233698e-01-j1.30182340694980023896e-06
  -9.99999999999156341524e-01-j1.29887811176633174886e-06
  -9.99999999999160560371e-01-j1.29594611359667186142e-06
  -9.99999999999163780018e-01-j1.29302732259634481662e-06
  -9.99999999999167887843e-01-j1.29012164972844686607e-06
  -9.99999999999171440557e-01-j1.28722900675460440797e-06
  -9.99999999999175104293e-01-j1.28434930622606129473e-06
  -9.99999999999178434962e-01-j1.28148246147486122000e-06
  -9.99999999999182431765e-01-j1.27862838660513344366e-06
  -9.99999999999186206523e-01-j1.27578699648452145371e-06
  -9.99999999999189426170e-01-j1.27295820673571687194e-06
  -9.99999999999193533995e-01-j1.27014193372811554413e-06
  -9.99999999999196864664e-01-j1.26733809456958120344e-06
  -9.99999999999200084311e-01-j1.26454660709829383709e-06
  -9.99999999999203970091e-01-j1.26176738987473146067e-06
  -9.99999999999207300760e-01-j1.25900036217375840696e-06
  -9.99999999999210853474e-01-j1.25624544397679852972e-06
  -9.99999999999214184143e-01-j1.25350255596414139165e-06
  -9.99999999999217403790e-01-j1.25077161950728910998e-06
  -9.99999999999221067526e-01-j1.24805255666148891399e-06
  -9.99999999999224287173e-01-j1.24534529015822313915e-06
  -9.99999999999227617842e-01-j1.24264974339803824619e-06
  -9.99999999999231281578e-01-j1.23996584044329231323e-06
  -9.99999999999234723269e-01-j1.23729350601092391553e-06
  -9.99999999999237498827e-01-j1.23463266546546473896e-06
  -9.99999999999240940518e-01-j1.23198324481209518033e-06
  -9.99999999999244382209e-01-j1.22934517068977618081e-06
  -9.99999999999247490834e-01-j1.22671837036449413810e-06
  -9.99999999999250710481e-01-j1.22410277172256002886e-06
  -9.99999999999254041150e-01-j1.22149830326401568065e-06
  -9.99999999999257149774e-01-j1.21890489409610886547e-06
  -9.99999999999260369421e-01-j1.21632247392689100114e-06
  -9.99999999999263367023e-01-j1.21375097305885593393e-06
  -9.99999999999266253603e-01-j1.21119032238264627198e-06
  -9.99999999999269473250e-01-j1.20864045337087576225e-06
  -9.99999999999272914941e-01-j1.20610129807202197123e-06
  -9.99999999999275912543e-01-j1.20357278910438058725e-06
  -9.99999999999278688101e-01-j1.20105485965010972012e-06
  -9.99999999999281796725e-01-j1.19854744344935848044e-06
  -9.99999999999284572283e-01-j1.19605047479442351108e-06
  -9.99999999999287791930e-01-j1.19356388852402135043e-06
  -9.99999999999290456465e-01-j1.19108762001763533442e-06
  -9.99999999999293787134e-01-j1.18862160518991416773e-06
  -9.99999999999296562692e-01-j1.18616578048513423409e-06
  -9.99999999999299449271e-01-j1.18372008287173517499e-06
  -9.99999999999302224829e-01-j1.18128444983692534860e-06
  -9.99999999999304778342e-01-j1.17885881938136966264e-06
  -9.99999999999307886966e-01-j1.17644313001394495812e-06
  -9.99999999999310551502e-01-j1.17403732074649624013e-06
  -9.99999999999313660126e-01-j1.17164133108874876269e-06
  -9.99999999999316435684e-01-j1.16925510104325801832e-06
  -9.99999999999319433286e-01-j1.16687857110031377605e-06
  -9.99999999999321986799e-01-j1.16451168223298832682e-06
  -9.99999999999324651334e-01-j1.16215437589235815888e-06
  -9.99999999999327204847e-01-j1.15980659400262123636e-06
  -9.99999999999329869382e-01-j1.15746827895630575738e-06
  -9.99999999999332866985e-01-j1.15513937360959919091e-06
  -9.99999999999335309475e-01-j1.15281982127770590088e-06
  -9.99999999999338085033e-01-j1.15050956573018126526e-06
  -9.99999999999340971613e-01-j1.14820855118643626040e-06
  -9.99999999999343414103e-01-j1.14591672231115861269e-06
  -9.99999999999345856594e-01-j1.14363402421002956471e-06
  -9.99999999999348743174e-01-j1.14136040242531676281e-06
  -9.99999999999351185664e-01-j1.13909580293143749851e-06
  -9.99999999999354183267e-01-j1.13684017213072947301e-06
  -9.99999999999356403713e-01-j1.13459345684922516159e-06
  -9.99999999999358846203e-01-j1.13235560433247191773e-06
  -9.99999999999361510739e-01-j1.13012656224141793413e-06
  -9.99999999999364175274e-01-j1.12790627864831112091e-06
  -9.99999999999366506742e-01-j1.12569470203267569912e-06
  -9.99999999999368727188e-01-j1.12349178127736926238e-06
  -9.99999999999371391723e-01-j1.12129746566455577046e-06
  -9.99999999999373723192e-01-j1.11911170487182719722e-06
  -9.99999999999376054660e-01-j1.11693444896841983439e-06
  -9.99999999999378719195e-01-j1.11476564841138972608e-06
  -9.99999999999381050664e-01-j1.11260525404183278423e-06
  -9.99999999999383160088e-01-j1.11045321708120019532e-06
  -9.99999999999386046667e-01-j1.10830948912760069804e-06
  -9.99999999999388267113e-01-j1.10617402215218396430e-06
  -9.99999999999390376537e-01-j1.10404676849555764996e-06
  -9.99999999999392819028e-01-j1.10192768086419406923e-06
  -9.99999999999395705608e-01-j1.09981671232700288766e-06
  -9.99999999999397259920e-01-j1.09771381631186336919e-06
  -9.99999999999399813433e-01-j1.09561894660213269468e-06
  -9.99999999999401811834e-01-j1.09353205733329107606e-06
  -9.99999999999404365347e-01-j1.09145310298961016406e-06
  -9.99999999999406585793e-01-j1.08938203840081467960e-06
  -9.99999999999408806239e-01-j1.08731881873883827755e-06
  -9.99999999999411248730e-01-j1.08526339951458449281e-06
  -9.99999999999413358154e-01-j1.08321573657470780331e-06
  -9.99999999999415800644e-01-j1.08117578609844022107e-06
  -9.99999999999417799046e-01-j1.07914350459452439768e-06
  -9.99999999999419908470e-01-j1.07711884889812978909e-06
  -9.99999999999422017893e-01-j1.07510177616772731577e-06
  -9.99999999999424571406e-01-j1.07309224388208472513e-06
  -9.99999999999426458785e-01-j1.07109020983730028210e-06
  -9.99999999999428568209e-01-j1.06909563214384196549e-06
  -9.99999999999430566611e-01-j1.06710846922361631044e-06
  -9.99999999999432787057e-01-j1.06512867980708637887e-06
  -9.99999999999434785458e-01-j1.06315622293042488169e-06
  -9.99999999999436783860e-01-j1.06119105793265163101e-06
  -9.99999999999439115328e-01-j1.05923314445288872981e-06
  -9.99999999999441113729e-01-j1.05728244242759098603e-06
  -9.99999999999443112131e-01-j1.05533891208777675004e-06
  -9.99999999999445110532e-01-j1.05340251395635870212e-06
  -9.99999999999447442001e-01-j1.05147320884544287611e-06
  -9.99999999999449662447e-01-j1.04955095785371005710e-06
  -9.99999999999451216759e-01-j1.04763572236379061449e-06
  -9.99999999999453659250e-01-j1.04572746403968020457e-06
  -9.99999999999455102540e-01-j1.04382614482417686049e-06
  -9.99999999999457322986e-01-j1.04193172693639600940e-06
  -9.99999999999459099342e-01-j1.04004417286920375085e-06
  -9.99999999999460875699e-01-j1.03816344538669714552e-06
  -9.99999999999463207168e-01-j1.03628950752188080387e-06
  -9.99999999999465316591e-01-j1.03442232257418656188e-06
  -9.99999999999466870904e-01-j1.03256185410707489553e-06
  -9.99999999999469091350e-01-j1.03070806594566936953e-06
  -9.99999999999471089751e-01-j1.02886092217440950901e-06
  -9.99999999999472644063e-01-j1.02702038713473988188e-06
  -9.99999999999474753487e-01-j1.02518642542280405165e-06
  -9.99999999999476418822e-01-j1.02335900188714085958e-06
  -9.99999999999478195178e-01-j1.02153808162650649118e-06
  -9.99999999999479971535e-01-j1.01972362998767515517e-06
  -9.99999999999481969937e-01-j1.01791561256314955345e-06
  -9.99999999999483857316e-01-j1.01611399518901725246e-06
  -9.99999999999485522650e-01-j1.01431874394280938384e-06
  -9.99999999999487410030e-01-j1.01252982514136887435e-06
  -9.99999999999489408431e-01-j1.01074720533874218079e-06
  -9.99999999999491184788e-01-j1.00897085132410088294e-06
  -9.99999999999492850122e-01-j1.00720073011966729985e-06
  -9.99999999999494626479e-01-j1.00543680897865810564e-06
  -9.99999999999496291814e-01-j1.00367905538330566048e-06
  -9.99999999999498290215e-01-j1.00192743704288421212e-06
  -9.99999999999499844527e-01-j1.00018192189166071139e-06
  -9.99999999999501842929e-01-j9.98442478086969082841e-07
  -9.99999999999503286219e-01-j9.96709074007258237257e-07
  -9.99999999999505062576e-01-j9.94981678250208482188e-07
  -9.99999999999506949955e-01-j9.93260259630801133841e-07
  -9.99999999999508504267e-01-j9.91544787179468385373e-07
  -9.99999999999510058579e-01-j9.89835230140222211106e-07
  -9.99999999999511945958e-01-j9.88131557968834092726e-07
  -9.99999999999513722315e-01-j9.86433740330994416687e-07
  -9.99999999999515276627e-01-j9.84741747100485212386e-07
  -9.99999999999516941962e-01-j9.83055548357451781434e-07
  -9.99999999999518607297e-01-j9.81375114386631340006e-07
  -9.99999999999520272631e-01-j9.79700415675580178881e-07
  -9.99999999999521715921e-01-j9.78031422912977056451e-07
  -9.99999999999523492278e-01-j9.76368106986884028319e-07
  -9.99999999999525046590e-01-j9.74710438983077580636e-07
  -9.99999999999526822947e-01-j9.73058390183351176075e-07
  -9.99999999999528155215e-01-j9.71411932063859939694e-07
  -9.99999999999529931571e-01-j9.69771036293492449853e-07
  -9.99999999999531485884e-01-j9.68135674732279375064e-07
  -9.99999999999533151218e-01-j9.66505819429714019413e-07
  -9.99999999999534483486e-01-j9.64881442623190605569e-07
  -9.99999999999535926776e-01-j9.63262516736435358002e-07
  -9.99999999999537703133e-01-j9.61649014377939915547e-07
  -9.99999999999539146422e-01-j9.60040908339413378699e-07
  -9.99999999999540700735e-01-j9.58438171594252144586e-07
  -9.99999999999542144025e-01-j9.56840777296035999977e-07
  -9.99999999999544031404e-01-j9.55248698777008332412e-07
  -9.99999999999545696738e-01-j9.53661909546601763484e-07
  -9.99999999999547029006e-01-j9.52080383290023286172e-07
  -9.99999999999548694340e-01-j9.50504093866715417740e-07
  -9.99999999999549915586e-01-j9.48933015308947583945e-07
  -9.99999999999551358876e-01-j9.47367121820407609122e-07
  -9.99999999999553024210e-01-j9.45806387774762607209e-07
  -9.99999999999554467500e-01-j9.44250787714272600568e-07
  -9.99999999999555910790e-01-j9.42700296348413879694e-07
  -9.99999999999557243058e-01-j9.41154888552502362908e-07
  -9.99999999999559019415e-01-j9.39614539366318226617e-07
  -9.99999999999560240660e-01-j9.38079223992786757372e-07
  -9.99999999999561794972e-01-j9.36548917796675932837e-07
  -9.99999999999563349284e-01-j9.35023596303210570006e-07
  -9.99999999999564570530e-01-j9.33503235196810775505e-07
  -9.99999999999566124842e-01-j9.31987810319785079639e-07
  -9.99999999999567346087e-01-j9.30477297671061369275e-07
  -9.99999999999568789377e-01-j9.28971673404899715397e-07
  -9.99999999999570121645e-01-j9.27470913829671586879e-07
  -9.99999999999571453912e-01-j9.25974995406581677759e-07
  -9.99999999999572897202e-01-j9.24483894748472955512e-07
  -9.99999999999574451515e-01-j9.22997588618576969818e-07
  -9.99999999999575450715e-01-j9.21516053929294654509e-07
  -9.99999999999576671961e-01-j9.20039267741052303699e-07
  -9.99999999999578226273e-01-j9.18567207261078456203e-07
  -9.99999999999579447518e-01-j9.17099849842244519197e-07
  -9.99999999999580779786e-01-j9.15637172981904544831e-07
  -9.99999999999582112054e-01-j9.14179154320731936362e-07
  -9.99999999999583444321e-01-j9.12725771641600305869e-07
  -9.99999999999584776589e-01-j9.11277002868437756311e-07
  -9.99999999999586552946e-01-j9.09832826065096198425e-07
  -9.99999999999587885213e-01-j9.08393219434273183664e-07
  -9.99999999999589106459e-01-j9.06958161316448030809e-07
  -9.99999999999590327704e-01-j9.05527630188728061224e-07
  -9.99999999999591770994e-01-j9.04101604663789278269e-07
  -9.99999999999592770195e-01-j9.02680063488818846671e-07
  -9.99999999999594213484e-01-j9.01262985544469642104e-07
  -9.99999999999595323708e-01-j8.99850349843789389791e-07
  -9.99999999999596655975e-01-j8.98442135531210048312e-07
  -9.99999999999597766198e-01-j8.97038321881506488482e-07
  -9.99999999999599209488e-01-j8.95638888298797206225e-07
  -9.99999999999600430733e-01-j8.94243814315515071666e-07
  -9.99999999999601763001e-01-j8.92853079591399677565e-07
  -9.99999999999602873224e-01-j8.91466663912542415542e-07
  -9.99999999999603983447e-01-j8.90084547190387294840e-07
  -9.99999999999605204692e-01-j8.88706709460772842182e-07
  -9.99999999999606759005e-01-j8.87333130882959602070e-07
  -9.99999999999607980250e-01-j8.85963791738684318615e-07
  -9.99999999999609090473e-01-j8.84598672431206917599e-07
  -9.99999999999610200696e-01-j8.83237753484392428636e-07
  -9.99999999999611199897e-01-j8.81881015541763261182e-07
  -9.99999999999612532164e-01-j8.80528439365586420656e-07
  -9.99999999999613864432e-01-j8.79180005836003817365e-07
  -9.99999999999615196700e-01-j8.77835695950073425200e-07
  -9.99999999999616195900e-01-j8.76495490820912401940e-07
  -9.99999999999617306123e-01-j8.75159371676790234596e-07
  -9.99999999999618305324e-01-j8.73827319860272389102e-07
  -9.99999999999619637592e-01-j8.72499316827341301879e-07
  -9.99999999999620969859e-01-j8.71175344146533676772e-07
  -9.99999999999622080082e-01-j8.69855383498093346228e-07
  -9.99999999999622857239e-01-j8.68539416673112062247e-07
  -9.99999999999624078484e-01-j8.67227425572701733437e-07
  -9.99999999999625299729e-01-j8.65919392207218860470e-07
  -9.99999999999626631997e-01-j8.64615298695363716543e-07
  -9.99999999999627853242e-01-j8.63315127263377571903e-07
  -9.99999999999628519376e-01-j8.62018860244267870456e-07
  -9.99999999999629740621e-01-j8.60726480076975702264e-07
  -9.99999999999631072889e-01-j8.59437969305612626853e-07
  -9.99999999999632183112e-01-j8.58153310578653027302e-07
  -9.99999999999633071290e-01-j8.56872486648159604492e-07
  -9.99999999999634070491e-01-j8.55595480368999553990e-07
  -9.99999999999635402759e-01-j8.54322274698099071180e-07
  -9.99999999999636624004e-01-j8.53052852693728031933e-07
  -9.99999999999637290138e-01-j8.51787197514660582964e-07
  -9.99999999999638511383e-01-j8.50525292419476974917e-07
  -9.99999999999639732629e-01-j8.49267120765814044094e-07
  -9.99999999999640731829e-01-j8.48012666009648834334e-07
  -9.99999999999641731030e-01-j8.46761911704550561043e-07
  -9.99999999999642841253e-01-j8.45514841500983926596e-07
  -9.99999999999644062498e-01-j8.44271439145585542441e-07
  -9.99999999999644950677e-01-j8.43031688480453162576e-07
  -9.99999999999645838855e-01-j8.41795573442464986699e-07
  -9.99999999999647393167e-01-j8.40563078062556082312e-07
  -9.99999999999648059301e-01-j8.39334186465061722427e-07
  -9.99999999999648947480e-01-j8.38108882867009266025e-07
  -9.99999999999650057703e-01-j8.36887151577464354497e-07
  -9.99999999999651500993e-01-j8.35668976996850955948e-07
  -9.99999999999652056104e-01-j8.34454343616285597299e-07
  -9.99999999999653166327e-01-j8.33243236016922501940e-07
  -9.99999999999654165528e-01-j8.32035638869299997931e-07
  -9.99999999999654831662e-01-j8.30831536932669244394e-07
  -9.99999999999656274952e-01-j8.29630915054383308997e-07
  -9.99999999999657163130e-01-j8.28433758169316315113e-07
  -9.99999999999658273353e-01-j8.27240051299139440404e-07
  -9.99999999999659050509e-01-j8.26049779551719841073e-07
  -9.99999999999659938688e-01-j8.24862928120518834947e-07
  -9.99999999999661159933e-01-j8.23679482283962873640e-07
  -9.99999999999662048111e-01-j8.22499427404848501906e-07
  -9.99999999999662936290e-01-j8.21322748929732493916e-07
  -9.99999999999664046513e-01-j8.20149432388327601129e-07
  -9.99999999999665045713e-01-j8.18979463392945310496e-07
  -9.99999999999665711847e-01-j8.17812827637878992710e-07
  -9.99999999999667044115e-01-j8.16649510898747875193e-07
  -9.99999999999667710249e-01-j8.15489499032036891445e-07
  -9.99999999999668487405e-01-j8.14332777974484382104e-07
  -9.99999999999669819672e-01-j8.13179333742496795177e-07
  -9.99999999999670485806e-01-j8.12029152431600549846e-07
  -9.99999999999671373985e-01-j8.10882220215884900548e-07
  -9.99999999999672817275e-01-j8.09738523347425425172e-07
  -9.99999999999673150342e-01-j8.08598048155770299578e-07
  -9.99999999999674482609e-01-j8.07460781047348539205e-07
  -9.99999999999675592832e-01-j8.06326708504968555567e-07
  -9.99999999999676147944e-01-j8.05195817087295007525e-07
  -9.99999999999677147144e-01-j8.04068093428278536360e-07
  -9.99999999999677924301e-01-j8.02943524236634946385e-07
  -9.99999999999678923501e-01-j8.01822096295349584798e-07
  -9.99999999999679811680e-01-j8.00703796461126240862e-07
  -9.99999999999680699858e-01-j7.99588611663902748948e-07
  -9.99999999999681810081e-01-j7.98476528906322757605e-07
  -9.99999999999682476215e-01-j7.97367535263235874247e-07
  -9.99999999999683475416e-01-j7.96261617881183092634e-07
  -9.99999999999684141549e-01-j7.95158763977904984372e-07
  -9.99999999999684807683e-01-j7.94058960841937981829e-07
  -9.99999999999686028929e-01-j7.92962195831999643977e-07
  -9.99999999999686917107e-01-j7.91868456376553069698e-07
  -9.99999999999687361196e-01-j7.90777729973317736256e-07
  -9.99999999999688471419e-01-j7.89690004188813477936e-07
  -9.99999999999689470620e-01-j7.88605266657870053965e-07
  -9.99999999999690247776e-01-j7.87523505083162127427e-07
  -9.99999999999691357999e-01-j7.86444707234752820380e-07
  -9.99999999999691691066e-01-j7.85368860949629539804e-07
  -9.99999999999692912311e-01-j7.84295954131254414864e-07
  -9.99999999999693911512e-01-j7.83225974749062324006e-07
  -9.99999999999694577646e-01-j7.82158910838069036345e-07
  -9.99999999999695132757e-01-j7.81094750498404708266e-07
  -9.99999999999696354003e-01-j7.80033481894879461400e-07
  -9.99999999999697020137e-01-j7.78975093256532655222e-07
  -9.99999999999697686270e-01-j7.77919572876207252991e-07
  -9.99999999999698685471e-01-j7.76866909110107564670e-07
  -9.99999999999699462627e-01-j7.75817090377385471340e-07
  -9.99999999999700239783e-01-j7.74770105159692238882e-07
  -9.99999999999700905917e-01-j7.73725942000776706730e-07
  -9.99999999999701905118e-01-j7.72684589506083053094e-07
  -9.99999999999702571252e-01-j7.71646036342301549867e-07
  -9.99999999999703126363e-01-j7.70610271236975962848e-07
  -9.99999999999704569653e-01-j7.69577282978088717361e-07
  -9.99999999999704902720e-01-j7.68547060413659934030e-07
  -9.99999999999705679876e-01-j7.67519592451349852692e-07
  -9.99999999999706679077e-01-j7.66494868058052256578e-07
  -9.99999999999707678278e-01-j7.65472876259505154803e-07
  -9.99999999999708011345e-01-j7.64453606139897017914e-07
  -9.99999999999709232590e-01-j7.63437046841480530874e-07
  -9.99999999999709565657e-01-j7.62423187564182746146e-07
  -9.99999999999710564857e-01-j7.61412017565238106667e-07
  -9.99999999999710897924e-01-j7.60403526158777740749e-07
  -9.99999999999712230192e-01-j7.59397702715487896041e-07
  -9.99999999999713007348e-01-j7.58394536662209610588e-07
  -9.99999999999713451437e-01-j7.57394017481579888491e-07
  -9.99999999999714561660e-01-j7.56396134711670334482e-07
  -9.99999999999714894727e-01-j7.55400877945605353819e-07
  -9.99999999999715782906e-01-j7.54408236831216668725e-07
  -9.99999999999716782106e-01-j7.53418201070673588507e-07
  -9.99999999999717781307e-01-j7.52430760420140808242e-07
  -9.99999999999718003352e-01-j7.51445904689403490823e-07
  -9.99999999999718891530e-01-j7.50463623741534594765e-07
  -9.99999999999719668686e-01-j7.49483907492546320150e-07
  -9.99999999999720334820e-01-j7.48506745911028954953e-07
  -9.99999999999720667887e-01-j7.47532129017829637796e-07
  -9.99999999999722000155e-01-j7.46560046885697557026e-07
  -9.99999999999722555266e-01-j7.45590489638950537365e-07
  -9.99999999999723110378e-01-j7.44623447453119921351e-07
  -9.99999999999723554467e-01-j7.43658910554603285831e-07
  -9.99999999999724775712e-01-j7.42696869220527328496e-07
  -9.99999999999725108779e-01-j7.41737313778168073838e-07
  -9.99999999999726219002e-01-j7.40780234604734032706e-07
  -9.99999999999726774114e-01-j7.39825622127033741882e-07
  -9.99999999999727551270e-01-j7.38873466821157809084e-07
  -9.99999999999727995359e-01-j7.37923759212160852096e-07
  -9.99999999999728772515e-01-j7.36976489873751378827e-07
  -9.99999999999729549671e-01-j7.36031649427978491007e-07
  -9.99999999999730326827e-01-j7.35089228544928964019e-07
  -9.99999999999730881939e-01-j7.34149217942433538236e-07
  -9.99999999999731881140e-01-j7.33211608385675060393e-07
  -9.99999999999732436251e-01-j7.32276390686991124916e-07
  -9.99999999999733213407e-01-j7.31343555705530707943e-07
  -9.99999999999733546474e-01-j7.30413094346971999468e-07
  -9.99999999999734323630e-01-j7.29484997563204130714e-07
  -9.99999999999735211809e-01-j7.28559256352047441501e-07
  -9.99999999999735433853e-01-j7.27635861756967500751e-07
  -9.99999999999736322032e-01-j7.26714804866778433192e-07
  -9.99999999999736988165e-01-j7.25796076815339363930e-07
  -9.99999999999738098388e-01-j7.24879668781299567410e-07
  -9.99999999999738098388e-01-j7.23965571987818946543e-07
  -9.99999999999739319634e-01-j7.23053777702264477274e-07
  -9.99999999999739985768e-01-j7.22144277235937358092e-07
  -9.99999999999740318835e-01-j7.21237061943796453776e-07
  -9.99999999999740651901e-01-j7.20332123224200585618e-07
  -9.99999999999741873147e-01-j7.19429452518612705168e-07
  -9.99999999999742317236e-01-j7.18529041311345043195e-07
  -9.99999999999742872347e-01-j7.17630881129292400188e-07
  -9.99999999999743649504e-01-j7.16734963541661731087e-07
  -9.99999999999744204615e-01-j7.15841280159701624136e-07
  -9.99999999999744981771e-01-j7.14949822636453273198e-07
  -9.99999999999745314838e-01-j7.14060582666486309352e-07
  -9.99999999999746536083e-01-j7.13173551985632620789e-07
  -9.99999999999746758128e-01-j7.12288722370745371943e-07
  -9.99999999999747202217e-01-j7.11406085639431870470e-07
  -9.99999999999747979373e-01-j7.10525633649807292421e-07
  -9.99999999999748534485e-01-j7.09647358300244701644e-07
  -9.99999999999749533686e-01-j7.08771251529123586877e-07
  -9.99999999999749755730e-01-j7.07897305314566328621e-07
  -9.99999999999750643909e-01-j7.07025511674169054424e-07
  -9.99999999999751199020e-01-j7.06155862664947534648e-07
  -9.99999999999751643109e-01-j7.05288350382861361715e-07
  -9.99999999999752531288e-01-j7.04422966962667731039e-07
  -9.99999999999752753332e-01-j7.03559704577677389665e-07
  -9.99999999999753974578e-01-j7.02698555439522655114e-07
  -9.99999999999754418667e-01-j7.01839511797917810942e-07
  -9.99999999999754751734e-01-j7.00982565940433054820e-07
  -9.99999999999755195823e-01-j7.00127710192253941179e-07
  -9.99999999999755972979e-01-j6.99274936915970999401e-07
  -9.99999999999756639113e-01-j6.98424238511348176185e-07
  -9.99999999999757083202e-01-j6.97575607415050726218e-07
  -9.99999999999757971381e-01-j6.96729036100473370358e-07
  -9.99999999999758415470e-01-j6.95884517077518267130e-07
  -9.99999999999758970581e-01-j6.95042042892341538113e-07
  -9.99999999999759303648e-01-j6.94201606127163426680e-07
  -9.99999999999760080804e-01-j6.93363199400042246084e-07
  -9.99999999999760857960e-01-j6.92526815364639010171e-07
  -9.99999999999761191027e-01-j6.91692446710034791910e-07
  -9.99999999999761857161e-01-j6.90860086160495354104e-07
  -9.99999999999762190228e-01-j6.90029726475259285279e-07
  -9.99999999999763189429e-01-j6.89201360448348793700e-07
  -9.99999999999763855563e-01-j6.88374980908338890888e-07
  -9.99999999999764077607e-01-j6.87550580718155374267e-07
  -9.99999999999764299652e-01-j6.86728152774880327221e-07
  -9.99999999999765520897e-01-j6.85907690009536231573e-07
  -9.99999999999765853964e-01-j6.85089185386887655996e-07
  -9.99999999999766409076e-01-j6.84272631905240720959e-07
  -9.99999999999766742143e-01-j6.83458022596243728355e-07
  -9.99999999999767519299e-01-j6.82645350524694355618e-07
  -9.99999999999768407477e-01-j6.81834608788343461721e-07
  -9.99999999999768629522e-01-j6.81025790517661623720e-07
  -9.99999999999769295655e-01-j6.80218888875687729613e-07
  -9.99999999999770072812e-01-j6.79413897057833949005e-07
  -9.99999999999770405879e-01-j6.78610808291681704048e-07
  -9.99999999999770849968e-01-j6.77809615836794475154e-07
  -9.99999999999771294057e-01-j6.77010312984533994854e-07
  -9.99999999999771960191e-01-j6.76212893057864900819e-07
  -9.99999999999772515302e-01-j6.75417349411176117787e-07
  -9.99999999999772737347e-01-j6.74623675430087628175e-07
  -9.99999999999773514503e-01-j6.73831864531238290323e-07
  -9.99999999999773958592e-01-j6.73041910162222311024e-07
  -9.99999999999774624726e-01-j6.72253805801277643279e-07
  -9.99999999999775401882e-01-j6.71467544957159884267e-07
  -9.99999999999775623927e-01-j6.70683121168945022545e-07
  -9.99999999999775845971e-01-j6.69900528005880042617e-07
  -9.99999999999776845172e-01-j6.69119759067181436965e-07
  -9.99999999999777178239e-01-j6.68340807981878610839e-07
  -9.99999999999777622328e-01-j6.67563668408626370335e-07
  -9.99999999999778399484e-01-j6.66788334035540386244e-07
  -9.99999999999778843573e-01-j6.66014798580008940984e-07
  -9.99999999999779509707e-01-j6.65243055788582920191e-07
  -9.99999999999779842774e-01-j6.64473099436745843277e-07
  -9.99999999999779953797e-01-j6.63704923328755680026e-07
  -9.99999999999780730953e-01-j6.62938521297495666915e-07
  -9.99999999999781508109e-01-j6.62173887204298547780e-07
  -9.99999999999781841176e-01-j6.61411014938786908104e-07
  -9.99999999999782396287e-01-j6.60649898418706415406e-07
  -9.99999999999782729354e-01-j6.59890531589773670946e-07
  -9.99999999999783173443e-01-j6.59132908425499285720e-07
  -9.99999999999784283666e-01-j6.58377022927044520134e-07
  -9.99999999999784394689e-01-j6.57622869123056430217e-07
  -9.99999999999784394689e-01-j6.56870441069514131137e-07
  -9.99999999999785504912e-01-j6.56119732849562778748e-07
  -9.99999999999785949001e-01-j6.55370738573365444703e-07
  -9.99999999999786393090e-01-j6.54623452377958697333e-07
  -9.99999999999786726157e-01-j6.53877868427079383413e-07
  -9.99999999999787281268e-01-j6.53133980911021267832e-07
  -9.99999999999787725358e-01-j6.52391784046494320249e-07
  -9.99999999999788391492e-01-j6.51651272076459861304e-07
  -9.99999999999788724558e-01-j6.50912439269968885200e-07
  -9.99999999999789057625e-01-j6.50175279922082438614e-07
  -9.99999999999789612737e-01-j6.49439788353642180640e-07
  -9.99999999999790389893e-01-j6.48705958911170750542e-07
  -9.99999999999790722960e-01-j6.47973785966705325780e-07
  -9.99999999999791167049e-01-j6.47243263917666226024e-07
  -9.99999999999791500116e-01-j6.46514387186710482331e-07
  -9.99999999999791944205e-01-j6.45787150221591335559e-07
  -9.99999999999792721361e-01-j6.45061547495012970211e-07
  -9.99999999999792943406e-01-j6.44337573504491706918e-07
  -9.99999999999793387495e-01-j6.43615222772215077325e-07
  -9.99999999999793942607e-01-j6.42894489844921545417e-07
  -9.99999999999794386696e-01-j6.42175369293744335817e-07
  -9.99999999999794830785e-01-j6.41457855714076967309e-07
  -9.99999999999795274874e-01-j6.40741943725437939322e-07
  -9.99999999999795718963e-01-j6.40027627971346112206e-07
  -9.99999999999796385097e-01-j6.39314903119170994162e-07
  -9.99999999999796940209e-01-j6.38603763860014156629e-07
  -9.99999999999797384298e-01-j6.37894204908571379670e-07
  -9.99999999999797384298e-01-j6.37186221003006549942e-07
  -9.99999999999798161454e-01-j6.36479806904812323778e-07
  -9.99999999999798716566e-01-j6.35774957398687307410e-07
  -9.99999999999799049633e-01-j6.35071667292402966913e-07
  -9.99999999999799271677e-01-j6.34369931416689172882e-07
  -9.99999999999799826789e-01-j6.33669744625087028458e-07
  -9.99999999999800270878e-01-j6.32971101793841507898e-07
  -9.99999999999800714967e-01-j6.32273997821770484108e-07
  -9.99999999999801381101e-01-j6.31578427630131638593e-07
  -9.99999999999801714168e-01-j6.30884386162516899970e-07
  -9.99999999999802047235e-01-j6.30191868384708554254e-07
  -9.99999999999802602346e-01-j6.29500869284555789800e-07
  -9.99999999999802824391e-01-j6.28811383871907464063e-07
  -9.99999999999803268480e-01-j6.28123407178428403333e-07
  -9.99999999999803601547e-01-j6.27436934257505064434e-07
  -9.99999999999804378703e-01-j6.26751960184124514894e-07
  -9.99999999999804378703e-01-j6.26068480054755107182e-07
  -9.99999999999804933815e-01-j6.25386488987229164639e-07
  -9.99999999999805710971e-01-j6.24705982120635514176e-07
  -9.99999999999806044038e-01-j6.24026954615191372541e-07
  -9.99999999999806155060e-01-j6.23349401652134243738e-07
  -9.99999999999806599149e-01-j6.22673318433568817823e-07
  -9.99999999999807376305e-01-j6.21998700182475229474e-07
  -9.99999999999807598350e-01-j6.21325542142471571127e-07
  -9.99999999999807931417e-01-j6.20653839577743271609e-07
  -9.99999999999808375506e-01-j6.19983587772930546631e-07
  -9.99999999999808708573e-01-j6.19314782033025272526e-07
  -9.99999999999809152662e-01-j6.18647417683252401639e-07
  -9.99999999999809707774e-01-j6.17981490068965777275e-07
  -9.99999999999810262885e-01-j6.17316994555539713479e-07
  -9.99999999999810151863e-01-j6.16653926528264174709e-07
  -9.99999999999810595952e-01-j6.15992281392231485183e-07
  -9.99999999999811484130e-01-j6.15332054572231296789e-07
  -9.99999999999811817197e-01-j6.14673241512650533320e-07
  -9.99999999999811817197e-01-j6.14015837677362429160e-07
  -9.99999999999812594353e-01-j6.13359838549626897028e-07
  -9.99999999999812927420e-01-j6.12705239631988566394e-07
  -9.99999999999813371510e-01-j6.12052036446167410345e-07
  -9.99999999999813704576e-01-j6.11400224532958054542e-07
  -9.99999999999814148666e-01-j6.10749799452137556515e-07
  -9.99999999999814814799e-01-j6.10100756782350950328e-07
  -9.99999999999814814799e-01-j6.09453092121025590378e-07
  -9.99999999999815369911e-01-j6.08806801084252672656e-07
  -9.99999999999815814000e-01-j6.08161879306704649042e-07
  -9.99999999999816147067e-01-j6.07518322441531677519e-07
  -9.99999999999816369112e-01-j6.06876126160264742786e-07
  -9.99999999999817035246e-01-j6.06235286152714435818e-07
  -9.99999999999817590357e-01-j6.05595798126880956615e-07
  -9.99999999999817701379e-01-j6.04957657808854058438e-07
  -9.99999999999818145469e-01-j6.04320860942717544840e-07
  -9.99999999999818478535e-01-j6.03685403290457684231e-07
  -9.99999999999819033647e-01-j6.03051280631855107298e-07
  -9.99999999999819255692e-01-j6.02418488764427526403e-07
  -9.99999999999819477736e-01-j6.01787023503303315913e-07
  -9.99999999999820143870e-01-j6.01156880681135750115e-07
  -9.99999999999820476937e-01-j6.00528056148017347011e-07
  -9.99999999999820476937e-01-j5.99900545771383094802e-07
  -9.99999999999820810004e-01-j5.99274345435925007440e-07
  -9.99999999999821698182e-01-j5.98649451043500856827e-07
  -9.99999999999821809205e-01-j5.98025858513043752049e-07
  -9.99999999999821920227e-01-j5.97403563780468753995e-07
  -9.99999999999822475338e-01-j5.96782562798583725134e-07
  -9.99999999999822697383e-01-j5.96162851537027496117e-07
  -9.99999999999823474539e-01-j5.95544425982155304566e-07
  -9.99999999999823807606e-01-j5.94927282136951868318e-07
  -9.99999999999824362718e-01-j5.94311416020958964110e-07
  -9.99999999999824584762e-01-j5.93696823670179818735e-07
  -9.99999999999824917829e-01-j5.93083501137000440855e-07
  -9.99999999999825028851e-01-j5.92471444490098459082e-07
  -9.99999999999825917030e-01-j5.91860649814368053681e-07
  -9.99999999999826139074e-01-j5.91251113210828688773e-07
  -9.99999999999826250097e-01-j5.90642830796540197279e-07
  -9.99999999999826472141e-01-j5.90035798704534806527e-07
  -9.99999999999827027253e-01-j5.89430013083723964631e-07
  -9.99999999999827582364e-01-j5.88825470098811413728e-07
  -9.99999999999827693387e-01-j5.88222165930225956743e-07
  -9.99999999999827915431e-01-j5.87620096774031566017e-07
  -9.99999999999828248498e-01-j5.87019258841849244516e-07
  -9.99999999999828692587e-01-j5.86419648360782486933e-07
  -9.99999999999829025654e-01-j5.85821261573329717656e-07
  -9.99999999999829358721e-01-j5.85224094737312716483e-07
  -9.99999999999829802810e-01-j5.84628144125761633904e-07
  -9.99999999999830135877e-01-j5.84033406026942413787e-07
  -9.99999999999830468944e-01-j5.83439876744171716682e-07
  -9.99999999999830579966e-01-j5.82847552595781979712e-07
  -9.99999999999831246100e-01-j5.82256429915036395640e-07
  -9.99999999999831801212e-01-j5.81666505050063903091e-07
  -9.99999999999832023256e-01-j5.81077774363776071444e-07
  -9.99999999999832134279e-01-j5.80490234233789597315e-07
  -9.99999999999832245301e-01-j5.79903881052367965168e-07
  -9.99999999999833022457e-01-j5.79318711226327850168e-07
  -9.99999999999833355524e-01-j5.78734721176970932035e-07
  -9.99999999999833577569e-01-j5.78151907340029155533e-07
  -9.99999999999833910636e-01-j5.77570266165565733502e-07
  -9.99999999999834576769e-01-j5.76989794117920089709e-07
  -9.99999999999834687792e-01-j5.76410487675629825942e-07
  -9.99999999999834576769e-01-j5.75832343331358618332e-07
  -9.99999999999835131881e-01-j5.75255357591830360534e-07
  -9.99999999999835353925e-01-j5.74679526977756001266e-07
  -9.99999999999835909037e-01-j5.74104848023760699468e-07
  -9.99999999999836464148e-01-j5.73531317278321673261e-07
</dep>
<dep S[3,1] frequency>
  +2.98019437465750838823e-03+j1.12296151103608802396e-02
  +2.42924793951276342396e-03+j5.49260423389180945514e-03
  +2.32835084012893243216e-03+j3.33264773596359843710e-03
  +2.20124477679035923661e-03+j2.01884823034976547407e-03
  +1.94381001921984102217e-03+j1.10275261079607347046e-03
  +1.58935519758693724092e-03+j4.99868702828477483487e-04
  +1.23004367201944063773e-03+j1.51995329082306392153e-04
  +9.26815215628241277981e-04-j2.46156753924003900960e-05
  +6.93972607595510094375e-04-j1.03076235312156736868e-04
  +5.22585371808399279728e-04-j1.30970149981751086792e-04
  +3.98165440496699033282e-04-j1.34276623904480040461e-04
  +3.07740347396366262754e-04-j1.26820801314651441984e-04
  +2.41429095789563600075e-04-j1.15252656526607764214e-04
  +1.92013866598092378200e-04-j1.02853251943854802613e-04
  +1.54618463811014066273e-04-j9.09598587210410194134e-05
  +1.25955629386429173323e-04-j8.01580671525320979020e-05
  +1.03662536783879157443e-04-j7.05716232237068528390e-05
  +8.61500172859073587266e-05-j6.22069219740310091517e-05
  +7.21840973013361628541e-05-j5.48907237181825078103e-05
  +6.09455487494054061080e-05-j4.85666963227090626716e-05
  +5.33629944244359659400e-05-j4.32528701606838697036e-05
  +4.70220748543013781422e-05-j3.86809659552638784581e-05
  +4.16517413312058592807e-05-j3.47150110924950683995e-05
  +3.70775427063959201737e-05-j3.12708378796951069647e-05
  +3.31433692048990999096e-05-j2.82546060999047259120e-05
  +2.97439942680800887805e-05-j2.56092957767861046964e-05
  +2.67826937400229291605e-05-j2.32745445739197866241e-05
  +2.41973209427749761963e-05-j2.12111576527368437032e-05
  +2.19310389885747662124e-05-j1.93769510353687385155e-05
  +1.99346766170712626817e-05-j1.77449581028870003992e-05
  +1.83017354015823322129e-05-j1.64260113908436092051e-05
  +1.68464782621095871169e-05-j1.52407484454537995049e-05
  +1.55404405618409897580e-05-j1.41727657157404604267e-05
  +1.43664256100368626008e-05-j1.32046228164600103921e-05
  +1.33057732502949850427e-05-j1.23218698795690361321e-05
  +1.23462351678474113986e-05-j1.15172906482354207326e-05
  +1.14737660710848045218e-05-j1.07797065285329220691e-05
  +1.06805758808946637585e-05-j1.01046179959045388048e-05
  +9.95443174620854088911e-06-j9.47878234823445079229e-06
  +9.29195212747899609255e-06-j8.90445470408047411387e-06
  +8.70110708406947139400e-06-j8.42835590939737502229e-06
  +8.15865466713541717420e-06-j7.98926257054707429303e-06
  +7.65718392718991491591e-06-j7.57977264905083726089e-06
  +7.19460037416694721919e-06-j7.19911443229822513193e-06
  +6.76576243568683178723e-06-j6.84001569575620774292e-06
  +6.36910437541289470477e-06-j6.50547381447670156372e-06
  +6.00005294466784136275e-06-j6.19448135070361083891e-06
  +5.65754502060653645211e-06-j5.90398736601993645215e-06
  +5.33758652611073344156e-06-j5.63069320544074677432e-06
  +5.03986737021887228104e-06-j5.37472896873721302967e-06
  +4.76289481791800489030e-06-j5.13302576447852839731e-06
  +4.50452268521089071351e-06-j4.90617880832894093072e-06
  +4.26138645045818738929e-06-j4.69175451000446901498e-06
  +4.03401063908455166689e-06-j4.49015460646091942547e-06
  +3.82078597035822764598e-06-j4.30082506827748657234e-06
  +3.62113533193086114032e-06-j4.12259773886322078304e-06
  +3.43213453164897349697e-06-j3.95173938524792044250e-06
  +3.25467006267211553486e-06-j3.79045478418550768022e-06
  +3.08689953871693403888e-06-j3.63692849526578452907e-06
  +2.92913737994968847428e-06-j3.49187061030807592389e-06
  +2.77784663164957915530e-06-j3.36556811945851300271e-06
  +2.63516030049061352315e-06-j3.24637538872790203353e-06
  +2.49908512929332378289e-06-j3.13060910567701525866e-06
  +2.37054830134200372632e-06-j3.02041313628522322987e-06
  +2.24838197361008911593e-06-j2.91433873240075848698e-06
  +2.13286971126080639164e-06-j2.81332022393119796259e-06
  +2.02269183520618883783e-06-j2.71592153810002326575e-06
  +1.91838794022565127756e-06-j2.62308590209667846362e-06
  +1.81848416225598751658e-06-j2.53331086393707474488e-06
  +1.72376988119764076652e-06-j2.44763533340987059111e-06
  +1.63161934455650959078e-06-j2.36525895100884164587e-06
  +1.54411421448802805220e-06-j2.28652645438829861933e-06
  +1.46052520962723393351e-06-j2.21001787566924852069e-06
  +1.38117562716814853646e-06-j2.13677395216689130307e-06
  +1.30503067646032227587e-06-j2.06459514569284729082e-06
  +1.23266548828225893672e-06-j1.99540590034873723072e-06
  +1.16296949781988376025e-06-j1.92849518617997199983e-06
  +1.09669854990003004922e-06-j1.86443249903518081106e-06
  +1.03318931591875165621e-06-j1.80103784906570579350e-06
  +9.72759814148248497489e-07-j1.74018545182614250371e-06
  +9.14171418552707786511e-07-j1.68057996284695756044e-06
  +8.58356937888089875978e-07-j1.62336176011596577633e-06
  +8.04794252632695403370e-07-j1.56702975881752882358e-06
  +7.53795068097016496426e-07-j1.51293336529504228770e-06
  +7.04764196234073789524e-07-j1.45891494967160653264e-06
  +6.58035175377542491902e-07-j1.40695880416292074853e-06
  +6.12995353628886785898e-07-j1.35542957598247309361e-06
  +5.70042298420024539632e-07-j1.30589129287466382783e-06
  +5.28781083975566185468e-07-j1.25666069543963446270e-06
  +4.89426665256652870489e-07-j1.20931849940205995117e-06
  +4.51353477108468804126e-07-j1.16156844268191647804e-06
  +4.15026722344697727201e-07-j1.11556796823197142451e-06
  +3.80220516057853850840e-07-j1.06945327131044550755e-06
  +3.47033271138234835701e-07-j1.02506652676916971250e-06
  +3.15445575629901951979e-07-j9.79985035680046507713e-07
  +2.85328538258655769523e-07-j9.36541027177287291759e-07
  +2.57253996256311475627e-07-j8.92158770065040961333e-07
  +2.30525952765145236677e-07-j8.49373035379901780596e-07
  +2.05295519994529219311e-07-j8.05923492183820622928e-07
  +1.81232460142362302044e-07-j7.64080633587343832524e-07
  +1.59107127430104412037e-07-j7.20917186466564205831e-07
  +1.38075944968782849609e-07-j6.79269102926810578660e-07
  +1.19453347486899650390e-07-j6.36404292486426629068e-07
  +1.01808453621989352328e-07-j5.95059748095065282188e-07
  +8.68253293007368779741e-08-j5.52478191605241870552e-07
  +7.26799753841525910135e-08-j5.11405442955994876188e-07
  +6.22291630144540381379e-08-j4.68800806350808040184e-07
  +5.25219741589903312080e-08-j4.27656088189687155203e-07
  +4.69670697835000682210e-08-j3.85423327230986114353e-07
  +4.20004933715154804067e-08-j3.44660042599459626946e-07
  +4.23846385686182359352e-08-j3.03321579364919901677e-07
  +4.32466555245040190561e-08-j2.63424690317171412809e-07
  +5.03240458070845430903e-08-j2.24118460079286012705e-07
  +5.77692644525071001616e-08-j1.86261755279899379064e-07
  +7.20950021313145966813e-08-j1.50874924432966735829e-07
  +8.66858057172858368519e-08-j1.16989420158420258901e-07
  +1.07925611120050563423e-07-j8.83157041885309454384e-08
  +1.29258095279373494441e-07-j6.12757463894906479511e-08
  +1.54434172434445084881e-07-j4.01849897848911876808e-08
  +1.81139882520397893413e-07-j2.47063307660410686549e-08
  +2.08401720304484553855e-07-j1.54051702250832918462e-08
  +2.34522163468231471543e-07-j1.19280562484617185864e-08
  +2.58379266622357139512e-07-j1.38914418211500407851e-08
  +2.78856495498113700482e-07-j2.07064506181490258547e-08
  +2.95037558429232949450e-07-j3.09409662458166587074e-08
  +3.06639874582059406702e-07-j4.32362446702086082429e-08
  +3.13740980281181543876e-07-j5.67100608920552982882e-08
  +3.16680395883157530307e-07-j7.00601251830610353429e-08
  +3.16075930773986005442e-07-j8.24784330368645958843e-08
  +3.12635298320436655849e-07-j9.35181905993372383189e-08
  +3.07111193482434220893e-07-j1.02841870994511250244e-07
  +3.00147435279896595180e-07-j1.10386988804931284351e-07
  +2.92246250340131309862e-07-j1.16177543879923335549e-07
  +2.83870186430170129066e-07-j1.20419800775508060541e-07
  +2.75250360146968384257e-07-j1.23342910081257577121e-07
  +2.66656386635388477175e-07-j1.25142493599930842769e-07
  +2.58271882453796465768e-07-j1.25990136927207337706e-07
  +2.50117399404522825585e-07-j1.26090023317944183165e-07
  +2.42243657500359099132e-07-j1.25636398016510275536e-07
  +2.34712225924194247262e-07-j1.24735099173902931539e-07
  +2.27481142098588741755e-07-j1.23416963824240717436e-07
  +2.20476048654578654650e-07-j1.21855814309264318407e-07
  +2.13768309448335169013e-07-j1.20124559090553738421e-07
  +2.07288126224017348125e-07-j1.18231723011479675960e-07
  +2.01011426934655576710e-07-j1.16243831918926894490e-07
  +1.94895005658766763023e-07-j1.14187190379532543853e-07
  +1.88964423333963144051e-07-j1.12029157142120459256e-07
  +1.83168511151123161808e-07-j1.09814637207738020990e-07
  +1.77520878533826791347e-07-j1.07522596838823483712e-07
  +1.71957791105390029534e-07-j1.05196703535394100905e-07
  +1.66543966200195305368e-07-j1.02829270116086170357e-07
  +1.61291402946731571228e-07-j1.00377436189214791876e-07
  +1.56156527112471408484e-07-j9.78732288048426320803e-08
  +1.51156082572627664028e-07-j9.53149474290513937022e-08
  +1.46310402788233898976e-07-j9.27292676620590950798e-08
  +1.41609049293587919394e-07-j9.01112810972133813510e-08
  +1.37076648810614710240e-07-j8.74815762239765407835e-08
  +1.32687034353618910989e-07-j8.48276551128219856025e-08
  +1.28454075775751022667e-07-j8.21614334644700263094e-08
  +1.24372042425860627770e-07-j7.95273853846686061674e-08
  +1.20457088357442404161e-07-j7.68857721090328713891e-08
  +1.16699356120752738311e-07-j7.42874876377098922579e-08
  +1.13068700111877556124e-07-j7.17231750860367356333e-08
  +1.09576502056283164694e-07-j6.92202314607065119389e-08
  +1.06215308251185708813e-07-j6.67673214105418393286e-08
  +1.02980667183593634142e-07-j6.43995617195613211805e-08
  +9.98545819495809814495e-08-j6.21118784378724791023e-08
  +9.68038520622234277045e-08-j5.98748394217686046959e-08
  +9.38484561591149083098e-08-j5.77589559520624222612e-08
  +9.09810441280284608875e-08-j5.57109437530867827540e-08
  +8.81721668930997310683e-08-j5.37465908784047776261e-08
  +8.54134860284405221836e-08-j5.18614535824060033460e-08
  +8.27075377938363696274e-08-j5.00501732160765038159e-08
  +8.00205325365267710669e-08-j4.83259758801133962116e-08
  +7.73850694247710352234e-08-j4.66729395366528851440e-08
  +7.47576049180512398224e-08-j4.50774134259559978743e-08
  +7.21538758506021938424e-08-j4.35428893308126773213e-08
  +6.95588774040565516185e-08-j4.20474044883148074124e-08
  +6.69720848625825392787e-08-j4.06074567986837646826e-08
  +6.43762538923909509120e-08-j3.91984524008353365734e-08
  +6.17833350363258969954e-08-j3.77994600857262930565e-08
  +5.92012677671569637067e-08-j3.64257167576842196396e-08
  +5.66235457877106459446e-08-j3.50663321874887223230e-08
  +5.40421893370065626570e-08-j3.37119008057306601622e-08
  +5.14727890775707439246e-08-j3.23580551086170451733e-08
  +4.89126465068519315368e-08-j3.10007726960789185218e-08
  +4.63648796826225251339e-08-j2.96348495200321971922e-08
  +4.38319087360714943154e-08-j2.82584405961467069783e-08
  +4.13282452347456388797e-08-j2.68619265972428902393e-08
  +3.88499478376514751425e-08-j2.54485683533439494153e-08
  +3.64003839135127662256e-08-j2.40127981293731089578e-08
  +3.39877447126146922975e-08-j2.25554569091477680938e-08
  +3.16225360389001029122e-08-j2.10797872546491653320e-08
  +2.93057879178311070201e-08-j1.95840519411930256061e-08
  +2.70380225530394652879e-08-j1.80682022893093688973e-08
  +2.48285602708829055884e-08-j1.65411611120367045424e-08
  +2.26810810147294388246e-08-j1.50028357896178635758e-08
  +2.06008841179133453484e-08-j1.34548112394502085426e-08
  +1.85861975260753635651e-08-j1.19047089688009720234e-08
  +1.66374578342146078544e-08-j1.03527133688371530480e-08
  +1.47610058419735670825e-08-j8.80584592501587079308e-09
  +1.29553507608495798482e-08-j7.26896848386410125946e-09
  +1.12184716611663548410e-08-j5.74687860448442597634e-09
  +9.55168692161430340857e-09-j4.24668443479276857979e-09
  +7.95040285649190395340e-09-j2.77169023954110480912e-09
  +6.41488931193921161210e-09-j1.32668002543932081482e-09
  +4.94050524086651204293e-09+j8.34443346507664906689e-11
  +3.52482114958136077814e-09+j1.45621357975714484205e-09
  +2.16377720208620046358e-09+j2.78719033951488383414e-09
  +8.53005143991970736732e-10+j4.07469663573024456152e-09
  -4.12442557702835742517e-10+j5.31630103304071156046e-09
  -1.63682059724112965378e-09+j6.50973202092531682494e-09
  -2.82488740901353706894e-09+j7.65521632801268404883e-09
  -3.98290321206559695937e-09+j8.75342720586136663577e-09
  -5.11581150676538822077e-09+j9.80276327996932266312e-09
  -6.22566356426550646901e-09+j1.08057198594765104613e-08
  -7.32106477528061132360e-09+j1.17632432583135553864e-08
  -8.40202326227373871353e-09+j1.26821274771978084912e-08
  -9.47404104307419707161e-09+j1.35625352296511554320e-08
  -1.05366901706109966176e-08+j1.44069931772599999980e-08
  -1.16026734214239065818e-08+j1.52220657003601461847e-08
  -1.26699900010701967662e-08+j1.60121308239319994591e-08
  -1.37389161644611672377e-08+j1.67838460155683634837e-08
  -1.48120311849880885843e-08+j1.75394345513892245004e-08
  -1.58827740421969395447e-08+j1.82837940679866038509e-08
  -1.69522480947077413227e-08+j1.90219886168123826258e-08
  -1.80162029911064774970e-08+j1.97555403540629191710e-08
  -1.90718326415556811293e-08+j2.04932515955678879291e-08
  -2.01136881251135066273e-08+j2.12268292902508780249e-08
  -2.11363258104692704150e-08+j2.19636224020618430430e-08
  -2.21332879369156987967e-08+j2.26972384340318858499e-08
  -2.30950934188362882439e-08+j2.34275870894340271195e-08
  -2.40178370393188472735e-08+j2.41566356765520605946e-08
  -2.48932411868947334589e-08+j2.48781559947211049785e-08
  -2.57153740237507963146e-08+j2.55832937978796540590e-08
  -2.64777330294718081457e-08+j2.62665456010235965974e-08
  -2.71796994193063286517e-08+j2.69111610237025860969e-08
  -2.78097484776194371645e-08+j2.75105158678725235633e-08
  -2.83731120385078429398e-08+j2.80498693545554691706e-08
  -2.88690752794545519475e-08+j2.85144906710969286790e-08
  -2.92998540042713728445e-08+j2.88829536662495765797e-08
  -2.96784443744777380981e-08+j2.91408867009449227892e-08
  -3.00129032909450683340e-08+j2.92637387362295820168e-08
  -3.03202244525075475023e-08+j2.92523801082891337900e-08
  -3.06239778759310373798e-08+j2.90755777631850888903e-08
  -3.09410019610574546759e-08+j2.87114871514235980988e-08
  -3.13117201211198743563e-08+j2.81687100341411543624e-08
  -3.17602521995036309189e-08+j2.74387516801024519271e-08
  -3.23214070334560372804e-08+j2.65173539847985268358e-08
  -3.30392595006278869127e-08+j2.54291820518349032150e-08
  -3.39377661096881270468e-08+j2.41873020411095600135e-08
  -3.50593027908927153618e-08+j2.28127137030265581613e-08
  -3.64202795916108609573e-08+j2.13333005870906121051e-08
  -3.80473008789596500966e-08+j1.98031080539678208661e-08
  -3.99536107303643791317e-08+j1.82732946970866075623e-08
  -4.21335852531732662651e-08+j1.67664866065382132221e-08
  -4.45856993131050271890e-08+j1.53485560237512122141e-08
  -4.73007319147377844035e-08+j1.40500788386609316339e-08
  -5.02423660133680576491e-08+j1.29029456272175962005e-08
  -5.34001618277653532409e-08+j1.19161790905775358247e-08
  -5.67283100865535882719e-08+j1.11750387714881380514e-08
  -6.02087492635680883990e-08+j1.06323089712287654531e-08
  -6.37873991303634450013e-08+j1.03468157683752646890e-08
  -6.74479722117567285606e-08+j1.02883015303631890761e-08
  -7.11452388911061320762e-08+j1.04782155827843685122e-08
  -7.48543013718449324678e-08+j1.08968030277965425338e-08
  -7.85035920244645234287e-08+j1.16273041360248536927e-08
  -8.21738762221641212836e-08+j1.24690287317118612728e-08
  -8.57380532923287289508e-08+j1.35680713208742326660e-08
  -8.92947063729424512493e-08+j1.47843583977886702736e-08
  -9.27118952742785521749e-08+j1.62060084660286855791e-08
  -9.61026271807561234399e-08+j1.77290211550006298270e-08
  -9.93154347433830332547e-08+j1.94419112344101124234e-08
  -1.02480000742040607969e-07+j2.12539262719343880902e-08
  -1.05477322252239769952e-07+j2.31870524880384485075e-08
  -1.08425065462841583580e-07+j2.51940515614658477910e-08
  -1.11201405271779220766e-07+j2.73125671918305314710e-08
  -1.13920665641348221793e-07+j2.95020507262871411219e-08
  -1.16476083801640915025e-07+j3.17503146907439639065e-08
  -1.18972236532588877107e-07+j3.40484077994019575275e-08
  -1.21299269192598936696e-07+j3.64055696752276797521e-08
  -1.23560614432190970954e-07+j3.88114423496925142761e-08
  -1.25686933204507847452e-07+j4.12344087571626538122e-08
  -1.27757591935379804066e-07+j4.36881239518990969875e-08
  -1.29700963701196163899e-07+j4.61590360026218794790e-08
  -1.31588730836654042017e-07+j4.86591942115344164222e-08
  -1.33349698829445607747e-07+j5.11637002591543734205e-08
  -1.35053782313606262086e-07+j5.36911258659568984025e-08
  -1.36636274374632979401e-07+j5.62136714804476563924e-08
  -1.38161031992416010208e-07+j5.87532612613421068143e-08
  -1.39590193683682411666e-07+j6.12831370880872848892e-08
  -1.40970860605375950109e-07+j6.38276856849067016444e-08
  -1.42273589516795115361e-07+j6.63408339993992732731e-08
  -1.43534293480558449100e-07+j6.88580591413657713750e-08
  -1.44687574618098280042e-07+j7.13695412447176113836e-08
  -1.45784681607517188330e-07+j7.38938224285163661517e-08
  -1.46853563422361228858e-07+j7.63847389521339281924e-08
  -1.47899652528376746189e-07+j7.88755919202376734363e-08
  -1.48807744034637734124e-07+j8.13493460114757683061e-08
  -1.49646480653952087608e-07+j8.38266223702348640750e-08
  -1.50433933777485696527e-07+j8.62244608604365217729e-08
  -1.51188469623979523668e-07+j8.85984990820178236503e-08
  -1.51923056842472331178e-07+j9.09914369832881401813e-08
  -1.52637654649089985474e-07+j9.34029960801746642191e-08
  -1.53332222668232601065e-07+j9.58329017093467293320e-08
  -1.53925493314807377009e-07+j9.81719888695367564996e-08
  -1.54461755234202156499e-07+j1.00478551976761729268e-07
  -1.54977125122094057525e-07+j1.02800102701063752959e-07
  -1.55471598394477380079e-07+j1.05136389903227075873e-07
  -1.55945170385318271234e-07+j1.07487165685339814935e-07
  -1.56292120005828002973e-07+j1.09756778998767858647e-07
  -1.56568668573280412708e-07+j1.11995363525821216782e-07
  -1.56820729118284254863e-07+j1.14247846606656182540e-07
  -1.57049392754661183511e-07+j1.16510573220101487912e-07
  -1.57254674443930837437e-07+j1.18783261758195528999e-07
  -1.57400077227933027076e-07+j1.20977894116746841339e-07
  -1.57505636359458400080e-07+j1.23140297990595153525e-07
  -1.57588174508160757843e-07+j1.25310168708918907144e-07
  -1.57647115681027276823e-07+j1.27487396522097386598e-07
  -1.57681184770187497781e-07+j1.29671989816539825192e-07
  -1.57682360641175781534e-07+j1.31744719004638120055e-07
  -1.57658249989914644980e-07+j1.33767460024169804287e-07
  -1.57614038539895309797e-07+j1.35795471240720537198e-07
  -1.57549806107364009154e-07+j1.37828580310594985674e-07
  -1.57465631351556286811e-07+j1.39866617187276898178e-07
  -1.57357885035588464826e-07+j1.41849004947139698037e-07
  -1.57227860048320402476e-07+j1.43805729930025586537e-07
  -1.57078546072554083538e-07+j1.45766039939114129526e-07
  -1.56910026147742989122e-07+j1.47729783709919588506e-07
  -1.56722382137448408329e-07+j1.49696811937003089205e-07
  -1.56495071804707338434e-07+j1.51599247119002519920e-07
  -1.56238348983111878188e-07+j1.53470426210757805476e-07
  -1.55962301320057232936e-07+j1.55343171743723172608e-07
  -1.55666315108373514864e-07+j1.57216265325576864524e-07
  -1.55351260540304227670e-07+j1.59090689539877798560e-07
  -1.55010620717787454350e-07+j1.60908442117135010927e-07
  -1.54648098331772198632e-07+j1.62697576867408525918e-07
  -1.54267165793102045746e-07+j1.64486896143041076678e-07
  -1.53867913169312847238e-07+j1.66276266708773067754e-07
  -1.53450429723357675282e-07+j1.68065556504840843100e-07
  -1.53016128449743061740e-07+j1.69774936900501137074e-07
  -1.52565233684105777488e-07+j1.71442344481379290735e-07
  -1.52097274272454212378e-07+j1.73108225428379726143e-07
  -1.51612350721264297856e-07+j1.74772465713393003179e-07
  -1.51110562415600720769e-07+j1.76434952606679238017e-07
  -1.50577386920442443580e-07+j1.78036855755036008773e-07
  -1.50020141547970519613e-07+j1.79605389292288048822e-07
  -1.49446723876302490849e-07+j1.81170776222354999045e-07
  -1.48857353057331058575e-07+j1.82732248662781970754e-07
  -1.48251993909165802451e-07+j1.84290776269518816750e-07
  -1.47661668822859396930e-07+j1.85821870303469789004e-07
  -1.47072607997224157494e-07+j1.87336917066130372116e-07
  -1.46468401930192561303e-07+j1.88848965908783559481e-07
  -1.45849146584622429512e-07+j1.90357932066106217652e-07
  -1.45214936957089870163e-07+j1.91863731598036290258e-07
  -1.44555586316179526714e-07+j1.93314375759994293552e-07
  -1.43876132443682408818e-07+j1.94732742596839470040e-07
  -1.43182352039375621221e-07+j1.96147199565754372072e-07
  -1.42474343096095711797e-07+j1.97557673251637851183e-07
  -1.41752202680578720152e-07+j1.98964090912613271771e-07
  -1.41006197212628522229e-07+j2.00314378664342761266e-07
  -1.40241039995693371263e-07+j2.01630474229491624439e-07
  -1.39462419488015802074e-07+j2.02941298720524698343e-07
  -1.38671713373339145513e-07+j2.04245862950034764555e-07
  -1.37868074997878137671e-07+j2.05544834224079216374e-07
  -1.37068528846440741983e-07+j2.06822845563934252545e-07
  -1.36266041322522380078e-07+j2.08086488606413675445e-07
  -1.35450898344509303707e-07+j2.09344605102755045168e-07
  -1.34623203108243765433e-07+j2.10597135840557595207e-07
  -1.33783058186062936056e-07+j2.11844022154682775864e-07
  -1.32976341458323180203e-07+j2.13036674287039096400e-07
  -1.32186586397055162485e-07+j2.14195490303378849889e-07
  -1.31385789058912079454e-07+j2.15349237311580293081e-07
  -1.30573659674024610534e-07+j2.16497932701699962864e-07
  -1.29750282975626787120e-07+j2.17641535033238755686e-07
  -1.28922751975534640602e-07+j2.18754268374183071828e-07
  -1.28088523365782039431e-07+j2.19846330043937929663e-07
  -1.27243529826021563591e-07+j2.20933060168988753778e-07
  -1.26387853905073156239e-07+j2.22014422432588369401e-07
  -1.25523068627237678281e-07+j2.23090980558941083162e-07
  -1.24612399739797063255e-07+j2.24119779070885795313e-07
  -1.23669493652978051898e-07+j2.25116000748288296957e-07
  -1.22716581946002594652e-07+j2.26105436075964871446e-07
  -1.21753763117936612666e-07+j2.27088052688733002889e-07
  -1.20781134798967808957e-07+j2.28063818713211824723e-07
  -1.19818795704524702919e-07+j2.29026893686050615607e-07
  -1.18859442990085093591e-07+j2.29979546155992306875e-07
  -1.17891178816025232115e-07+j2.30926054678048838657e-07
  -1.16914578779596699914e-07+j2.31867104649849766198e-07
  -1.15928748669054759332e-07+j2.32801325674319444186e-07
  -1.15006094795583664236e-07+j2.33705155486118263770e-07
  -1.14120856543658594925e-07+j2.34588362034566089987e-07
  -1.13227072940241189112e-07+j2.35466241932961924812e-07
  -1.12324811695196121615e-07+j2.36338778112826560335e-07
  -1.11414139875119893653e-07+j2.37205953519152768259e-07
  -1.10497959016322045020e-07+j2.38051166958452308242e-07
  -1.09575533549039107954e-07+j2.38882011456860899789e-07
  -1.08645009816449774476e-07+j2.39707839629437716855e-07
  -1.07706427358703337812e-07+j2.40528170350226553615e-07
  -1.06759850781332727101e-07+j2.41342988163044791720e-07
  -1.05776061123505043487e-07+j2.42089488918151489344e-07
  -1.04765748921941509302e-07+j2.42787593520299009981e-07
  -1.03748670340653138430e-07+j2.43478776096287860645e-07
  -1.02724906265645776269e-07+j2.44163031771117481021e-07
  -1.01694445161244418007e-07+j2.44840520609468363818e-07
  -1.00672463529456791943e-07+j2.45514950426958169417e-07
  -9.96548537039702710762e-08+j2.46184043299203429984e-07
  -9.86308730945974277925e-08+j2.46846305978334337053e-07
  -9.76005971729910034362e-08+j2.47501734559770196412e-07
  -9.65641010584243087129e-08+j2.48150325188032284408e-07
  -9.55523081710835424614e-08+j2.48825762860725834765e-07
  -9.45551212610563525859e-08+j2.49518125739462146687e-07
  -9.35510393786200854346e-08+j2.50204154520240791548e-07
  -9.25398477623415186093e-08+j2.50884001306030133955e-07
  -9.15206737372446603627e-08+j2.51558193716908748563e-07
  -9.04984746058542184554e-08+j2.52193385286524545420e-07
  -8.94724610059992036062e-08+j2.52799004840946830906e-07
  -8.84401448331968322121e-08+j2.53398093140500898791e-07
  -8.74015905673688854532e-08+j2.53990640071031606043e-07
  -8.63568621179258717662e-08+j2.54576635643322386959e-07
  -8.53315474028084211538e-08+j2.55128730177121346705e-07
  -8.43192710734952547227e-08+j2.55654658070084616582e-07
  -8.33017043497331792894e-08+j2.56174217659272524826e-07
  -8.22777774039961120042e-08+j2.56687467735730198304e-07
  -8.12488037405628664227e-08+j2.57194323158516710791e-07
  -8.02152305504343761955e-08+j2.57664897209737184774e-07
  -7.91771971503284244605e-08+j2.58106984713808049623e-07
  -7.81345272518682339426e-08+j2.58542613071120049510e-07
  -7.70872806806176717903e-08+j2.58971786179506837705e-07
  -7.60355168752099594414e-08+j2.59394507940637326781e-07
  -7.49919972342569040875e-08+j2.59803006663577504773e-07
  -7.39538109996552751091e-08+j2.60199383210705056369e-07
  -7.29107159636433729107e-08+j2.60589237800131480055e-07
  -7.18633485116907552891e-08+j2.60972792030540729326e-07
  -7.08119715163261910511e-08+j2.61350132692319888020e-07
  -6.97660085526375342810e-08+j2.61730853685534282897e-07
  -6.87232962260442161650e-08+j2.62112808073961200669e-07
  -6.76766774646690770884e-08+j2.62488657490919082668e-07
  -6.66262039994883682950e-08+j2.62858408444266512397e-07
  -6.55719271363884242928e-08+j2.63222067441602457763e-07
  -6.45402871650368421526e-08+j2.63581379152838368210e-07
  -6.35237677462131918087e-08+j2.63935622768368700050e-07
  -6.25009999065034163268e-08+j2.64283123528893706171e-07
  -6.14724616582953065574e-08+j2.64624248425308001949e-07
  -6.04381983795113569406e-08+j2.64958973777005654816e-07
  -5.94096310445009326925e-08+j2.65278667740012914208e-07
  -5.83846424445411959547e-08+j2.65585058716926043703e-07
  -5.73542105518390925379e-08+j2.65885019515142718520e-07
  -5.63183809386928744243e-08+j2.66178528096346476451e-07
  -5.52771996429536264238e-08+j2.66465562151952123579e-07
  -5.42376220169913726871e-08+j2.66691606946544935791e-07
  -5.32009446937702595872e-08+j2.66866184307593167040e-07
  -5.21624130345873960740e-08+j2.67033834297828074434e-07
  -5.11222109292402941784e-08+j2.67194812353932701471e-07
  -5.00803940212555992683e-08+j2.67349141274420863320e-07
  -4.90448727135291717684e-08+j2.67508831461283911658e-07
  -4.80142968192274338149e-08+j2.67671953416467258178e-07
  -4.69821493133438192717e-08+j2.67828557313218903844e-07
  -4.59484832339661244930e-08+j2.67978664745911790679e-07
  -4.49133511877791072524e-08+j2.68122297390959083846e-07
  -4.39065350609343769763e-08+j2.68235396832495744239e-07
  -4.29231152552953136116e-08+j2.68321906235498388520e-07
  -4.19377641249692878359e-08+j2.68402634986961063464e-07
  -4.09505580175488536918e-08+j2.68477762827725321504e-07
  -3.99615385423858240434e-08+j2.68547304499273320480e-07
  -3.89727885267713975028e-08+j2.68623385914457434554e-07
  -3.79840074989166302345e-08+j2.68704431486292199899e-07
  -3.69934435138368058492e-08+j2.68779956255610298376e-07
  -3.60011363183774862336e-08+j2.68849973829232692122e-07
  -3.50071254651350343660e-08+j2.68914497759391769741e-07
  -3.40161651032134210014e-08+j2.68976502709340046053e-07
  -3.30276420903662010378e-08+j2.69035600441445043647e-07
  -3.20373866569596488031e-08+j2.69089227577233774120e-07
  -3.10454242899314506991e-08+j2.69137580388564608101e-07
  -3.00517909684694562046e-08+j2.69180670755030002785e-07
  -2.90602919405370005981e-08+j2.69212555167240319645e-07
  -2.80706332328968828670e-08+j2.69233843140522289720e-07
  -2.70794582912731743873e-08+j2.69249929606082314945e-07
  -2.60868019770742462984e-08+j2.69260826751610869743e-07
  -2.50926991674643909806e-08+j2.69266546678453372199e-07
  -2.41219171710720705162e-08+j2.69246269702314003983e-07
  -2.31727792419473554306e-08+j2.69201773920637914563e-07
  -2.22226715223050172465e-08+j2.69152112827475416027e-07
  -2.12715521547914127677e-08+j2.69097543261565284735e-07
  -2.03194530245808567325e-08+j2.69038079914908660725e-07
  -1.93757030717490198724e-08+j2.68969618867047008725e-07
  -1.84397945920060892240e-08+j2.68892473936979791363e-07
  -1.75030272928859043419e-08+j2.68810547015474029954e-07
  -1.65654318626294094275e-08+j2.68723852932285738575e-07
  -1.56270383030432327500e-08+j2.68632406467119066231e-07
  -1.46687070958036331456e-08+j2.68560128292617383489e-07
  -1.36911679948634852628e-08+j2.68505496023893933044e-07
  -1.27128728646901381490e-08+j2.68445312566565607516e-07
  -1.17338494725848896627e-08+j2.68379611209539212475e-07
  -1.07540813205972879244e-08+j2.68308498169450267323e-07
  -9.78730383671336373389e-09+j2.68212014873789862082e-07
  -8.83339554289192609892e-09+j2.68090710129926908349e-07
  -7.87903720382228007154e-09+j2.67964169918874689359e-07
  -6.92426342838133535104e-09+j2.67832410386454379005e-07
  -5.96910869592085091244e-09+j2.67695447679424657834e-07
  -5.04295090304351771676e-09+j2.67546725682064507879e-07
  -4.14579525188239385748e-09+j2.67386919739084641217e-07
  -3.24839342148150376482e-09+j2.67222820201426491791e-07
  -2.35086158490137713257e-09+j2.67054342663813659328e-07
  -1.45317009817493898015e-09+j2.66881565284282393000e-07
  -5.59393760067220592560e-10+j2.66700777215311155007e-07
  +3.30351565867877737590e-10+j2.66511952259019613786e-07
  +1.22019635926457036710e-09+j2.66318950359809029219e-07
  +2.11011680887398323257e-09+j2.66121787480641779055e-07
  +3.00008947522440744712e-09+j2.65920479500778192204e-07
  +3.88341514922087105478e-09+j2.65725583478767323711e-07
  +4.75998756159446436093e-09+j2.65537182593577689657e-07
  +5.63677410859907375477e-09+j2.65344224402499722229e-07
  +6.51374680560728861117e-09+j2.65146722808881083699e-07
  +7.39079736086870464768e-09+j2.64944631166060232852e-07
  +8.26793477433086411163e-09+j2.64737992663266709548e-07
  +9.14517447380653465936e-09+j2.64526853711149188564e-07
  +1.00224892804491767456e-08+j2.64311228131286741911e-07
  +1.08998517438729506680e-08+j2.64091129741057317000e-07
  +1.17772348823039371649e-08+j2.63866572329062610927e-07
  +1.26447636252417232630e-08+j2.63630875052914555082e-07
  +1.35014359764381287885e-08+j2.63383738162486145382e-07
  +1.43578149697031510207e-08+j2.63132496751309915305e-07
  +1.52138780431052194231e-08+j2.62877166828706091108e-07
  +1.60696021728791034106e-08+j2.62617764386790124640e-07
  +1.69249257151744716569e-08+j2.62354285689486721026e-07
  +1.77797897812075618184e-08+j2.62086729408961515282e-07
  +1.86342472546378066797e-08+j2.61815149434587965217e-07
  +1.94882760246115622009e-08+j2.61539561550741133713e-07
  +2.03418540049885286311e-08+j2.61259981504538068919e-07
  +2.11643971792884407149e-08+j2.60956178490933236806e-07
  +2.19519549972886831171e-08+j2.60625890289299330569e-07
  +2.27388740417886737300e-08+j2.60292016536904080045e-07
  +2.35251352380472350089e-08+j2.59954574042741034961e-07
  +2.43107199837626019301e-08+j2.59613579516654885736e-07
  +2.50956093983591612801e-08+j2.59269049637089964405e-07
  +2.58797851379691618771e-08+j2.58921000977150197547e-07
  +2.66631485772931936983e-08+j2.58569425784322701463e-07
  +2.74457398071165320965e-08+j2.58214359006575322076e-07
  +2.82275625291678020972e-08+j2.57855823792479309956e-07
  +2.89860851322192850091e-08+j2.57498348226408107462e-07
  +2.97174569276478129170e-08+j2.57142962651134432496e-07
  +3.04480552280911132925e-08+j2.56784484773783510406e-07
  +3.11778653866847907301e-08+j2.56422930397211233615e-07
  +3.19068727744076157573e-08+j2.56058315251921898957e-07
  +3.26350629475389458897e-08+j2.55690654976501270134e-07
  +3.33624214508322503099e-08+j2.55319965143772055163e-07
  +3.40889339205641919356e-08+j2.54946261248743592144e-07
  +3.48145865905946867498e-08+j2.54569558640920417192e-07
  +3.55392783249476936628e-08+j2.54189861266975203340e-07
  +3.62868455542568423417e-08+j2.53803111163759862794e-07
  +3.70623453547181204358e-08+j2.53408006345112255557e-07
  +3.78367057774024898664e-08+j2.53009389202674040930e-07
  +3.86099084492267195382e-08+j2.52607277431819413849e-07
  +3.93819348938733666485e-08+j2.52201688728973419499e-07
  +4.01527668479527725680e-08+j2.51792640745880909192e-07
  +4.09223865503393069046e-08+j2.51380151040609972470e-07
  +4.16907759366990711886e-08+j2.50964237206282575064e-07
  +4.24579172175462830287e-08+j2.50544916780165371398e-07
  +4.32237930833954037088e-08+j2.50122207206174997086e-07
  +4.39582298527699601261e-08+j2.49692226732812972334e-07
  +4.46530618096963428918e-08+j2.49254289094684286829e-07
  +4.53466780128783275802e-08+j2.48813499398160915785e-07
  +4.60390729448893957253e-08+j2.48369873611351650320e-07
  +4.67302335029165947098e-08+j2.47923427814441822399e-07
  +4.74201468956375016829e-08+j2.47474177982098111039e-07
  +4.81088003861715453383e-08+j2.47022140030772420734e-07
  +4.87961813888102751358e-08+j2.46567329801089843028e-07
  +4.94822772860098711723e-08+j2.46109763094350270819e-07
  +5.01670757353926441729e-08+j2.45649455611646687670e-07
  +5.08309473990800296991e-08+j2.45200923071744337537e-07
  +5.14677543418512700529e-08+j2.44769058163636294865e-07
  +5.21035301142606652250e-08+j2.44334762910255202615e-07
  +5.27382281125976236427e-08+j2.43898056831987520499e-07
  +5.33718469426849371980e-08+j2.43458952020527467322e-07
  +5.40044043851242832148e-08+j2.43017456885594067236e-07
  +5.46358906880477135356e-08+j2.42573584395020020677e-07
  +5.52662959298635362701e-08+j2.42127347502659760988e-07
  +5.58956102429053070019e-08+j2.41678759100019955608e-07
  +5.65238240359542595570e-08+j2.41227831965386866076e-07
  +5.71515623343510495488e-08+j2.40761573491474597073e-07
  +5.77788023451116237589e-08+j2.40274946376741899997e-07
  +5.84045553323364999263e-08+j2.39785843199371875677e-07
  +5.90288107446391553725e-08+j2.39294279989610116994e-07
  +5.96515578923862194415e-08+j2.38800272779040740648e-07
  +6.02727863376520069806e-08+j2.38303837505352170020e-07
  +6.08924345667467006066e-08+j2.37805006705412214368e-07
  +6.15105414111810434390e-08+j2.37303780725934434773e-07
  +6.21270989786355257153e-08+j2.36800174609534410241e-07
  +6.27420972198428235955e-08+j2.36294204069629639008e-07
  +6.33448549994921169351e-08+j2.35793020609572493828e-07
  +6.39308862018923827579e-08+j2.35299822275294825535e-07
  +6.45155873437762667183e-08+j2.34804399862842639392e-07
  +6.50989491084620061665e-08+j2.34306766827891464924e-07
  +6.56809621609699547935e-08+j2.33806936597346219403e-07
  +6.62616172787188134802e-08+j2.33304922534832820878e-07
  +6.68409053831185298622e-08+j2.32800737930491758796e-07
  +6.74188172523800320891e-08+j2.32294396083612537227e-07
  +6.79953408356432097827e-08+j2.31785911685424834485e-07
  +6.85704295970543130964e-08+j2.31275316224296831946e-07
  +6.91267999707048989612e-08+j2.30754676016156617398e-07
  +6.96557192085557093965e-08+j2.30220299720934125555e-07
  +7.01830645185331168584e-08+j2.29684174686905765613e-07
  +7.07088301808309530872e-08+j2.29146314809846487067e-07
  +7.12330104071889572255e-08+j2.28606733956466309680e-07
  +7.17555996162856465780e-08+j2.28065445880159979625e-07
  +7.22765923177973467644e-08+j2.27522464256006847321e-07
  +7.27959828671595747666e-08+j2.26977802759303791835e-07
  +7.33137659495904244062e-08+j2.26431474912526563755e-07
  +7.38299361479722878487e-08+j2.25883494222782374347e-07
  +7.43353001840007155943e-08+j2.25355248027455588563e-07
  +7.48250419135851330852e-08+j2.24858618572955379027e-07
  +7.53136229125232191812e-08+j2.24360203261411361612e-07
  +7.58010644972708207882e-08+j2.23859994063167295626e-07
  +7.62873627194829439003e-08+j2.23357999212082257034e-07
  +7.67725102849280311081e-08+j2.22854229132061649739e-07
  +7.72564997959598224858e-08+j2.22348694253953794955e-07
  +7.77393240830220430561e-08+j2.21841404902353162820e-07
  +7.82209759298417052995e-08+j2.21332371389477007470e-07
  +7.87014481604969625261e-08+j2.20821603986620436125e-07
  +7.91797023845234335837e-08+j2.20281803971433407381e-07
  +7.96546298084028434662e-08+j2.19696025320147744542e-07
  +8.01277026522816949182e-08+j2.19108864910478960653e-07
  +8.05989175981350910286e-08+j2.18520336892886627710e-07
  +8.10682712594496183400e-08+j2.17930455393622857233e-07
  +8.15357476753622305565e-08+j2.17339245246169082822e-07
  +8.20013407418233919074e-08+j2.16746723199468003421e-07
  +8.24650630451316172597e-08+j2.16152889777028358550e-07
  +8.29269114390059865711e-08+j2.15557758823174516544e-07
  +8.33868829176137539098e-08+j2.14961344081831342286e-07
  +8.38316076628951277017e-08+j2.14382128879966866730e-07
  +8.42520454329323136478e-08+j2.13833096479787476841e-07
  +8.46710634597497186420e-08+j2.13282878400375823614e-07
  +8.50886584237129772941e-08+j2.12731485095004869676e-07
  +8.55048271019818981010e-08+j2.12178926936215014568e-07
  +8.59195661233428913826e-08+j2.11625214314900538309e-07
  +8.63328724445019218002e-08+j2.11070357448525592617e-07
  +8.67447427660365241514e-08+j2.10514366617728878683e-07
  +8.71551740646002757704e-08+j2.09957251950184344198e-07
  +8.75641480181117580795e-08+j2.09399040234054229192e-07
  +8.79768009812856676358e-08+j2.08836978499412378136e-07
  +8.83970189768859235355e-08+j2.08268797957185269276e-07
  +8.88156468493489924182e-08+j2.07699333488796246869e-07
  +8.92326803982158836580e-08+j2.07128596595530328082e-07
  +8.96481156162993626036e-08+j2.06556598669025412079e-07
  +9.00619484865270421768e-08+j2.05983351077508254395e-07
  +9.04741751044941330873e-08+j2.05408865112915417648e-07
  +9.08847914467416595391e-08+j2.04833152093155823961e-07
  +9.12937936163864583438e-08+j2.04256223254835540966e-07
  +9.17011778728708950871e-08+j2.03678089738746916281e-07
  +9.20964617121529801197e-08+j2.03091946074289890565e-07
  +9.24706048476820135296e-08+j2.02492125725257814087e-07
  +9.28429947171984907204e-08+j2.01891350402852195120e-07
  +9.32136189252197337086e-08+j2.01289646734481866956e-07
  +9.35824801937449872857e-08+j2.00687020274693256720e-07
  +9.39495829200709670556e-08+j2.00083474100688716816e-07
  +9.43149254051555790585e-08+j1.99479019798057765437e-07
  +9.46785060165469126974e-08+j1.98873668883947382236e-07
  +9.50403230269029076747e-08+j1.98267432884269882034e-07
  +9.54003748152538202682e-08+j1.97660323238172368503e-07
  +9.57527011456376913718e-08+j1.97066756156112051985e-07
  +9.60919344489050122882e-08+j1.96500239139690198136e-07
  +9.64297322616468804550e-08+j1.95932852697298013824e-07
  +9.67660924183531963075e-08+j1.95364605989146466773e-07
  +9.71010127998919581679e-08+j1.94795508122132444593e-07
  +9.74344911316088610461e-08+j1.94225568250718128867e-07
  +9.77665256287196700519e-08+j1.93654795253823871732e-07
  +9.80971109263756585136e-08+j1.93083204110313158601e-07
  +9.84262394243252089012e-08+j1.92510814131395862916e-07
  +9.87539181153783868436e-08+j1.91937617942101643781e-07
  +9.90673615691479555690e-08+j1.91363838823684550388e-07
  +9.93534862231622970727e-08+j1.90789852726947070254e-07
  +9.96382320460373951765e-08+j1.90215307182770534186e-07
  +9.99215981688325233644e-08+j1.89640210400992428461e-07
  +1.00203584263770825877e-07+j1.89064570271123845696e-07
  +1.00484189567389306866e-07+j1.88488394874772071864e-07
  +1.00763413415740277420e-07+j1.87911692206527189491e-07
  +1.01041255291226017441e-07+j1.87334470146756888166e-07
  +1.01317714655429954597e-07+j1.86756736551451328663e-07
  +1.01592790983732042141e-07+j1.86178499233707770342e-07
  +1.01866181381024458877e-07+j1.85605648946789997515e-07
  +1.02137589033500420215e-07+j1.85044615654968815416e-07
  +1.02407670947730930811e-07+j1.84482845192128107831e-07
  +1.02676426123923549812e-07+j1.83920342393773776903e-07
  +1.02943855908260209638e-07+j1.83357106856318922523e-07
  +1.03209958216263607288e-07+j1.82793146685895240286e-07
  +1.03474730751795201452e-07+j1.82228470086145070430e-07
  +1.03738171182975511800e-07+j1.81663085261723407556e-07
  +1.04000277547145872680e-07+j1.81097000187237159365e-07
  +1.04261047656725444065e-07+j1.80530222944905778426e-07
  +1.04507663750887117813e-07+j1.79954786947153899618e-07
  +1.04724426075604521794e-07+j1.79361276460048484311e-07
  +1.04939802828097534075e-07+j1.78767594810024158097e-07
  +1.05153795340110423726e-07+j1.78173748959370880740e-07
  +1.05366404754391539390e-07+j1.77579745938466958417e-07
  +1.05577632515626524856e-07+j1.76985592556374990708e-07
  +1.05787479886181708345e-07+j1.76391295686812846129e-07
  +1.05995944988332813338e-07+j1.75796873271402152811e-07
  +1.06203030212092011900e-07+j1.75202328876334339581e-07
  +1.06408739156664503722e-07+j1.74607661258877182822e-07
  +1.06620321669363747525e-07+j1.74013343228259799838e-07
  +1.06847406238518820884e-07+j1.73419757277048772921e-07
  +1.07073095736133235429e-07+j1.72825693531910207814e-07
  +1.07297388428547454740e-07+j1.72231159982791123002e-07
  +1.07520283042703913969e-07+j1.71636164315864702346e-07
  +1.07741778290262112210e-07+j1.71040714206285686902e-07
  +1.07961872486644869493e-07+j1.70444817559785241422e-07
  +1.08180564461686068883e-07+j1.69848481940611530375e-07
  +1.08397852905765478675e-07+j1.69251714980848516483e-07
  +1.08613736230896129896e-07+j1.68654524473728418908e-07
  +1.08821774795755816650e-07+j1.68064530763862046493e-07
  +1.09012725455798679175e-07+j1.67492800456717854486e-07
  +1.09202361886665989419e-07+j1.66920765481087752061e-07
  +1.09390682752723889785e-07+j1.66348441394936483486e-07
  +1.09577689827185006903e-07+j1.65775822375259052274e-07
  +1.09763382966397449829e-07+j1.65202915363192226165e-07
  +1.09947761950266867294e-07+j1.64629727327166953790e-07
  +1.10130826574027623570e-07+j1.64056265202124777445e-07
  +1.10312576725574987498e-07+j1.63482535837578355103e-07
  +1.10493012114173290854e-07+j1.62908546180732757357e-07
  +1.10667660186641399999e-07+j1.62338364963690987825e-07
  +1.10829607098149490392e-07+j1.61778468680463241318e-07
  +1.10990393879749991351e-07+j1.61218488938210198980e-07
  +1.11150021337583799355e-07+j1.60658430851773744139e-07
  +1.11308489984970588723e-07+j1.60098299708158409493e-07
  +1.11465800515975919463e-07+j1.59538100641070296199e-07
  +1.11621953829872688523e-07+j1.58977838610881991807e-07
  +1.11776950468598981243e-07+j1.58417518798309131953e-07
  +1.11930790729479614555e-07+j1.57857155089982813119e-07
  +1.12083475644794580954e-07+j1.57296750016896218140e-07
  +1.12233256770400167966e-07+j1.56732795738712046736e-07
  +1.12377084109228115954e-07+j1.56159268470151257227e-07
  +1.12519636441505859439e-07+j1.55585603141191647546e-07
  +1.12660913940526757368e-07+j1.55011806189758431730e-07
  +1.12800916811028466912e-07+j1.54437884009439493002e-07
  +1.12939645423954403063e-07+j1.53863842849975503131e-07
  +1.13077099814081753401e-07+j1.53289689185126516721e-07
  +1.13213280307175749846e-07+j1.52715429254591629954e-07
  +1.13348187225655804470e-07+j1.52141069278376978853e-07
  +1.13481820741427148040e-07+j1.51566615566507072971e-07
  +1.13600108522098779869e-07+j1.50994480778938436167e-07
  +1.13677118434467627590e-07+j1.50429270939843965191e-07
  +1.13752847770540353605e-07+j1.49864249869002653657e-07
  +1.13827298947746514452e-07+j1.49299423919458861596e-07
  +1.13900475108522890258e-07+j1.48734806806738953800e-07
  +1.13972379006089724974e-07+j1.48170402848299564344e-07
  +1.14043012613705375149e-07+j1.47606212432489814721e-07
  +1.14112378892806188580e-07+j1.47042241357291627624e-07
  +1.14180480345335585556e-07+j1.46478495739821041121e-07
  +1.14247319713536607139e-07+j1.45914981476607496756e-07
  +1.14327922510948933039e-07+j1.45354822059720888199e-07
  +1.14452330079275048406e-07+j1.44803990646616846500e-07
  +1.14575564805307124607e-07+j1.44253000555850907275e-07
  +1.14697626473670226494e-07+j1.43701857209729205146e-07
  +1.14818514447796594891e-07+j1.43150566351491723368e-07
  +1.14938228568551767718e-07+j1.42599133329048025211e-07
  +1.15056768186609207926e-07+j1.42047563869721100770e-07
  +1.15174132894548556045e-07+j1.41495863494377573713e-07
  +1.15290322471019390354e-07+j1.40944037558654991813e-07
  +1.15405336279665405513e-07+j1.40392091743153743097e-07
  +1.15504562604003405780e-07+j1.39841669497258082869e-07
  +1.15556398096536669638e-07+j1.39296537044073845194e-07
  +1.15607049679902166491e-07+j1.38751648950965601402e-07
  +1.15656519649119427715e-07+j1.38207010699394573089e-07
  +1.15704810622329070910e-07+j1.37662627470523443995e-07
  +1.15751924892124698623e-07+j1.37118504688453608605e-07
  +1.15797864888002817873e-07+j1.36574647634640077977e-07
  +1.15842633013007890830e-07+j1.36031061583336415520e-07
  +1.15886231865521122557e-07+j1.35487751614077180233e-07
  +1.15928663655266925135e-07+j1.34944723108552588705e-07
  +1.15967832281314791700e-07+j1.34406907822641363548e-07
  +1.15998986460856830029e-07+j1.33885861308923381972e-07
  +1.16029247984338373263e-07+j1.33365117770382981398e-07
  +1.16058618249073265303e-07+j1.32844680619416453696e-07
  +1.16087099110681359416e-07+j1.32324552844116644093e-07
  +1.16114692075074276033e-07+j1.31804737710449103113e-07
  +1.16141398848701346064e-07+j1.31285238282597260290e-07
  +1.16167222210462271618e-07+j1.30766062494813891413e-07
  +1.16192164194227207595e-07+j1.30247213951842441692e-07
  +1.16216224874037209737e-07+j1.29728690379174295802e-07
  +1.16242292227674452424e-07+j1.29207311975644037820e-07
  +1.16277637030614216632e-07+j1.28674917202808906039e-07
  +1.16311999048192851952e-07+j1.28142730233311874922e-07
  +1.16345378993239881932e-07+j1.27610755282398430434e-07
  +1.16377777915435764554e-07+j1.27078996240178794145e-07
  +1.16409196574494779304e-07+j1.26547457243122932089e-07
  +1.16439636054882340625e-07+j1.26016142110772368718e-07
  +1.16469097155145032879e-07+j1.25485054906570998022e-07
  +1.16497580715500390938e-07+j1.24954199639160952852e-07
  +1.16525087835640133211e-07+j1.24423580056270927965e-07
  +1.16547452205895144040e-07+j1.23894178999893483961e-07
  +1.16553217192438174164e-07+j1.23368755676974680871e-07
  +1.16558060940963656595e-07+j1.22843673297336612234e-07
  +1.16561985230669551293e-07+j1.22318935064426809045e-07
  +1.16564992480723671989e-07+j1.21794547873925407128e-07
  +1.16567085120502763184e-07+j1.21270517320507045952e-07
  +1.16568262527895310842e-07+j1.20746841461179232606e-07
  +1.16568526351877157528e-07+j1.20223523531435560275e-07
  +1.16567877765346194076e-07+j1.19700567204451742433e-07
  +1.16566318377306103293e-07+j1.19177975711524826938e-07
  +1.16559086750110473657e-07+j1.18657636759591372947e-07
  +1.16531917865901563225e-07+j1.18145277245641926150e-07
  +1.16503840959686394439e-07+j1.17633425505985836475e-07
  +1.16474858682054649487e-07+j1.17122084755028197232e-07
  +1.16444973929820957670e-07+j1.16611257932715945059e-07
  +1.16414189174521712307e-07+j1.16100948373444040009e-07
  +1.16382507281814706283e-07+j1.15591158988624109572e-07
  +1.16349930966880820628e-07+j1.15081892809562356778e-07
  +1.16316462880486674770e-07+j1.14573152904661149922e-07
  +1.16282105785233998124e-07+j1.14064942198668504667e-07
  +1.16244443417971039030e-07+j1.13565879863040702405e-07
  +1.16195781007863129288e-07+j1.13103926990591665656e-07
  +1.16146545997647678901e-07+j1.12642330330170825372e-07
  +1.16096736478787986471e-07+j1.12181086243533048031e-07
  +1.16046353081240732255e-07+j1.11720195948478049807e-07
  +1.15995396499743610141e-07+j1.11259661677917491780e-07
  +1.15943867886723074585e-07+j1.10799485171320034378e-07
  +1.15891767836847685341e-07+j1.10339668732025468032e-07
  +1.15839097374631161866e-07+j1.09880214196383302350e-07
  +1.15785857336596029853e-07+j1.09421123580578054573e-07
  +1.15736051998356638520e-07+j1.08957182954586847617e-07
  +1.15703783871172243372e-07+j1.08469916920960570933e-07
  +1.15670762512019492819e-07+j1.07983086594193548781e-07
  +1.15636989506442658393e-07+j1.07496694068488610583e-07
  +1.15602466141419060586e-07+j1.07010741737687787873e-07
  +1.15567193897079548594e-07+j1.06525231769073543720e-07
  +1.15531174209072387876e-07+j1.06040166357439918376e-07
  +1.15494408520866274102e-07+j1.05555547668318015178e-07
  +1.15456898274510791881e-07+j1.05071377849376984600e-07
  +1.15418644907612652729e-07+j1.04587659451797769228e-07
  +1.15378016816431652987e-07+j1.04108889462075044979e-07
  +1.15328707801675361112e-07+j1.03652418968474762365e-07
  +1.15278728259069317130e-07+j1.03196320709651405476e-07
  +1.15228079288658677182e-07+j1.02740597071597670637e-07
  +1.15176762040978987315e-07+j1.02285250367503454719e-07
  +1.15124777740807768180e-07+j1.01830282811298953088e-07
  +1.15072127679800939988e-07+j1.01375696523737931112e-07
  +1.15018812799189282609e-07+j1.00921494006059104135e-07
  +1.14964834412056479294e-07+j1.00467677321996732376e-07
  +1.14910193610479263439e-07+j1.00014248771048425113e-07
  +1.14857312109859684491e-07+j9.95560492591769947192e-08
  +1.14816343299048913501e-07+j9.90711225768211851660e-08
  +1.14774508803387002836e-07+j9.85864960202155590772e-08
  +1.14731809301605595650e-07+j9.81021731514702493744e-08
  +1.14688245227999990698e-07+j9.76181578114388970859e-08
  +1.14643817045935564839e-07+j9.71344538009063555494e-08
  +1.14598525375943268630e-07+j9.66510647296096336005e-08
  +1.14552370690136992551e-07+j9.61679943765538793437e-08
  +1.14505356495266516628e-07+j9.56852500183507899335e-08
  +1.14457481140120254829e-07+j9.52028326816500107516e-08
  +1.14392982017935722382e-07+j9.47247414611499982626e-08
  +1.14238588668861415497e-07+j9.42699060171417758967e-08
  +1.14083653114524945421e-07+j9.38159329979734798990e-08
  +1.13928179326656363822e-07+j9.33628232712382338362e-08
  +1.13772171168538836815e-07+j9.29105777952710465258e-08
  +1.13615632441804647733e-07+j9.24591975652811826550e-08
  +1.13458567028602014318e-07+j9.20086834396947384839e-08
  +1.13300978853551159762e-07+j9.15590361838095817469e-08
  +1.13142871557305504310e-07+j9.11102568758570570401e-08
  +1.12984249033433890340e-07+j9.06623462424157002408e-08
  +1.12832778786970162554e-07+j9.02185811997820752094e-08
  +1.12727791010737636372e-07+j8.97955001284912501846e-08
  +1.12622240910574299692e-07+j8.93727868203110763370e-08
  +1.12516129354794537872e-07+j8.89504438713468870778e-08
  +1.12409457235854538458e-07+j8.85284738382698146236e-08
  +1.12302225615111135080e-07+j8.81068790518541730660e-08
  +1.12194435838001440264e-07+j8.76856626154861149120e-08
  +1.12086091246920057914e-07+j8.72648295624437431468e-08
  +1.11977189876439014328e-07+j8.68443792694407884441e-08
  +1.11867732602058445932e-07+j8.64243142622367361735e-08
  +1.11758827020727871792e-07+j8.60042959053789375529e-08
  +1.11656757206139692404e-07+j8.55825043996038668040e-08
  +1.11554121926230709533e-07+j8.51613102037864295068e-08
  +1.11450923441695410515e-07+j8.47407142528920219337e-08
  +1.11347164045953202077e-07+j8.43207174126418777776e-08
  +1.11242845728431532107e-07+j8.39013209267245605597e-08
  +1.11137970715125799444e-07+j8.34825257036730755143e-08
  +1.11032541170956118735e-07+j8.30643327088979358953e-08
  +1.10926559243458232766e-07+j8.26467429082627646437e-08
  +1.10820027069927441281e-07+j8.22297572572964430671e-08
  +1.10711026139602523762e-07+j8.18134059948424393718e-08
  +1.10587463171913351929e-07+j8.13978384003699682430e-08
  +1.10463449859453019903e-07+j8.09828117258279395417e-08
  +1.10338987321403725670e-07+j8.05683272427809696066e-08
  +1.10214076613928667405e-07+j8.01543862951598949202e-08
  +1.10088719068939469357e-07+j7.97409904248097631745e-08
  +1.09962918424838609721e-07+j7.93281430201409578172e-08
  +1.09836672862333704866e-07+j7.89158429795398294478e-08
  +1.09709983489377334070e-07+j7.85040915180179529437e-08
  +1.09582851368538091005e-07+j7.80928899009710698633e-08
  +1.09454916271369870664e-07+j7.76836193555865524511e-08
  +1.09323639060014462268e-07+j7.72860341586547888996e-08
  +1.09191954271821986177e-07+j7.68889685718232846367e-08
  +1.09059862879618477637e-07+j7.64924238200327465057e-08
  +1.08927365896343652328e-07+j7.60964010581957236034e-08
  +1.08794464329408205134e-07+j7.57009014363182605050e-08
  +1.08661159177838726771e-07+j7.53059261021976574969e-08
  +1.08527451473702405944e-07+j7.49114761431499522322e-08
  +1.08393342162515162200e-07+j7.45175527583217527816e-08
  +1.08258832214052573975e-07+j7.41241570988885518182e-08
  +1.08123564951373207877e-07+j7.37319933890029010571e-08
  +1.07984665144742088084e-07+j7.33466852449391085265e-08
  +1.07845334058531860450e-07+j7.29619171961230195620e-08
  +1.07705573150240918515e-07+j7.25776904732681749453e-08
  +1.07565383919380079726e-07+j7.21940062285852077852e-08
  +1.07424769569966623846e-07+j7.18108666645778257524e-08
  +1.07283730955184717569e-07+j7.14282725933745615249e-08
  +1.07142268441639220191e-07+j7.10462244657060779431e-08
  +1.07000383525517469803e-07+j7.06647233746405339957e-08
  +1.06858077594149650598e-07+j7.02837705629194177246e-08
  +1.06714562881449152247e-07+j6.99037544349635377444e-08
  +1.06562697137117493728e-07+j6.95282055749996620666e-08
  +1.06410485248086907863e-07+j6.91532168582498206982e-08
  +1.06257928378227740684e-07+j6.87787891749761079196e-08
  +1.06105027642861334594e-07+j6.84049234756758043384e-08
  +1.05951784190856910075e-07+j6.80316206462817791372e-08
  +1.05798199035764258288e-07+j6.76588817683778539080e-08
  +1.05644273417255921322e-07+j6.72867075575569310140e-08
  +1.05490008373743854348e-07+j6.69150990303220613966e-08
  +1.05335404955450113507e-07+j6.65440571716197129702e-08
  +1.05179760225557961035e-07+j6.61753180624992234311e-08
  +1.05015724615481320817e-07+j6.58270741005651263804e-08
  +1.04851415315820019837e-07+j6.54793869269424168472e-08
  +1.04686833350820604829e-07+j6.51322571429559968274e-08
  +1.04521979917999171911e-07+j6.47856850581653065513e-08
  +1.04356857710950840955e-07+j6.44396719762716967788e-08
  +1.04191466886970344949e-07+j6.40942178944488303232e-08
  +1.04025807871137647992e-07+j6.37493228520751233185e-08
  +1.03859881702238802648e-07+j6.34049873576339169477e-08
  +1.03693689489802690041e-07+j6.30612117910216453413e-08
  +1.03526489841982272188e-07+j6.27173684268845974610e-08
  +1.03349148409633208608e-07+j6.23657454576774105107e-08
  +1.03171496773355126833e-07+j6.20146801810718944540e-08
  +1.02993536047436267005e-07+j6.16641738920045281056e-08
  +1.02815267478714156739e-07+j6.13142276535846827336e-08
  +1.02636692364138473642e-07+j6.09648424307421142196e-08
  +1.02457811791609827217e-07+j6.06160195269816219751e-08
  +1.02278627019664275931e-07+j6.02677599477429213892e-08
  +1.02099139220388411874e-07+j5.99200648312429598333e-08
  +1.01919349632493963841e-07+j5.95729351901855079904e-08
  +1.01739514658059837558e-07+j5.92264535856750940248e-08
  +1.01563385589776601615e-07+j5.88818187110910271331e-08
  +1.01386978647841310591e-07+j5.85377612638793217016e-08
  +1.01210294957818767487e-07+j5.81942820163468909019e-08
  +1.01033335676671195551e-07+j5.78513816732355560904e-08
  +1.00856102631929710548e-07+j5.75090611016036520244e-08
  +1.00678597567616344098e-07+j5.71673210488661228961e-08
  +1.00500820418360785865e-07+j5.68261618629334138098e-08
  +1.00322772328870187890e-07+j5.64855842166515462518e-08
  +1.00144454483534322290e-07+j5.61455886981632138961e-08
  +9.99662148576883093797e-08+j5.58068235245520106756e-08
  +9.97942936216851827125e-08+j5.54808902438719990787e-08
  +9.96221113335094913120e-08+j5.51554607026626740510e-08
  +9.94496688067684888584e-08+j5.48305356900348648275e-08
  +9.92769668875646436786e-08+j5.45061159263764478768e-08
  +9.91040063223781263158e-08+j5.41822023023199488100e-08
  +9.89307879272323784022e-08+j5.38587955724403872018e-08
  +9.87573125400747938673e-08+j5.35358964411144536514e-08
  +9.85835809910692750089e-08+j5.32135056151861332366e-08
  +9.84095939630317255052e-08+j5.28916240643528060446e-08
  +9.82347297765826383678e-08+j5.25704084893060036600e-08
  +9.80447246230423041537e-08+j5.22534754334054780567e-08
  +9.78545398696012603886e-08+j5.19371118576988418197e-08
  +9.76641764209445342717e-08+j5.16213181396946373221e-08
  +9.74736351061825176381e-08+j5.13060947874433520585e-08
  +9.72829168344775214971e-08+j5.09914421473697551958e-08
  +9.70920231749913266807e-08+j5.06773607938775799766e-08
  +9.69009548601682648702e-08+j5.03638510446680068774e-08
  +9.67097121609555676372e-08+j5.00509132636754120705e-08
  +9.65182960070046112409e-08+j4.97385477106289095390e-08
  +9.63267297473979134142e-08+j4.94270597917579449364e-08
  +9.61357119320565050447e-08+j4.91259651662102888492e-08
  +9.59445040588591057734e-08+j4.88253958904631047665e-08
  +9.57531071031903726804e-08+j4.85253525076260834131e-08
  +9.55615219909078346891e-08+j4.82258356479795245701e-08
  +9.53697496607736206137e-08+j4.79268459052610789306e-08
  +9.51777911135434198196e-08+j4.76283837386937682817e-08
  +9.49856472918604925552e-08+j4.73304497117945702135e-08
  +9.47933191566029846527e-08+j4.70330443401128012250e-08
  +9.46008076323582726612e-08+j4.67361682012484204455e-08
  +9.44078855578121979160e-08+j4.64398459124450445982e-08
  +9.42036193921752176249e-08+j4.61452532780932566559e-08
  +9.39991801798813674464e-08+j4.58512284767484226276e-08
  +9.37945689186435164668e-08+j4.55577721292225359567e-08
  +9.35897865811986555915e-08+j4.52648848967976662534e-08
  +9.33848342221688330175e-08+j4.49725672610509943124e-08
  +9.31797127863421287645e-08+j4.46808199182616353142e-08
  +9.29744234907945487605e-08+j4.43896434427772727429e-08
  +9.27689675979547046194e-08+j4.40990383825369159674e-08
  +9.25633455982547125060e-08+j4.38090053515840306460e-08
  +9.23576307798403978135e-08+j4.35197592804218719975e-08
  +9.21589379831410913109e-08+j4.32522207874997260135e-08
  +9.19601569974221855864e-08+j4.29851140339578890544e-08
  +9.17612881653185663205e-08+j4.27184395281995915153e-08
  +9.15623318494303475052e-08+j4.24521977283156831526e-08
  +9.13632883386544741253e-08+j4.21863892444263252143e-08
  +9.11641579813504246261e-08+j4.19210145540891962882e-08
  +9.09649411483126817848e-08+j4.16560740775401915444e-08
  +9.07656381305186623234e-08+j4.13915684025434669561e-08
  +9.05662492822599605240e-08+j4.11274979733056920202e-08
  +9.03667749167773276849e-08+j4.08638633168443078924e-08
</dep>
<dep S[3,2] frequency>
  +3.71685094541462512260e-09-j8.67966092353089629054e-09
  -2.02593225758334343963e-09-j4.76202360145334886251e-09
  -6.66415332824051625268e-10-j1.65194409459472237021e-09
  -1.77623251099173784598e-10+j3.32415079066425740961e-09
  +3.03135098187538233706e-10-j1.33109011895387079886e-09
  +2.67036275689939553070e-09-j1.68405774785065470281e-09
  -3.43300350731138637592e-10+j1.08187003598424210894e-09
  -6.51448362695526838171e-10-j3.97422069874572977155e-10
  +5.25172789125226183164e-10+j5.21909022247807157127e-10
  +5.25355915535660596244e-12+j1.33860007303691624371e-11
  +1.71377667983139556567e-11-j2.03907990022626581959e-11
  +2.36995842588088825272e-11-j4.02128371253082327089e-11
  -4.86626831680345707763e-12+j1.54640149467480009050e-11
  -2.03190852342177987105e-11+j5.37131134760774959558e-11
  -2.73715682871111872308e-11+j3.13586178274742473403e-11
  -3.24505112495735863173e-11+j1.53296903886117449852e-11
  -9.29134968065530843853e-12-j1.11321974529846315365e-12
  +7.15431078282019992253e-12-j1.35874635623149562847e-11
  +4.87364336081191434663e-12-j8.88676679372593752050e-12
  +3.02452088569048407538e-12-j5.05248326954922889897e-12
  +1.27636241217577852649e-12-j5.48852246549534936725e-12
  -1.02629788476122275965e-13-j5.84580865041482071357e-12
  +2.03568768497564661842e-11-j3.35587965468267291548e-12
  +3.69554506032579784325e-11-j1.14697967634163065039e-12
  +1.20167831954181498998e-11-j2.65035549103885622152e-12
  -9.09371027747292408333e-12-j4.10672267204852427826e-12
  -4.83493885203684152047e-12-j2.35985913391748956238e-12
  -8.18574164127005997110e-13-j8.01032603909880561907e-13
  -7.20098346112384717877e-12+j5.66316264444819272683e-14
  -1.27292388832872044364e-11+j6.78286237569240610903e-13
  -1.12291960370660868075e-11-j2.57269687777393680195e-12
  -9.70374550848034121888e-12-j5.44137607595953813367e-12
  -1.09202378121375000871e-11-j4.56847913233412282365e-12
  -1.20167504443931217373e-11-j3.72564048004908555642e-12
  -1.44945361601647390339e-11-j6.84549198821582231301e-12
  -1.66140200453048230329e-11-j9.69920782567380018670e-12
  -1.86283791252595522878e-11-j1.09813857449901053869e-11
  -2.03246962640589320117e-11-j1.20725279667781717577e-11
  -2.22911306905095837164e-11-j1.53545229205289239603e-11
  -2.39331478689657921969e-11-j1.83345206277853958831e-11
  -2.53805310837632945017e-11-j1.78332514159634978965e-11
  -2.66223732357254306463e-11-j1.72567325617702465456e-11
  -2.99702056943662151476e-11-j1.93402150679619985272e-11
  -3.29838700692001626845e-11-j2.13229014423782964215e-11
  -3.72019581154295817766e-11-j2.40197711314269714088e-11
  -4.09721340702662070661e-11-j2.65050791191063957782e-11
  -4.45411465062659592721e-11-j2.81184051135520351475e-11
  -4.76833460109479192694e-11-j2.95595777897275229535e-11
  -5.22106459421908652785e-11-j3.07017637247933122457e-11
  -5.63015627361804819604e-11-j3.17544890420111657669e-11
  -6.13688957125435310937e-11-j3.36253119028622219445e-11
  -6.59408435616899082600e-11-j3.54043647271609127278e-11
  -7.22882206238183848955e-11-j3.71837807561678861136e-11
  -7.80803853132667778387e-11-j3.88637607519764543887e-11
  -8.45250330613454330877e-11-j4.06319854640679578331e-11
  -9.03651413493646174251e-11-j4.23151040578750486408e-11
  -9.83425272148891910500e-11-j4.50898304377043352053e-11
  -1.05667938079428642491e-10-j4.77784061929368529831e-11
  -1.14061762892463038551e-10-j5.00373876982866797343e-11
  -1.21733722849057774687e-10-j5.21843320259619884393e-11
  -1.32761194439731766229e-10-j5.39957861045733602919e-11
  -1.43071680783959847677e-10-j5.57284168315252246922e-11
  -1.54868041064428507323e-10-j5.77730261790787218469e-11
  -1.65795063487688976190e-10-j5.97742062937730157511e-11
  -1.79795121211561093132e-10-j6.12903097147353924183e-11
  -1.92891297373256292690e-10-j6.27770773052083602744e-11
  -2.08217339273273463029e-10-j6.43550537154585538690e-11
  -2.22518528626494447790e-10-j6.59538886745752223944e-11
  -2.40637380908916521509e-10-j6.63941452353270404085e-11
  -2.57679439838822690041e-10-j6.68782473274297862765e-11
  -2.78536032529726863829e-10-j6.68474071776655254975e-11
  -2.98173932431166586732e-10-j6.69125826029662853344e-11
  -3.21878307078303413888e-10-j6.53566280422209524502e-11
  -3.44237394309427509987e-10-j6.39393409526863694099e-11
  -3.71812986272009230785e-10-j6.07871486028229149323e-11
  -3.97928508833479315842e-10-j5.78958059833955035143e-11
  -4.28986585000182829085e-10-j5.25196408594342221238e-11
  -4.58404628946102557538e-10-j4.75054826192450120041e-11
  -4.94298747758483801236e-10-j3.95041840592721608332e-11
  -5.28433570296358635221e-10-j3.20167890607087601732e-11
  -5.68885608120447511245e-10-j2.03305218263369944143e-11
  -6.07345225468730170539e-10-j9.26955060575052060332e-12
  -6.53748613184210626420e-10+j7.23503036626314018524e-12
  -6.98033343395817855579e-10+j2.29070473287863827920e-11
  -7.50731331881477602109e-10+j4.57429876885903466595e-11
  -8.01082905691120779846e-10+j6.75000283022882204131e-11
  -8.61013410731947824295e-10+j9.84268486096181326326e-11
  -9.18404473272739691190e-10+j1.27967485720165814709e-10
  -9.86230811821549011073e-10+j1.69204741521353106788e-10
  -1.05129848702880071300e-09+j2.08691362542339989367e-10
  -1.12666759866618972728e-09+j2.63476631977393591950e-10
  -1.19896277706247685643e-09+j3.16149031976727582317e-10
  -1.28306792605209635242e-09+j3.88397246517780836571e-10
  -1.36397703075513657573e-09+j4.57991565539268954144e-10
  -1.45558931702281754259e-09+j5.53106727835964179491e-10
  -1.54375770666422872949e-09+j6.44952836886589747108e-10
  -1.64239820086004685559e-09+j7.69010867359963080791e-10
  -1.73754306104560774740e-09+j8.89026630943202062203e-10
  -1.83930226069402085412e-09+j1.04941246613079551742e-09
  -1.93742645823139721936e-09+j1.20486123704121429823e-09
  -2.03701450798090321379e-09+j1.41317562158621995151e-09
  -2.13289685518575219226e-09+j1.61572150652202604161e-09
  -2.22152302430575943964e-09+j1.88296965070124531569e-09
  -2.30666593086381905008e-09+j2.14319682217727678951e-09
  -2.36716175020660744700e-09+j2.48231304014940968414e-09
  -2.42435811067342608823e-09+j2.81317617552701912220e-09
  -2.43163732496713287399e-09+j3.23547333529510605493e-09
  -2.43604680236898147041e-09+j3.64816961681524523651e-09
  -2.35397423984007223498e-09+j4.16627331041333055823e-09
  -2.26957158097931449030e-09+j4.67375930015954037505e-09
  -2.04153187925036444765e-09+j5.27942543369009898098e-09
  -1.81092439833671054352e-09+j5.87242896532029384305e-09
  -1.36916924700469039753e-09+j6.53965828349075587603e-09
  -9.24420129108678105719e-10+j7.19192639239013077683e-09
  -1.91023573508736618285e-10+j7.84183656333095692193e-09
  +5.46631710780093739345e-10+j8.47091052751658309439e-09
  +1.61951760603552299546e-09+j8.96721132688659725179e-09
  +2.69482880024000554374e-09+j9.43229998939943993531e-09
  +4.00171697885306393302e-09+j9.69440980342326769618e-09
  +5.44118954274692032359e-09+j9.71636053039234440079e-09
  +6.95097242794162753605e-09+j9.46316295597355917027e-09
  +8.47228087752043369699e-09+j8.92079667482095533112e-09
  +9.92321220764173642848e-09+j8.07935844141077161410e-09
  +1.12283066955838628858e-08+j6.95540280472205012472e-09
  +1.23174024863736399986e-08+j5.59336469916219141575e-09
  +1.31369042511411094132e-08+j4.05326841325145358675e-09
  +1.36811519614400499961e-08+j2.41317451199874534342e-09
  +1.39298823404028464325e-08+j7.37243338862083013447e-10
  +1.39011343373714886924e-08-j9.10825641309501834521e-10
  +1.36313047554993234932e-08-j2.48395871687211893672e-09
  +1.31519493887699111184e-08-j3.94565033870007303454e-09
  +1.25042514656451060885e-08-j5.27154252500444956452e-09
  +1.17218334879200236167e-08-j6.44656817032217683638e-09
  +1.08347794035870405023e-08-j7.46166141052323509464e-09
  +9.88799500531286096255e-09-j8.33374458329616454701e-09
  +8.88895262172477961289e-09-j9.04978461031874310039e-09
  +7.86498397799587684092e-09-j9.62295247723198362817e-09
  +6.84010381776058638018e-09-j1.00723438144122899521e-08
  +5.82144823648646970854e-09-j1.03962567935753742612e-08
  +4.82086432779515244751e-09-j1.06172310328997664104e-08
  +3.84754003249550305549e-09-j1.07306470074717539685e-08
  +2.90946409822096990260e-09-j1.07547228533997184557e-08
  +2.00969088546973811439e-09-j1.07013119779558975990e-08
  +1.15141532218414970487e-09-j1.05674979912278053770e-08
  +3.42752776818077107472e-10-j1.03793618220717638667e-08
  -4.19287126512934402774e-10-j1.01267143026070087975e-08
  -1.12850086339721949116e-09-j9.81355391511822898392e-09
  -1.78477104611416930528e-09-j9.46697152930516334847e-09
  -2.38862822788243751093e-09-j9.08645719346966012161e-09
  -2.93689493157341913963e-09-j8.66669635371216897857e-09
  -3.43633391186500825634e-09-j8.23113049748884141867e-09
  -3.88166733510658937241e-09-j7.77014185113802431470e-09
  -4.27532198195148761119e-09-j7.29346554363376227319e-09
  -4.62019730697086215696e-09-j6.80685097122841563301e-09
  -4.91606470798679600847e-09-j6.31580610835017769111e-09
  -5.16695035229322914248e-09-j5.82213667579225548820e-09
  -5.37421032165892599346e-09-j5.32965872275615800854e-09
  -5.53963232419680860204e-09-j4.84173139689995207835e-09
  -5.66534024718107008967e-09-j4.36122885998211152862e-09
  -5.75404754879370932177e-09-j3.88976863452662244313e-09
  -5.80880522632625636537e-09-j3.42900800008802082078e-09
  -5.82493564067405248664e-09-j2.97928013658026440780e-09
  -5.81505316275264088284e-09-j2.54732692502269988690e-09
  -5.77271878715846304217e-09-j2.12952954498379483552e-09
  -5.70873288108204943606e-09-j1.73220933447275879244e-09
  -5.61680892863835375139e-09-j1.35220958922956259249e-09
  -5.50235054144508913641e-09-j9.92252839426225544285e-10
  -5.37383558668996866577e-09-j6.53428976001320402564e-10
  -5.22391324286865157505e-09-j3.35374137895942848920e-10
  -5.05792655495360032161e-09-j3.86257731643270569070e-11
  -4.87879796900926013786e-09+j2.34934081216143644999e-10
  -4.68859733836586485162e-09+j4.86583314750468013480e-10
  -4.48491709290159027414e-09+j7.15930179712140013031e-10
  -4.27726717626954396732e-09+j9.24210661838929207830e-10
  -4.06474396070625882963e-09+j1.11137627774091837443e-09
  -3.84820769295236656831e-09+j1.27705981298928981770e-09
  -3.62546953185629965747e-09+j1.42135298677030570291e-09
  -3.40438291259211905379e-09+j1.54668332078711837572e-09
  -3.18143884356787640847e-09+j1.65083640289347297339e-09
  -2.96234134596728807504e-09+j1.73776369771771867719e-09
  -2.74311393459024399102e-09+j1.80631269640021313677e-09
  -2.52998900377259206058e-09+j1.85857399035215034330e-09
  -2.31992604941572289049e-09+j1.89304986125014906816e-09
  -2.11725236965001317703e-09+j1.91352043780139831105e-09
  -1.91969644761769750631e-09+j1.91798615907214092675e-09
  -1.73117715726591100505e-09+j1.90986490756625143107e-09
  -1.55109645355584106097e-09+j1.88932835873220246785e-09
  -1.37832773710368043721e-09+j1.85519242897961579432e-09
  -1.21564062627082109257e-09+j1.81172386072436666909e-09
  -1.06314470368670879398e-09+j1.75845128435302823021e-09
  -9.20862996061878910631e-10+j1.69623382401915158753e-09
  -7.88315346193405283175e-10+j1.62449025533540378878e-09
  -6.66933476988534296044e-10+j1.54704336901194845841e-09
  -5.56650437769037879101e-10+j1.46376171866944186167e-09
  -4.57250810935756016756e-10+j1.37530592547306544378e-09
  -3.68773279035166701037e-10+j1.28262596076924668136e-09
  -2.91538144807124814299e-10+j1.18769662280044269195e-09
  -2.25071478586979736237e-10+j1.08935064637008804033e-09
  -1.69618319105069745196e-10+j9.89065744165598458389e-10
  -1.24711703967447576545e-10+j8.88003965250293807070e-10
  -9.04911641786378756029e-11+j7.86927272926754151561e-10
  -6.67006668630459712877e-11+j6.86623128909841545823e-10
  -5.29139642477164197587e-11+j5.87886703428532020335e-10
  -4.89923173713881945138e-11+j4.91392146562746978192e-10
  -5.44371421323352490852e-11+j3.97816171720470354344e-10
  -6.89688412362895107301e-11+j3.07816696512634362358e-10
  -9.21973771024878396211e-11+j2.22017646750156446744e-10
  -1.23609332423792133872e-10+j1.41011202348913902695e-10
  -1.62767232820520595790e-10+j6.53439402698023828623e-11
  -2.09168005780064060930e-10-j4.47876496769154085201e-12
  -2.62272511539278201307e-10-j6.79328908224135764805e-11
  -3.21302210801602883414e-10-j1.24409571685025828810e-10
  -3.86106512258303355023e-10-j1.73646087082642696504e-10
  -4.55558834930723993212e-10-j2.15157907989642759322e-10
  -5.29600247943784701882e-10-j2.48841480599638805172e-10
  -6.06999000427128321031e-10-j2.74009364193251402156e-10
  -6.87180702373224929880e-10-j2.90613983535918658084e-10
  -7.69619256566468390149e-10-j2.98410024522733293037e-10
  -8.53598230298781569972e-10-j2.97291633953746090748e-10
  -9.38379289698368549453e-10-j2.87176525351005111364e-10
  -1.02346302403805081294e-09-j2.68229821175587264366e-10
  -1.10830657868731869000e-09-j2.40278508849953270711e-10
  -1.19110203135415039182e-09-j2.03192717017446592629e-10
  -1.27286531925285222096e-09-j1.57381218378602888565e-10
  -1.35130186990313377278e-09-j1.02577177706572756573e-10
  -1.42731262021443788206e-09-j3.87043704478175490387e-11
  -1.49839492254920276078e-09+j3.37234165046793983916e-11
  -1.56566152839779100369e-09+j1.14619510175183155763e-10
  -1.62643165570447536594e-09+j2.03561743458393533463e-10
  -1.68038932842331820848e-09+j3.00653965509359026939e-10
  -1.72720390376077954381e-09+j4.05250321649901170863e-10
  -1.76613545811879287108e-09+j5.16908755206637743576e-10
  -1.79635498830160774824e-09+j6.35380621080168946446e-10
  -1.81718343865814424533e-09+j7.59879299515155373866e-10
  -1.82772720874644483385e-09+j8.90109044856652935263e-10
  -1.82554007267789423541e-09+j1.02450809667766425134e-09
  -1.81123985240279506705e-09+j1.16235420149922941336e-09
  -1.78463476281820783793e-09+j1.30307973319369559185e-09
  -1.74326905786740437518e-09+j1.44488175288007437343e-09
  -1.68822135471556518393e-09+j1.58670551185967039947e-09
  -1.61883108211863447513e-09+j1.72840508214270015587e-09
  -1.53268830740273613971e-09+j1.86493316834977751919e-09
  -1.43128724336482580561e-09+j1.99702766587699417300e-09
  -1.31475600398883705397e-09+j2.12217196299787001058e-09
  -1.18347909655674019450e-09+j2.23789371506369344307e-09
  -1.03686268328534676178e-09+j2.34062753499565677642e-09
  -8.77572201020861208310e-10+j2.42963743291562412215e-09
  -7.07660994976993627006e-10+j2.50398612664799706251e-09
  -5.27964493712645857517e-10+j2.56029985036506157701e-09
  -3.41416367472217997463e-10+j2.59660667954167854489e-09
  -1.50484834329602825465e-10+j2.60978975442224679386e-09
  +4.10668281959542252759e-11+j2.60334013100133872135e-09
  +2.29857587086601187644e-10+j2.57685041332625517953e-09
  +4.13620402096337307292e-10+j2.52806194898092284907e-09
  +5.88691901050395866102e-10+j2.45980559135343085881e-09
  +7.52586878123479922306e-10+j2.37446588895723550619e-09
  +9.03427447561573675430e-10+j2.27398430568027301178e-09
  +1.03897647840362258368e-09+j2.16081074381690757473e-09
  +1.15735789179306714280e-09+j2.03543184414647050024e-09
  +1.25895856382882566008e-09+j1.90346617077611579936e-09
  +1.34485537854461246194e-09+j1.76809944982757705033e-09
  +1.41333238271972412397e-09+j1.63034374899087990863e-09
  +1.46488625570753851160e-09+j1.49132926615227581960e-09
  +1.50262241389896328771e-09+j1.35539854539129812451e-09
  +1.52713442017803379519e-09+j1.22350415763711069301e-09
  +1.53907536119495796866e-09+j1.09624818511161199107e-09
  +1.53685271839344261871e-09+j9.78687459005030468934e-10
  +1.53017996033628863528e-09+j8.61252985378785915717e-10
  +1.51247301642590752555e-09+j7.55621306524992705098e-10
  +1.48992976954235803725e-09+j6.52295834845581682762e-10
  +1.46130614772055307426e-09+j5.61340789412663146931e-10
  +1.42954255137479567838e-09+j4.73369218152929710996e-10
  +1.39305354712183349276e-09+j3.96281313973790959742e-10
  +1.35383118589661360812e-09+j3.22005959627853564176e-10
  +1.31299406000241963110e-09+j2.57657818497701894693e-10
  +1.27061512564948856796e-09+j1.96091566610306086736e-10
  +1.22844159493632520916e-09+j1.43286267019056742642e-10
  +1.18547055085498381906e-09+j9.30958396607033046175e-11
  +1.14310955878667565730e-09+j5.01518158736104511757e-11
  +1.10016677661289087916e-09+j9.45620625865822024551e-12
  +1.05841077529176222241e-09-j2.50944893150085080501e-11
  +1.01637731328725129225e-09-j5.76454553451152443959e-11
  +9.76392092383757074898e-10-j8.51547264115637774987e-11
  +9.36553301196487861111e-10-j1.10965683502442908495e-10
  +8.98917189735982278284e-10-j1.32584509429525198717e-10
  +8.61571603524127464578e-10-j1.52735454138461304030e-10
  +8.26118850852544743683e-10-j1.69483839421074964775e-10
  +7.90905859790637355994e-10-j1.85005150579891731953e-10
  +7.58240477765592771182e-10-j1.97782342371788458458e-10
  +7.26158874682563293942e-10-j2.09532729390397057903e-10
  +6.96000134727127237074e-10-j2.19105214926821596674e-10
  +6.66213080373723910211e-10-j2.27832320476168611711e-10
  +6.38439823564034273590e-10-j2.34787878586609969617e-10
  +6.11140933644233656098e-10-j2.41033867772570080476e-10
  +5.85484967572612995519e-10-j2.45780213067057558214e-10
  +5.60198746380581898086e-10-j2.49897920855943620262e-10
  +5.36694374400318026952e-10-j2.52890541664816032096e-10
  +5.13665864909730948823e-10-j2.55393911757941535693e-10
  +4.92244201455058614896e-10-j2.57032346009255879992e-10
  +4.71273402750850354207e-10-j2.58276830883895531714e-10
  +4.52851361914662919993e-10-j2.58320869902234842519e-10
  +4.35338449275159041586e-10-j2.57816193896750806775e-10
  +4.17475131799639585067e-10-j2.57256091395624096070e-10
  +3.99263971500816525457e-10-j2.56640575649322958825e-10
  +3.80707483796029350027e-10-j2.55969660579314475100e-10
  +3.65446942699780239543e-10-j2.54498434608524892190e-10
  +3.51506437345611402655e-10-j2.52632469348043669221e-10
  +3.37308962394632365216e-10-j2.50697443709268576778e-10
  +3.22856447243674672302e-10-j2.48693558230507521364e-10
  +3.08150787913898284887e-10-j2.46621009989482681538e-10
  +2.95822263807024379663e-10-j2.44220201266383917183e-10
  +2.84469747554451865695e-10-j2.41624262482765281615e-10
  +2.72922587756893525018e-10-j2.38949579446822476779e-10
  +2.61187741510985304295e-10-j2.36193701933632836003e-10
  +2.49266971581347547906e-10-j2.33356718088929607391e-10
  +2.39352426359098695222e-10-j2.30501258430683626596e-10
  +2.30295166588645230862e-10-j2.27598460140894227009e-10
  +2.21099185680426834963e-10-j2.24620764997829030019e-10
  +2.11765193021912473259e-10-j2.21567943774372186129e-10
  +2.02293314798790113462e-10-j2.18439305417837106544e-10
  +1.94388133495714285582e-10-j2.15358615646764044171e-10
  +1.87170602932831180430e-10-j2.12272821230067932170e-10
  +1.79847882546599640145e-10-j2.09127141604647420924e-10
  +1.72420780165825203072e-10-j2.05921931256561784613e-10
  +1.64890089526978394244e-10-j2.02657538563030088677e-10
  +1.58508112836375086488e-10-j1.99569573186824681371e-10
  +1.52642421165824455482e-10-j1.96539115955307671457e-10
  +1.46696703711242549421e-10-j1.93455535270503244595e-10
  +1.40671568772959793599e-10-j1.90319156220414189931e-10
  +1.34567614250255389997e-10-j1.87130298293520550741e-10
  +1.29357299489008373782e-10-j1.84180124036679719648e-10
  +1.24560653733318402181e-10-j1.81322918641590975823e-10
  +1.19703789011036056962e-10-j1.78416431686849787463e-10
  +1.14787481393442149588e-10-j1.75459963559014207929e-10
  +1.09812017715771366368e-10-j1.72454858970742883403e-10
  +1.05536549481470966864e-10-j1.69670270657811771057e-10
  +1.01593620851125026544e-10-j1.66976974255051809650e-10
  +9.76045733060206125529e-11-j1.64241019338369648412e-10
  +9.35698253671833305284e-11-j1.61462633428918704912e-10
  +8.94897906565467981780e-11-j1.58642040470015471307e-10
  +8.59849754321613440229e-11-j1.56060364941964154495e-10
  +8.27618021286610943500e-11-j1.53585610482282921184e-10
  +7.95037477979765695242e-11-j1.51074484757692276249e-10
  +7.62111396354248624642e-11-j1.48527198507485931037e-10
  +7.28843007824052084052e-11-j1.45943959617816087686e-10
  +7.00082937834658386672e-11-j1.43570595734419637688e-10
  +6.73587596351113566806e-11-j1.41294136551213663806e-10
  +6.46826974963435511009e-11-j1.38986371420305599403e-10
  +6.19806445500673903156e-11-j1.36647308075756752914e-10
  +5.92523756987308209478e-11-j1.34277465685985487323e-10
  +5.68917349461363411331e-11-j1.32086856881656014094e-10
  +5.47206263681308304500e-11-j1.29981301948902586806e-10
  +5.25287530743306526234e-11-j1.27848897868672928819e-10
  +5.03163102760510014827e-11-j1.25689806393427144414e-10
  +4.80834909697521077828e-11-j1.23504187057900633220e-10
  +4.61204531745708019664e-11-j1.21514835447270187903e-10
  +4.42995034005053063331e-11-j1.19624168071784696537e-10
  +4.24622645165779594592e-11-j1.17710724551228433988e-10
  +4.06088919355714346162e-11-j1.15774644234246857737e-10
  +3.87395393965778043613e-11-j1.13816064596277981924e-10
  +3.70913283491618373282e-11-j1.11990125403084395452e-10
  +3.55636187097270522294e-11-j1.10230538387192895901e-10
  +3.40243405918338604836e-11-j1.08450850384333287167e-10
  +3.24741877059052513491e-11-j1.06651304498662618508e-10
  +3.09128423076973638174e-11-j1.04831957941151328271e-10
  +2.95196359332757749040e-11-j1.03164790855045892595e-10
  +2.82196195759449809732e-11-j1.01578417867446042906e-10
  +2.69104367643291067012e-11-j9.99748449552335444445e-11
  +2.55921994106683765617e-11-j9.83541886744297722796e-11
  +2.42650183480744776148e-11-j9.67165644150522675355e-11
  +2.31200099123837687065e-11-j9.52162697792013905090e-11
  +2.20790308126898253730e-11-j9.37914757855565723867e-11
  +2.10300203854358757042e-11-j9.23520495067927621366e-11
  +1.99729599067819432660e-11-j9.08980045060589032990e-11
  +1.89079223866455973895e-11-j8.94294249344713263032e-11
  +1.79610648353263856100e-11-j8.80683497022475142288e-11
  +1.70829030729014658076e-11-j8.67671002390839747947e-11
  +1.61982981677182356778e-11-j8.54530542079687204456e-11
  +1.53073095531464006487e-11-j8.41262857077015645816e-11
  +1.44101483371112127881e-11-j8.27872517025261118895e-11
  +1.35978926070711520704e-11-j8.15342412273269398833e-11
  +1.28368171517271391788e-11-j8.03300422947762225560e-11
  +1.20716847068665942873e-11-j7.91148422943408493773e-11
  +1.13025520069704624855e-11-j7.78887208296516851234e-11
  +1.05294751524343704392e-11-j7.66517567772299871298e-11
  +9.84340464398431051696e-12-j7.55129905094492690611e-11
  +9.21082049836267676785e-12-j7.44325236797361313320e-11
  +8.57511843826517864392e-12-j7.33427914399871688915e-11
  +7.93630710782768412896e-12-j7.22440336201094226226e-11
  +7.29449464995683131915e-12-j7.11359508467607539691e-11
  +6.72707650602362660753e-12-j7.01170306531544687498e-11
  +6.20559046446905809090e-12-j6.91524014926398326568e-11
  +5.68062298163041824993e-12-j6.81795230360110559228e-11
  +5.15220239332776445133e-12-j6.71984411065909424101e-11
  +4.62035684529544996271e-12-j6.62092008776041729213e-11
  +4.13706109397677084724e-12-j6.52813221400915091833e-11
  +3.68438447426292457603e-12-j6.43914602713407796697e-11
  +3.22880522997540931453e-12-j6.34943469482573717881e-11
  +2.77040679644712424302e-12-j6.25899567438551043897e-11
  +2.30921274081473725823e-12-j6.16783289545895150804e-11
  +1.90529893762245480245e-12-j6.08163261928849884406e-11
  +1.53969248387710714129e-12-j5.99858443156674079100e-11
  +1.17275826891851619223e-12-j5.91493642819049284835e-11
  +8.04515525434066692459e-13-j5.83069327136535273771e-11
  +4.34953720978898043816e-13-j5.74586041998446547847e-11
  +1.04031892094289930941e-13-j5.66617783011970567115e-11
  -2.00631555080012663003e-13-j5.58984231164158514180e-11
  -5.06265980402055079132e-13-j5.51297874459936537391e-11
  -8.12856367565730965400e-13-j5.43559120222710551530e-11
  -1.12038783626356733526e-12-j5.35768371860247776311e-11
  -1.41565683045240244028e-12-j5.28739012329967231403e-11
  -1.70278807143059929099e-12-j5.22222482751244532865e-11
  -1.99093086816029067910e-12-j5.15655627735572009561e-11
  -2.28011194651102445351e-12-j5.09038629577815873485e-11
  -2.57045720096940916326e-12-j5.02371416760682951772e-11
  -2.84407395070306421692e-12-j4.95947963232867301998e-11
  -3.10602240835978403253e-12-j4.89685303778504730465e-11
  -3.36877439923103152484e-12-j4.83376832913094611155e-11
  -3.63231422425167812846e-12-j4.77022816720315657737e-11
  -3.89662630004479539684e-12-j4.70623518964729931305e-11
  -4.11362275002661838032e-12-j4.64500801794109636592e-11
  -4.29637789665102713007e-12-j4.58571020659147317606e-11
  -4.47955446190243105647e-12-j4.52603434886865233165e-11
  -4.66324785357387252714e-12-j4.46597413021608736821e-11
  -4.84732886334666404344e-12-j4.40554215565810127944e-11
  -5.01820141054102322476e-12-j4.34956823094403704198e-11
  -5.17938150743885963091e-12-j4.29681925653265516471e-11
  -5.34086964155092341552e-12-j4.24374658809202182375e-11
  -5.50265889630214932526e-12-j4.19035246683338599172e-11
  -5.66474241169851301119e-12-j4.13663911292180637902e-11
  -5.80780587411883828978e-12-j4.08629792091097618663e-11
  -5.93656808421404210529e-12-j4.03845087391879097258e-11
  -6.06558106622547152940e-12-j3.99032408029070317276e-11
  -6.19480997758598583113e-12-j3.94192572648506714350e-11
  -6.32424002066846441532e-12-j3.89325994319491948120e-11
  -6.45423679683412932139e-12-j3.84654650749057313614e-11
  -6.58472662405631094213e-12-j3.80128444244245694104e-11
  -6.71542591248114150950e-12-j3.75577506562481697008e-11
  -6.84633069291105727360e-12-j3.71002013559235128174e-11
  -6.97743704464467127402e-12-j3.66402139372735206234e-11
  -7.09739969049810426663e-12-j3.62350705690731323054e-11
  -7.20884314472118577437e-12-j3.58717197463600632096e-11
  -7.32070006962586869014e-12-j3.55050554641303798328e-11
  -7.43295325926982135163e-12-j3.51351385216374187491e-11
  -7.54559104968720633808e-12-j3.47619738713050110342e-11
  -7.64502156271761692718e-12-j3.43888270291825491953e-11
  -7.73383728175509427118e-12-j3.40150957676970028264e-11
  -7.82285894759946637693e-12-j3.36381899352789801067e-11
  -7.91207522484926250722e-12-j3.32581150537793486647e-11
  -8.00147461086028010437e-12-j3.28748766225570305447e-11
  -8.08907659979483311329e-12-j3.25028885936700951298e-11
  -8.17470059875007378763e-12-j3.21406707263226911047e-11
  -8.25979990261753221569e-12-j3.17768297019334840371e-11
  -8.34437711535850191930e-12-j3.14114048109539986048e-11
  -8.42843019472644932689e-12-j3.10444131207317779060e-11
  -8.51058820058422231851e-12-j3.06784578360227455809e-11
  -8.59108138663927068620e-12-j3.03131287537912157175e-11
  -8.67104929420985435043e-12-j2.99462894206073576177e-11
  -8.75049014084003847145e-12-j2.95779562359169051147e-11
  -8.82940221975406901540e-12-j2.92081454841758352825e-11
  -8.90450373011880285234e-12-j2.88728551911241580324e-11
  -8.97662263769004967452e-12-j2.85666730041188844730e-11
  -9.04865446347984912518e-12-j2.82590325229823360857e-11
  -9.12060324384897267147e-12-j2.79499551021462147970e-11
  -9.19246689813651246610e-12-j2.76394507872768286286e-11
  -9.23651408588696037083e-12-j2.73448952075066426449e-11
  -9.25630702095664146930e-12-j2.70640924657311821968e-11
  -9.27585914984031853088e-12-j2.67820206327235786171e-11
  -9.29516979814016976615e-12-j2.64986887791414596226e-11
  -9.31423829038242628181e-12-j2.62141059045045195850e-11
  -9.34051426037521957287e-12-j2.59445230165047185209e-11
  -9.37322350807879710123e-12-j2.56881214852869920212e-11
  -9.40580121049494858846e-12-j2.54305527145513304425e-11
  -9.43825507271863445462e-12-j2.51718334408198418833e-11
  -9.47058422062489899938e-12-j2.49119710930700504156e-11
  -9.48825266973280912259e-12-j2.46401056066389269508e-11
  -9.49260043317925924106e-12-j2.43572605274878570228e-11
  -9.49672807505337108763e-12-j2.40732430112691130848e-11
  -9.50063524477984034421e-12-j2.37880607556837352461e-11
  -9.50432156764519359592e-12-j2.35017214020143929489e-11
  -9.52558429982340052089e-12-j2.32458022338070596715e-11
  -9.56312357502576355822e-12-j2.30179695961709802239e-11
  -9.60056737031249172212e-12-j2.27891893610574420361e-11
  -9.63792776035293380336e-12-j2.25594764184062701749e-11
  -9.67520411539273396895e-12-j2.23288368236016174359e-11
  -9.69810955484859378495e-12-j2.20962092307464802304e-11
  -9.70744516236120272300e-12-j2.18616670646198555044e-11
  -9.71661844597462345815e-12-j2.16262204470938961720e-11
  -9.72562929716739312736e-12-j2.13898753411255611671e-11
  -9.73447764409978187476e-12-j2.11526376410194439596e-11
  -9.72980278863483646114e-12-j2.09363757703529607925e-11
  -9.71197118091863332532e-12-j2.07402644443952051795e-11
  -9.69372724430519486108e-12-j2.05433672558157400426e-11
  -9.67507211355207427826e-12-j2.03456909696842280727e-11
  -9.65601108778991589054e-12-j2.01472440002165516587e-11
  -9.65835868905097344722e-12-j1.99478914734017010396e-11
  -9.68173622311303193510e-12-j1.97476126567679332257e-11
  -9.70483516476022105044e-12-j1.95465415710568729679e-11
  -9.72765459027320083223e-12-j1.93446840499777750124e-11
  -9.75019358263336296781e-12-j1.91420458988620640933e-11
  -9.77537489859631789823e-12-j1.89469609157285162221e-11
  -9.80333402584382670636e-12-j1.87595245165828922159e-11
  -9.83120028032168475764e-12-j1.85714653716843567631e-11
  -9.85896703780730148638e-12-j1.83827865644111211406e-11
  -9.88663834305140237235e-12-j1.81934933224628078083e-11
  -9.89396949239551033410e-12-j1.80229643791779106282e-11
  -9.88053125789949611079e-12-j1.78716360744111157909e-11
  -9.86691895136017969708e-12-j1.77198129029938605311e-11
  -9.85313321680150950669e-12-j1.75674984440214575407e-11
  -9.83917470679926818119e-12-j1.74146962388160071460e-11
  -9.82603712889271919170e-12-j1.72600789623135518609e-11
  -9.81368863971511049755e-12-j1.71035113914319393117e-11
  -9.80107335127252556108e-12-j1.69463501037914243832e-11
  -9.78819108512410699834e-12-j1.67885990739781452219e-11
  -9.77503714206296159167e-12-j1.66302620888895889677e-11
  -9.76161354523270738398e-12-j1.64713431987097652554e-11
  -9.74792256351821833200e-12-j1.63118464083697843687e-11
  -9.73396403493921781768e-12-j1.61517756034088609345e-11
  -9.71973777288535908033e-12-j1.59911346647512687756e-11
  -9.70524361184132514361e-12-j1.58299274416264671403e-11
  -9.69875235934546534649e-12-j1.56722690328526772492e-11
  -9.70099153118521467423e-12-j1.55185585696844283824e-11
  -9.70303770260978079010e-12-j1.53643757845769056791e-11
  -9.70489098443243545740e-12-j1.52097241165716142981e-11
  -9.70655145305833320575e-12-j1.50546070045264899252e-11
  -9.70801742953963969594e-12-j1.48990280698896784561e-11
  -9.70928743078239582162e-12-j1.47429909248572298557e-11
  -9.71036501259850386286e-12-j1.45864985095738332812e-11
  -9.71125027573880961346e-12-j1.44295541623566308016e-11
  -9.71194331598367418721e-12-j1.42721612042257732583e-11
  -9.70871183460033087089e-12-j1.41345048980461816266e-11
  -9.70111191988218422385e-12-j1.40191988547771086165e-11
  -9.69335368676604542732e-12-j1.39035578871459773732e-11
  -9.68543748458704726339e-12-j1.37875844525173834843e-11
  -9.67736367928987333845e-12-j1.36712809786691147455e-11
  -9.66913261363808451524e-12-j1.35546498918502774816e-11
  -9.66074465040874894583e-12-j1.34376935865324082229e-11
  -9.65219711126389000736e-12-j1.33204152815498281377e-11
  -9.64349261235580039858e-12-j1.32028167315808779101e-11
  -9.63463233327378950393e-12-j1.30849000644257646655e-11
  -9.61525075725963743198e-12-j1.29626741345200245939e-11
  -9.58355255523071189499e-12-j1.28354606140766893165e-11
  -9.55167880659385577594e-12-j1.27079430161082880434e-11
  -9.51963027569866273223e-12-j1.25801235986573505352e-11
  -9.48740771719684314822e-12-j1.24520046050869249757e-11
  -9.45501188442668676722e-12-j1.23235882579493327101e-11
  -9.42244351999801379560e-12-j1.21948767664332591443e-11
  -9.38970336102767564949e-12-j1.20658723225889828737e-11
  -9.35679216304210197723e-12-j1.19365770828588559375e-11
  -9.32370790952563872417e-12-j1.18069943917099660873e-11
  -9.30016773706277834882e-12-j1.16923066285612354446e-11
  -9.28829257600912810553e-12-j1.15958824552069858993e-11
  -9.27622578538786088600e-12-j1.14992127504632649693e-11
  -9.26396771914604205289e-12-j1.14022996090331161856e-11
  -9.25151872187544540993e-12-j1.13051451230479819524e-11
  -9.23887914332720288589e-12-j1.12077513705504122828e-11
  -9.22604935110644361342e-12-j1.11101204048763179108e-11
  -9.21302969482313759547e-12-j1.10122542842943815998e-11
  -9.19982053200209375210e-12-j1.09141550508238383518e-11
  -9.18642223678347824787e-12-j1.08158247227436651052e-11
  -9.17103882324814798200e-12-j1.07185780130634786424e-11
  -9.15320992493867825808e-12-j1.06227850437864371265e-11
  -9.13523036864885137311e-12-j1.05267835377175530714e-11
  -9.11710085801054961343e-12-j1.04305750405070641936e-11
  -9.09882188087603789862e-12-j1.03341612114419172063e-11
  -9.08039393214521812833e-12-j1.02375436907801727279e-11
  -9.06181750294957220454e-12-j1.01407241092503813636e-11
  -9.04309308473978488835e-12-j1.00437040845761601280e-11
  -9.02422116187191137783e-12-j9.94648522824703411284e-12
  -9.00520222416959963417e-12-j9.84906913428274852249e-12
  -8.98605859825880155329e-12-j9.75179553625530962336e-12
  -8.96682290132181403291e-12-j9.65477053627535423004e-12
  -8.94747665526614625675e-12-j9.55754619177830053240e-12
  -8.92801944039413314250e-12-j9.46012452043680531103e-12
  -8.90845190859306194991e-12-j9.36250672077475414646e-12
  -8.88877513144015282106e-12-j9.26469365384525152935e-12
  -8.86898953611155097966e-12-j9.16668665281253290419e-12
  -8.84909553751516771395e-12-j9.06848704968820761507e-12
  -8.82909354703825591058e-12-j8.97009616716448371531e-12
  -8.80898398083678084344e-12-j8.87151531056846487691e-12
  -8.78341228676901804858e-12-j8.78446396448687064315e-12
  -8.75031241720293646381e-12-j8.71342507479590484175e-12
  -8.71705118245971001932e-12-j8.64226407927749746311e-12
  -8.68362924593754697894e-12-j8.57098219321058792052e-12
  -8.65004726081284550392e-12-j8.49958063242431836603e-12
  -8.61630588412576439671e-12-j8.42806059912613243246e-12
  -8.58240474457018590276e-12-j8.35642426334615819511e-12
  -8.54834549085577222685e-12-j8.28467186674447490362e-12
  -8.51412881971087096966e-12-j8.21280454565323384057e-12
  -8.47975538167967687658e-12-j8.14082347075635507417e-12
  -8.45276657123904621704e-12-j8.06236647909343987044e-12
  -8.43648202233322258776e-12-j7.97461685254821429231e-12
  -8.42008037278367983099e-12-j7.88670066344539745242e-12
  -8.40356192493911668991e-12-j7.79861912727572577497e-12
  -8.38692697705873981650e-12-j7.71037345547277472274e-12
  -8.37017582777927818628e-12-j7.62196485080117485045e-12
  -8.35330877708901250336e-12-j7.53339450622301085852e-12
  -8.33632611704757290031e-12-j7.44466361524308193973e-12
  -8.31922809197139022350e-12-j7.35577342027365136320e-12
  -8.30201434830458445416e-12-j7.26672586915468187215e-12
  -8.27963379561541577325e-12-j7.19279770416143589479e-12
  -8.24958035348788689669e-12-j7.14165325417422501761e-12
  -8.21942309029677711150e-12-j7.09044388211503124003e-12
  -8.18916257735759084894e-12-j7.03917026048372255290e-12
  -8.15879937902627090840e-12-j6.98783306113768833360e-12
  -8.12833406121844790831e-12-j6.93643294546639335187e-12
  -8.09776718783121528382e-12-j6.88497056857313523443e-12
  -8.06709931337768693037e-12-j6.83344658801507763027e-12
  -8.03633099769164316584e-12-j6.78186164659397809409e-12
  -8.00546279288387959433e-12-j6.73021638775450415586e-12
  -7.97713250464075161311e-12-j6.67618774165626345575e-12
  -7.95282753142870427253e-12-j6.61842921916143537065e-12
  -7.92843213089181927572e-12-j6.56055223487699859405e-12
  -7.90394701168069371171e-12-j6.50255688061351292141e-12
  -7.87937248213472358253e-12-j6.44444380003877623735e-12
  -7.85470879634186793149e-12-j6.38621370647507070161e-12
  -7.82995620203135779391e-12-j6.32786731471851560833e-12
  -7.80511495012882780659e-12-j6.26940532938962351766e-12
  -7.78018528687188264057e-12-j6.21082845461247179862e-12
  -7.75516745637320660198e-12-j6.15213739098864088048e-12
  -7.73134838129627995141e-12-j6.09301557329543288221e-12
  -7.70952851082810856095e-12-j6.03330543978230890312e-12
  -7.68760831327116500692e-12-j5.97354302599766518184e-12
  -7.66558831348197980034e-12-j5.91372902349285706042e-12
  -7.64346903131084259781e-12-j5.85386412285584669372e-12
  -7.62125080952687026621e-12-j5.79394930905092662039e-12
  -7.59893412940251631138e-12-j5.73398532619929800279e-12
  -7.57651972616756013800e-12-j5.67397247389004127334e-12
  -7.55400811406567736664e-12-j5.61391142104214824205e-12
  -7.53139980808777205436e-12-j5.55380282838134313071e-12
  -7.50977193509650528456e-12-j5.49477653496209695011e-12
  -7.48989828205259687000e-12-j5.43760900848570150041e-12
  -7.46995800297753785765e-12-j5.38037448946423587575e-12
  -7.44995142841168805057e-12-j5.32307351954644211624e-12
  -7.42987888861284267767e-12-j5.26570663420719296502e-12
  -7.40974070748647799408e-12-j5.20827437135452666957e-12
  -7.38953721442368973928e-12-j5.15077725466984735851e-12
  -7.36926872989128842941e-12-j5.09321581407888663569e-12
  -7.34893557852596828754e-12-j5.03559056713834407263e-12
  -7.32853789513416961294e-12-j4.97790242625419423660e-12
  -7.30591691449528390490e-12-j4.92408047857845202097e-12
  -7.27938333862481976134e-12-j4.87717553972934330767e-12
  -7.25276242190805064207e-12-j4.83021717103508944338e-12
  -7.22605453383754362169e-12-j4.78320589692727386309e-12
  -7.19926004598738339136e-12-j4.73614223348627665435e-12
  -7.17237932727761333512e-12-j4.68902669553413182124e-12
  -7.14541274680853758705e-12-j4.64185979237318034303e-12
  -7.11836066863264633091e-12-j4.59464203587165726428e-12
  -7.09122345737142499869e-12-j4.54737393190503161134e-12
  -7.06400147882365029158e-12-j4.50005597935097952475e-12
  -7.03450454235848183914e-12-j4.45571515151052221940e-12
  -7.00086122153882390104e-12-j4.41695636017359220394e-12
  -6.96713367584563477903e-12-j4.37817717297874117376e-12
  -6.93332227082963958030e-12-j4.33937826624372720324e-12
  -6.89942753337399524395e-12-j4.30055987954009058379e-12
  -6.86545000791011897260e-12-j4.26172220138611377980e-12
  -6.83139016987445705791e-12-j4.22286559407767443242e-12
  -6.79724849332580990735e-12-j4.18399041598558124099e-12
  -6.76302544757242474053e-12-j4.14509702707842142177e-12
  -6.72872150144606931822e-12-j4.10618578201168802550e-12
  -6.69831724156296021074e-12-j4.06627523477014887608e-12
  -6.67556119643588610890e-12-j4.02442811509664936058e-12
  -6.65274605261671846020e-12-j3.98253964059525563384e-12
  -6.62987208872691876862e-12-j3.94061016845562791176e-12
  -6.60693958239411768936e-12-j3.89864005285527002006e-12
  -6.58394880623856118750e-12-j3.85662965180617521798e-12
  -6.56090004073824575827e-12-j3.81457930526822657300e-12
  -6.53779352570034022981e-12-j3.77248947022690564897e-12
  -6.51462947733178476578e-12-j3.73036067703222065711e-12
  -6.49140825606735798243e-12-j3.68819297255469049064e-12
  -6.46689717723127550107e-12-j3.64627254426514412057e-12
  -6.43983461247037363818e-12-j3.60489960052718979955e-12
  -6.41272274601817561851e-12-j3.56349807752977197229e-12
  -6.38556187346221103780e-12-j3.52206825592984572083e-12
  -6.35835229847605783203e-12-j3.48061039650062279651e-12
  -6.33109431457812841943e-12-j3.43912477304664642716e-12
  -6.30378821520722877777e-12-j3.39761165438111550738e-12
  -6.27643429449540443828e-12-j3.35607130275662482958e-12
  -6.24903284422798872657e-12-j3.31450397952159776873e-12
  -6.22158415449187648715e-12-j3.27290994395138718062e-12
  -6.19188374636012359749e-12-j3.23463453751942189704e-12
  -6.15744372979208164679e-12-j3.20342549138515468329e-12
  -6.12293502389969076660e-12-j3.17218270532229641174e-12
  -6.08835792640292228344e-12-j3.14090641761321063718e-12
  -6.05371275795003007329e-12-j3.10959677479177763115e-12
  -6.01899980750275674727e-12-j3.07825405862208364241e-12
  -5.98421935861189706167e-12-j3.04687855721168370721e-12
  -5.94937169249160109840e-12-j3.01547055915222496724e-12
  -5.91445709474816058391e-12-j2.98403034028390901830e-12
  -5.87947584546293325517e-12-j2.95255818320168706816e-12
  -5.84964972436853167619e-12-j2.91906603364277494935e-12
  -5.83138309395555247051e-12-j2.88113519774227638924e-12
  -5.81308172543583117694e-12-j2.84319141020866379277e-12
  -5.79474587225564874876e-12-j2.80523485226386381280e-12
  -5.77637578344298329218e-12-j2.76726570960398426137e-12
  -5.75797171134953932139e-12-j2.72928415643893244910e-12
  -5.73953390403497502246e-12-j2.69129037125335665310e-12
  -5.72106258394325154151e-12-j2.65328469190657293640e-12
  -5.70255800645160280537e-12-j2.61526724204683657989e-12
  -5.68402043407982111966e-12-j2.57723807756563853166e-12
  -5.66278400474021273985e-12-j2.54171855433018526049e-12
  -5.63529057061671565162e-12-j2.51205187918016758173e-12
  -5.60774567040841305159e-12-j2.48235845467370440371e-12
  -5.58014951717485518441e-12-j2.45263852442015395842e-12
  -5.55250232933117963307e-12-j2.42289231657740559165e-12
  -5.52480432373443801613e-12-j2.39312005934381910689e-12
  -5.49705571042499638403e-12-j2.36332199323202359068e-12
  -5.46925670541784053074e-12-j2.33349834165182583757e-12
  -5.44140752148441547069e-12-j2.30364933204017841800e-12
  -5.41350836640487681506e-12-j2.27377520030393605217e-12
  -5.38625923103702509776e-12-j2.24353221108519066234e-12
  -5.36067402363196394966e-12-j2.21242650234350414816e-12
  -5.33504357770317645990e-12-j2.18130081669138239521e-12
  -5.30936810560304372745e-12-j2.15015546125762965438e-12
  -5.28364783702605819651e-12-j2.11899047287363965481e-12
  -5.25788298915845624989e-12-j2.08780604997932887404e-12
  -5.23207377704693041859e-12-j2.05660239268498427153e-12
  -5.20622041479265167127e-12-j2.02537969982660976400e-12
  -5.18032311650357644256e-12-j1.99413816651883234052e-12
  -5.15438209298146064841e-12-j1.96287799276968966251e-12
  -5.12463370938634583032e-12-j1.93287816483362260648e-12
  -5.08518272623152481756e-12-j1.90615048819998037860e-12
  -5.04569762316221555319e-12-j1.87941503232791594151e-12
  -5.00617864140075314514e-12-j1.85267187483607111205e-12
  -4.96662601701219545250e-12-j1.82592110164377810715e-12
  -4.92703998644887838080e-12-j1.79916279214696797426e-12
  -4.88742078672437422661e-12-j1.77239701859458000906e-12
  -4.84776864909731419574e-12-j1.74562386344518672764e-12
  -4.80808380334818197318e-12-j1.71884350475022116003e-12
  -4.76836648111444940735e-12-j1.69205598448816093911e-12
  -4.73408431209507855462e-12-j1.66847513855238739580e-12
  -4.71453266941282474408e-12-j1.65356427352472026560e-12
  -4.69495005850925212838e-12-j1.63864598864744935138e-12
  -4.67533663497413637323e-12-j1.62372037791028623656e-12
  -4.65569255387928136892e-12-j1.60878753412214016067e-12
  -4.63601797116949693954e-12-j1.59384754484514766511e-12
  -4.61631303844755142948e-12-j1.57890050753614645719e-12
  -4.59657790951052220760e-12-j1.56394651065147470754e-12
  -4.57681273727671548628e-12-j1.54898564252591360891e-12
  -4.55701767229359486285e-12-j1.53401799577923702867e-12
  -4.53447754751354443506e-12-j1.51752122255969186432e-12
  -4.50418347355219914825e-12-j1.49670081645183350400e-12
  -4.47384959935240496045e-12-j1.47589006058606675278e-12
  -4.44347619745070426732e-12-j1.45508902217108174078e-12
  -4.41306354425636822996e-12-j1.43429784053306069534e-12
  -4.38261191282796775874e-12-j1.41351655085623860991e-12
  -4.35212156922306182083e-12-j1.39274515696704475381e-12
  -4.32159278644374282380e-12-j1.37198370631781073100e-12
  -4.29102583192836359054e-12-j1.35123225904144798120e-12
  -4.26042097418620845755e-12-j1.33049086730883308197e-12
  -4.23293415700866194105e-12-j1.31180884625798534402e-12
  -4.21487070737440300117e-12-j1.29926388643018817079e-12
  -4.19678015423282930579e-12-j1.28670890703221544190e-12
  -4.17866261585558839331e-12-j1.27414398709587212786e-12
  -4.16051820611487724133e-12-j1.26156921786829978265e-12
  -4.14234704246879833111e-12-j1.24898467667364150876e-12
  -4.12414923741634077392e-12-j1.23639045503732192643e-12
  -4.10592490497163491608e-12-j1.22378663741171771163e-12
  -4.08767416012454899238e-12-j1.21117330280770450942e-12
  -4.06939711365865058108e-12-j1.19855054223041922047e-12
  -4.04739812099124569280e-12-j1.18208443291390841716e-12
  -4.01367507428573550156e-12-j1.15349360522798485706e-12
  -3.97990983384839549369e-12-j1.12490899799035049299e-12
  -3.94610267729687684265e-12-j1.09633070795134718248e-12
  -3.91225388377240532178e-12-j1.06775882154197065597e-12
  -3.87836372876413482974e-12-j1.03919343345961418757e-12
  -3.84443248783453703269e-12-j1.01063463344340606669e-12
  -3.81046043531034200072e-12-j9.82082510918398385417e-13
  -3.77644784589568499739e-12-j9.53537148823617866957e-13
  -3.74239499048326708886e-12-j9.24998639924993680455e-13
  -3.71212318343068089864e-12-j9.01817505802486062320e-13
  -3.69460514069509352812e-12-j8.96529496832835124689e-13
  -3.67707663572845942894e-12-j8.91243684599774672355e-13
  -3.65953775085153062947e-12-j8.85960068943609369739e-13
  -3.64198857083979275064e-12-j8.80678636853241959417e-13
  -3.62442917751322397043e-12-j8.75399384723148459326e-13
  -3.60685965341905659179e-12-j8.70122303201424691876e-13
  -3.58928008481997467949e-12-j8.64847431541594117743e-13
  -3.57169055423879457200e-12-j8.59574763330819585636e-13
  -3.55409113460069570865e-12-j8.54304243802281945625e-13
  -3.53491399787101867180e-12-j8.45542673119845507724e-13
  -3.51016728787287814224e-12-j8.24407874514386519606e-13
  -3.48539780935820932360e-12-j8.03264948513407585306e-13
  -3.46060568376447948353e-12-j7.82113975428987214210e-13
  -3.43579103396011655314e-12-j7.60955025965295820361e-13
  -3.41095398036913847280e-12-j7.39788178282138244431e-13
  -3.38609464467264466552e-12-j7.18613501338270800079e-13
  -3.36121314619336871480e-12-j6.97431071389620171356e-13
  -3.33630960389006696317e-12-j6.76240963140735904448e-13
  -3.31138413746200415492e-12-j6.55043243936945098659e-13
  -3.28749547576312186587e-12-j6.37225196558443933029e-13
  -3.26756704204555041400e-12-j6.32131744172771435883e-13
  -3.24762455702209257903e-12-j6.27040499969206008326e-13
  -3.22766811448292503786e-12-j6.21951456575341103697e-13
  -3.20769780976560797486e-12-j6.16864648704447871063e-13
  -3.18771373758740214498e-12-j6.11780093605746444161e-13
  -3.16771597956445275210e-12-j6.06697746387315274771e-13
  -3.14770462656997613143e-12-j6.01617602583370823658e-13
  -3.12767976652703967388e-12-j5.96539670049522665106e-13
  -3.10764148901200126509e-12-j5.91463945083989226847e-13
  -3.08514830976251793020e-12-j5.85204827754602749692e-13
  -3.05288455963275775842e-12-j5.74217753233866910843e-13
  -3.02060230054474123452e-12-j5.63243363925956638331e-13
  -2.98830169433927335877e-12-j5.52281621873352881293e-13
  -2.95598290308244669879e-12-j5.41332482383609928110e-13
  -2.92364608591830922781e-12-j5.30395911166504785024e-13
  -2.89129140289943595938e-12-j5.19471863464025257044e-13
  -2.85891901244191109511e-12-j5.08560297927424736421e-13
  -2.82652907177386267291e-12-j4.97661174397161527016e-13
  -2.79412173768952614869e-12-j4.86774449494217525498e-13
  -2.76135655454973074618e-12-j4.76323620931325866194e-13
  -2.72712657663705864503e-12-j4.67678079532709217994e-13
  -2.69288394713888928420e-12-j4.59027432561994830276e-13
  -2.65862873581775902194e-12-j4.50371645005334092067e-13
  -2.62436102048555489895e-12-j4.41710718639689481510e-13
  -2.59008087822628863768e-12-j4.33044667674619320714e-13
  -2.55578838717355712532e-12-j4.24373495418150095247e-13
  -2.52148362254225449658e-12-j4.15697217965241773041e-13
  -2.48716666045893051103e-12-j4.07015841243544587249e-13
  -2.45283757559440004379e-12-j3.98329375347476969652e-13
  -2.42481819538159611689e-12-j3.89664692381762498652e-13
  -2.42555620192081015994e-12-j3.81119029799608661827e-13
  -2.42629139437113181125e-12-j3.72571462374400957273e-13
  -2.42702379391129927134e-12-j3.64022006298511330623e-13
  -2.42775342062948620845e-12-j3.55470684206999324967e-13
  -2.42848029522352829058e-12-j3.46917514138309385393e-13
  -2.42920443817719185157e-12-j3.38362514867898985527e-13
  -2.42992586992972047110e-12-j3.29805704714090726106e-13
  -2.43064461085818953205e-12-j3.21247101771490698013e-13
  -2.43136068128894336569e-12-j3.12686729423733977555e-13
  -2.42759882399334058559e-12-j3.04100669495502705719e-13
  -2.40200467114491944035e-12-j2.95396649525282811742e-13
  -2.37639761004425675319e-12-j2.86692056168629175584e-13
  -2.35077772031487698569e-12-j2.77986898507278760038e-13
  -2.32514508121292735532e-12-j2.69281184234833999596e-13
  -2.29949977168636890904e-12-j2.60574919177387704586e-13
  -2.27384187032595718634e-12-j2.51868107512969725701e-13
  -2.24817145433120465727e-12-j2.43160761112157117288e-13
  -2.22248860133616180096e-12-j2.34452883301975063763e-13
  -2.19679338793617168000e-12-j2.25744482185250863242e-13
  -2.17042345383943992306e-12-j2.18877893987718241331e-13
  -2.14056005447765461863e-12-j2.21674450670170784281e-13
  -2.11067145097795362696e-12-j2.24475562579503630339e-13
  -2.08075777174828681270e-12-j2.27281242060356424833e-13
  -2.05081914428184366112e-12-j2.30091506873303000919e-13
  -2.02085569574220035872e-12-j2.32906374218745371640e-13
  -1.99086755329408217836e-12-j2.35725858139315281734e-13
  -1.96085484338255595088e-12-j2.38549975907709971321e-13
  -1.93081769930980212378e-12-j2.41378766089367070612e-13
  -1.90075624116596826656e-12-j2.44212227758698383782e-13
  -1.87065489593019051835e-12-j2.46464527351531682652e-13
  -1.84045111359976624463e-12-j2.45415018745533740254e-13
  -1.81024158018611171216e-12-j2.44386418078175088678e-13
  -1.78002639447825818987e-12-j2.43378593933737407744e-13
  -1.74980565413964103265e-12-j2.42391416759314732329e-13
  -1.71957945584460568706e-12-j2.41424757910113335643e-13
  -1.68934789565865470253e-12-j2.40478486990734357591e-13
  -1.65911106893626022953e-12-j2.39552472645817106497e-13
  -1.62886906948310817757e-12-j2.38646588487474065756e-13
  -1.59862199095723372654e-12-j2.37760703292785833090e-13
  -1.56880696174987877421e-12-j2.35928142726884841288e-13
  -1.54166131368437124320e-12-j2.28171351115323100148e-13
  -1.51449813994021975768e-12-j2.20410555715060858872e-13
  -1.48731752687435285007e-12-j2.12645794739745208605e-13
  -1.46011956056896825874e-12-j2.04877105884284490335e-13
  -1.43290432713910941628e-12-j1.97104523988374165924e-13
  -1.40567191266623997864e-12-j1.89328090145869105651e-13
  -1.37842240611016999735e-12-j1.81547855147669316511e-13
  -1.35115588742073517457e-12-j1.73763838420637256950e-13
  -1.32387244091852712818e-12-j1.65976077521952288087e-13
  -1.29841322175295800239e-12-j1.58733208949790952431e-13
  -1.28525165421747501100e-12-j1.55158456994204975900e-13
  -1.27208675750285776276e-12-j1.51588171047998937915e-13
  -1.25891856941099367947e-12-j1.48022321944788049684e-13
  -1.24574712751236782018e-12-j1.44460879902647006865e-13
  -1.23257246858454214686e-12-j1.40903819508387265075e-13
  -1.21939462954554281559e-12-j1.37351111683644731431e-13
  -1.20621364693770290747e-12-j1.33802728116105036706e-13
  -1.19302955701022801885e-12-j1.30258640612445161477e-13
  -1.17984239572673277334e-12-j1.26718820981085986414e-13
  -1.16778502776963027670e-12-j1.25173333831585824151e-13
  -1.16402356041656322608e-12-j1.38209126353247487763e-13
  -1.16026076332809925732e-12-j1.51248457742700027131e-13
  -1.15649663927291628796e-12-j1.64291306680653553436e-13
  -1.15273119086519707104e-12-j1.77337652873293329899e-13
  -1.14896442100354443555e-12-j1.90387477196675068057e-13
  -1.14519633536206276223e-12-j2.03440770086900957411e-13
  -1.14142693272513521809e-12-j2.16497499169949228391e-13
  -1.13765621567551916497e-12-j2.29557643872566907892e-13
  -1.13388418665518404733e-12-j2.42621184399852432756e-13
  -1.12760713533734198554e-12-j2.55794331883312569511e-13
  -1.10109094000050160334e-12-j2.69829575061319235425e-13
  -1.07456753794797800431e-12-j2.83868525945479140877e-13
  -1.04803696174788815741e-12-j2.97911154602548187557e-13
  -1.02149924379830000393e-12-j3.11957430697248164675e-13
  -9.94954416178878543566e-13-j3.26007324153387723340e-13
  -9.68402510633107509743e-13-j3.40060805176926246051e-13
  -9.41843558768012895887e-13-j3.54117843739025495246e-13
  -9.15277591501328829165e-13-j3.68178411092948354690e-13
  -8.88704639546799346767e-13-j3.82242478320927615185e-13
  -8.64084417027133352565e-13-j3.95727921748123684290e-13
  -8.57077784110376069160e-13-j4.03983763232405588340e-13
  -8.50069617058433937607e-13-j4.12243003302470919104e-13
  -8.43059923254780175460e-13-j4.20505619295852606532e-13
  -8.36048710246040995238e-13-j4.28771588115402238650e-13
  -8.29035985528614106445e-13-j4.37040892264312114654e-13
  -8.22021756015687832757e-13-j4.45313507440005134474e-13
  -8.15006028843747459924e-13-j4.53589407441000737123e-13
  -8.07988811300282255364e-13-j4.61868569439450104648e-13
  -8.00970109905216846976e-13-j4.70150971912767102439e-13
  -7.92778157707534170336e-13-j4.76863901087013349940e-13
  -7.72747590147301516674e-13-j4.67693348082495491331e-13
  -7.52711492612149741058e-13-j4.58521401024114574687e-13
  -7.32669900103693420888e-13-j4.49348058413597356846e-13
  -7.12622847058110215956e-13-j4.40173319170314711965e-13
  -6.92570367889415262725e-13-j4.30997181755648349128e-13
  -6.72512495918640025538e-13-j4.21819645879479713638e-13
  -6.52449265658260185095e-13-j4.12640708848110185872e-13
  -6.32380710119778280396e-13-j4.03460369890609302952e-13
  -6.12306862177984958405e-13-j3.94278627942629472760e-13
  -5.91336794875620702757e-13-j3.85978449122919405052e-13
  -5.60126821025127699127e-13-j3.87822040636594638758e-13
  -5.28912060050099127544e-13-j3.89668056195686720577e-13
  -4.97692533973037096217e-13-j3.91516460719902686508e-13
  -4.66468265529176133345e-13-j3.93367217793260082324e-13
  -4.35239275562335249658e-13-j3.95220295414358654126e-13
  -4.04005585697979401402e-13-j3.97075655956503380894e-13
  -3.72767217597357083277e-13-j3.98933262366311641625e-13
  -3.41524191790389328188e-13-j4.00793079662043306969e-13
  -3.10276528941322939855e-13-j4.02655072517372747498e-13
  -2.81256914344445643596e-13-j4.05576424864962089153e-13
  -2.81866225233790383654e-13-j4.22532547557116108775e-13
  -2.82476283779558801783e-13-j4.39494227670552449908e-13
  -2.83087081053086120828e-13-j4.56461435877810544706e-13
  -2.83698609065492176036e-13-j4.73434142403643900797e-13
  -2.84310860318516132529e-13-j4.90412317376266515646e-13
  -2.84923825726157997939e-13-j5.07395932039347007850e-13
  -2.85537497577916447815e-13-j5.24384956992849757742e-13
  -2.86151867505472503655e-13-j5.41379363380737928821e-13
  -2.86766927778190889275e-13-j5.58379122175245547265e-13
  -2.86419452256652705276e-13-j5.73555917419857121704e-13
  -2.70995450581265284382e-13-j5.60121346355162332867e-13
  -2.55566780307284208037e-13-j5.46684587186929982015e-13
  -2.40133473637450206731e-13-j5.33245643881513118714e-13
  -2.24695562945256601583e-13-j5.19804520092710983203e-13
  -2.09253079939470127497e-13-j5.06361220246701400025e-13
  -1.93806056613281129432e-13-j4.92915748185661170202e-13
  -1.78354525835095050099e-13-j4.79468105422546447154e-13
  -1.62898519297251359670e-13-j4.66018295110383125619e-13
  -1.47438068874940771363e-13-j4.52566320157696162975e-13
  -1.32112237458446905728e-13-j4.39424475308653598237e-13
  -1.19421447985990690495e-13-j4.32207652788913994189e-13
  -1.06727449545799672297e-13-j4.24988452799159607367e-13
  -9.40302586288130391376e-14-j4.17766881303482460163e-13
  -8.13298918600704385396e-14-j4.10542944163237319152e-13
  -6.86263650088250798660e-14-j4.03316647345912877699e-13
  -5.59196942703335080225e-14-j3.96087996639543206611e-13
  -4.32098958877704623993e-14-j3.88856997775829276719e-13
  -3.04969859338217101407e-14-j3.81623656474522722023e-13
  -1.77809793198940510357e-14-j3.74387978484541421542e-13
  -5.39062133480082738813e-15-j3.67898137308893170019e-13
  -8.79709927688554582558e-16-j3.79345541454320957300e-13
  +3.63190278679708351866e-15-j3.90794932257707291349e-13
  +8.14422159692418019546e-15-j4.02246299982340887703e-13
  +1.26572518586621053023e-14-j4.13699634981375830145e-13
  +1.71709982968214343413e-14-j4.25154927726209560664e-13
  +2.16854671075169505074e-14-j4.36612169390997356759e-13
  +2.62006629534200057771e-14-j4.48071350538205186696e-13
  +3.07165904008783957952e-14-j4.59532461445679417780e-13
  +3.52332538457024479474e-14-j4.70995493029854999886e-13
  +3.97670298930006948036e-14-j4.82882104163342456015e-13
  +4.48302846494794030512e-14-j5.08392716226394404460e-13
  +4.98942256552879592693e-14-j5.33909522698374007145e-13
  +5.49588629818090659956e-14-j5.59432493045817767873e-13
  +6.00242072467413142902e-14-j5.84961596903653322801e-13
  +6.50902689537855737799e-14-j6.10496804134391523797e-13
  +7.01570577899144264909e-14-j6.36038084903208225163e-13
  +7.52245841065892338090e-14-j6.61585409528900009154e-13
  +8.02928579680331418464e-14-j6.87138748578723694579e-13
  +8.53618899155708575801e-14-j7.12698072781176240047e-13
  +9.05976794937251399022e-14-j7.37184228763421179840e-13
  +1.03961322720080635419e-13-j7.08845917368862650738e-13
  +1.17329428496271706696e-13-j6.80499315672516323082e-13
  +1.30701964753752241201e-13-j6.52144453366899369368e-13
  +1.44078899857258003836e-13-j6.23781359857214965681e-13
  +1.57460201138898715888e-13-j5.95410064603087845587e-13
  +1.70845837546673650254e-13-j5.67030596523392097416e-13
  +1.84235778002328586956e-13-j5.38642984676597019705e-13
  +1.97629991536275211256e-13-j5.10247257870422993308e-13
  +2.11028445659765705273e-13-j4.81843444051133489898e-13
  +2.24602715704568877749e-13-j4.53835731358187057738e-13
  +2.55154984019379966931e-13-j4.65794460380231064528e-13
  +2.85715186477649208695e-13-j4.77751263906493586619e-13
  +3.16283309262573546389e-13-j4.89706150895506861490e-13
  +3.46859338480340110102e-13-j5.01659130634801088612e-13
  +3.77443261258696159954e-13-j5.13610211983852718341e-13
  +4.08035064220165122395e-13-j5.25559404394519981834e-13
  +4.38634733827429533992e-13-j5.37506717759601994039e-13
  +4.69242257704056913133e-13-j5.49452161353380433112e-13
  +4.99857622829526232156e-13-j5.61395745251814335163e-13
  +5.30480816865187130161e-13-j5.73337479250550795507e-13
</dep>
<dep S[1,3] frequency>
  +4.57728781880653614987e-06-j2.18693771255187137880e-06
  +2.18981374651465666498e-06-j1.61913775936720016667e-06
  +1.24757009229023145529e-06-j1.45445755704116759547e-06
  +6.50931925523281775344e-07-j1.31169151984523270380e-06
  +2.34357163332543223741e-07-j1.11583323458002956583e-06
  -2.63218383822725339596e-08-j8.84493240632292944251e-07
  -1.59616327735156636782e-07-j6.66557495822617619558e-07
  -2.10973844114957442486e-07-j4.90475980093738500213e-07
  -2.18862002376802446391e-07-j3.59347626958462794325e-07
  -2.07192513801976725122e-07-j2.65079494459532055944e-07
  -1.88197989395092736535e-07-j1.98072621353959138336e-07
  -1.67876431876551399241e-07-j1.50266844977563207363e-07
  -1.48688715339123656853e-07-j1.15828856944716139981e-07
  -1.31528031398343598956e-07-j9.05548739400688046390e-08
  -1.16504122480446697574e-07-j7.17099661785845030988e-08
  -1.03526774798880631604e-07-j5.74677012491120352265e-08
  -9.23315708826994245782e-08-j4.65451648707301731711e-08
  -8.27149849124427684073e-08-j3.80825198868356075959e-08
  -7.43670299985757237985e-08-j3.14403074639947926953e-08
  -6.71482380291002701111e-08-j2.61628294710168099357e-08
  -6.06391672292401513273e-08-j2.21934376321820236881e-08
  -5.50104464346698171624e-08-j1.89250742026906162565e-08
  -5.01090778067390707803e-08-j1.62124853582120190489e-08
  -4.58313114245864533756e-08-j1.39445002211018022251e-08
  -4.20620402855137722002e-08-j1.20317587533560370152e-08
  -3.87335174096331961631e-08-j1.04090057485715584566e-08
  -3.57717431891901011718e-08-j9.02126842055180164522e-09
  -3.31338822606038537186e-08-j7.83190221289740227354e-09
  -3.07726671971460880489e-08-j6.81178674705980709424e-09
  -2.86541017456613200947e-08-j5.93000403769998770479e-09
  -2.68783387832960301894e-08-j5.14879845387938087834e-09
  -2.52687684883594612666e-08-j4.46251189323573707043e-09
  -2.38045213586424682713e-08-j3.85421487749412860435e-09
  -2.24671313192506062436e-08-j3.31715389088700813137e-09
  -2.12381667592435422148e-08-j2.84191505953870449380e-09
  -2.01091090018763532836e-08-j2.42003161473034224764e-09
  -1.90653405912185133395e-08-j2.04476374584786748311e-09
  -1.81022553951298956468e-08-j1.71027651122447688363e-09
  -1.72027084937838832572e-08-j1.41401563354787175584e-09
  -1.63705036941155368152e-08-j1.14927026175482936518e-09
  -1.54745093915443020774e-08-j8.17845590372894492505e-10
  -1.46397533807082421669e-08-j5.17178810850136259942e-10
  -1.38617543109075722271e-08-j2.47339134891252084053e-10
  -1.31387715699013536192e-08-j5.07319558044068243489e-12
  -1.24602833288186165714e-08+j2.09523836525346551082e-10
  -1.18283078620585626690e-08+j4.02251458678131023876e-10
  -1.12382616579436446895e-08+j5.77899784871469588625e-10
  -1.06869473006182411598e-08+j7.35999191913298692721e-10
  -1.01681183708969258083e-08+j8.78202958373141061578e-10
  -9.68205973545480346412e-09+j1.00609443881996411013e-09
  -9.24931421252272025382e-09+j9.46164555321380029378e-10
  -8.84485091726158805805e-09+j8.82249594053586868693e-10
  -8.46228587869849623441e-09+j8.23629860123644760877e-10
  -8.10286071217365356618e-09+j7.69664054451471076913e-10
  -7.76483786424180929150e-09+j7.20702425322689206388e-10
  -7.44691044508475468256e-09+j6.75595972221094262326e-10
  -7.14296542338683731666e-09+j6.32928462157623566030e-10
  -6.85619869221519641991e-09+j5.93625898077825074708e-10
  -6.58330667074442030270e-09+j5.57261691351431531920e-10
  -6.32552206399637461479e-09+j5.23853500935756840721e-10
  -6.09853485328609360787e-09+j5.58383684451573944634e-10
  -5.88370382087090901676e-09+j5.94362302480318966990e-10
  -5.67506419583797637207e-09+j6.26753310697348300162e-10
  -5.47595863726443918562e-09+j6.56769039948645692713e-10
  -5.28400165199174344500e-09+j6.84136111715409550923e-10
  -5.10068223190565416269e-09+j7.09525963352005217379e-10
  -4.92339886877254494019e-09+j7.32826327539429910299e-10
  -4.75390217118738782755e-09+j7.54468133630208288805e-10
  -4.58928618335937436094e-09+j7.74422963351068257863e-10
  -4.43165881031375772349e-09+j7.92970845760817817809e-10
  -4.25880007645472432727e-09+j8.01545381046733562200e-10
  -4.09246683258262059517e-09+j8.08599650966917754991e-10
  -3.93187181622088168054e-09+j8.14162632227220339710e-10
  -3.77852169307978302858e-09+j8.18983578122609294922e-10
  -3.62898933286899117945e-09+j8.21781401536782630651e-10
  -3.48600013091212184336e-09+j8.23989824533428166597e-10
  -3.34763283663849162311e-09+j8.26022620292783571198e-10
  -3.21536259439692332539e-09+j8.27662783995806885102e-10
  -3.08613865228354565163e-09+j8.27250133069853650330e-10
  -2.96237811737115648661e-09+j8.26451219449691142757e-10
  -2.84192559711247644027e-09+j8.21193556927108884778e-10
  -2.72658116628018196706e-09+j8.15679303438767240774e-10
  -2.61409958895399571828e-09+j8.09177361485315718217e-10
  -2.50633788458371250524e-09+j8.02776359516221982250e-10
  -2.40026587366569599834e-09+j7.94764163135097525224e-10
  -2.29848021148209756660e-09+j7.86894660638143513048e-10
  -2.19849744183241927413e-09+j7.78053249603384803149e-10
  -2.10253219248144817208e-09+j7.69463926287163817303e-10
  -2.00826456860661192116e-09+j7.59721736294610981598e-10
  -1.91774436719497498158e-09+j7.50272540799412033604e-10
  -1.82758402832102495361e-09+j7.40532185202841890968e-10
  -1.74083778908742584841e-09+j7.31077953015726071686e-10
  -1.65513175385468377204e-09+j7.20005666283533056505e-10
  -1.57272215003051281750e-09+j7.09184413024775773697e-10
  -1.49077797363603197592e-09+j6.95986138869799722475e-10
  -1.41189409534976827011e-09+j6.83078833454200195500e-10
  -1.33367658264936495056e-09+j6.66969006214717352443e-10
  -1.25836273157276517958e-09+j6.51214027196383221514e-10
  -1.18345010788013353439e-09+j6.33158380050620283271e-10
  -1.11128600748372299290e-09+j6.15651316479717449434e-10
  -1.04107006351506416627e-09+j5.93596095815058253397e-10
  -9.73430618957660496484e-10+j5.72111805211548938160e-10
  -9.06285302958092201350e-10+j5.46716071954396712985e-10
  -8.41405331062693794428e-10+j5.22092200252441338453e-10
  -7.77247837131312378995e-10+j4.93141589126912481850e-10
  -7.15212214825673234018e-10+j4.65059717327542435215e-10
  -6.54626124257525626977e-10+j4.30950900087665297386e-10
  -5.96013313994134700258e-10+j3.97698902168857942539e-10
  -5.39869237067925394661e-10+j3.58201773697625540127e-10
  -4.85561041340750799112e-10+j3.19686602405133780089e-10
  -4.34432837310791423124e-10+j2.72773626628467470909e-10
  -3.85138933190113710646e-10+j2.27068464124139611327e-10
  -3.42886127660240350808e-10+j1.74382033515118610149e-10
  -3.02483014266765612091e-10+j1.23110922311144560329e-10
  -2.72152555144402050476e-10+j6.58516858553240572487e-11
  -2.43596342152296603206e-10+j1.00817728350248043774e-11
  -2.28358442760960351190e-10-j4.86857677736978553362e-11
  -2.14880018522717875549e-10-j1.05742270455277553058e-10
  -2.12739855717866556131e-10-j1.61579489389181351860e-10
  -2.19120408117541090127e-10-j2.13634021418105631076e-10
  -2.35498516127534406963e-10-j2.59713466442672837365e-10
  -2.58761841932895603206e-10-j2.98393949766377888830e-10
  -2.87070613193431567723e-10-j3.28577399931629040138e-10
  -3.18492952174159777504e-10-j3.49317250684554451973e-10
  -3.50161036372440099404e-10-j3.60813573173641218095e-10
  -3.79943115034784861163e-10-j3.64046690796782282041e-10
  -4.06706769426316815606e-10-j3.59992772841845736217e-10
  -4.29025711721248531691e-10-j3.50436904244594208437e-10
  -4.46424367908695218448e-10-j3.37035378177095867504e-10
  -4.59009539867468210495e-10-j3.21198635334179681663e-10
  -4.65249019595369196142e-10-j3.06672109662988397001e-10
  -4.67460742743423853933e-10-j2.92414891357635144653e-10
  -4.66467786950894204601e-10-j2.78680039993199009518e-10
  -4.63008875940859878516e-10-j2.65838957006280648598e-10
  -4.57611283196979913018e-10-j2.53937769188448289313e-10
  -4.50798358211392137232e-10-j2.43123599952938638421e-10
  -4.42972084386672773886e-10-j2.33460614243209860126e-10
  -4.34415504298225830276e-10-j2.24758728789230442034e-10
  -4.25434787914831774234e-10-j2.16885904848022256151e-10
  -4.16226002269597832316e-10-j2.09821057613629709006e-10
  -4.07431879646977727476e-10-j2.03526952929035076006e-10
  -3.98630109246495611441e-10-j1.97668037055700273094e-10
  -3.89881381343755781223e-10-j1.92270131361436442769e-10
  -3.81121272597088003595e-10-j1.87228757457952579986e-10
  -3.72418104264981657183e-10-j1.82446752142737963191e-10
  -3.63764165678722203766e-10-j1.77838178683811650816e-10
  -3.55132685923330391986e-10-j1.73477320989356824937e-10
  -3.46537009273016026127e-10-j1.69246537832978187167e-10
  -3.37956036930041608645e-10-j1.65190121181295565000e-10
  -3.29391312739275321736e-10-j1.61170707150231171486e-10
  -3.20886126108978166042e-10-j1.56714042807921897567e-10
  -3.12387655417509788632e-10-j1.52400627853999868024e-10
  -3.03902147694143071132e-10-j1.48239255118173361403e-10
  -2.95441738731444096530e-10-j1.44259549553820186352e-10
  -2.87066415938260346796e-10-j1.40469854176753750187e-10
  -2.78757210246897134821e-10-j1.36861176308797754204e-10
  -2.70569232010306307081e-10-j1.33455313428231454082e-10
  -2.62456490734332193714e-10-j1.30225727402729858804e-10
  -2.54450232008577257789e-10-j1.27185773231453883908e-10
  -2.46615587674508393371e-10-j1.24286739390224369459e-10
  -2.39420995735421180945e-10-j1.21457181824329638685e-10
  -2.32486206224778147399e-10-j1.18761504967093096070e-10
  -2.25668197202715518475e-10-j1.16190039081031043949e-10
  -2.19024584557751311127e-10-j1.13737780806680450899e-10
  -2.12531869811030894824e-10-j1.11406091234671984834e-10
  -2.06246198871848573491e-10-j1.09156421055072066017e-10
  -2.00144700510894449185e-10-j1.06966014684613597286e-10
  -1.94148584990758014770e-10-j1.04809527867680450818e-10
  -1.88398106226143058496e-10-j1.02653746152244213586e-10
  -1.82799441729428606895e-10-j1.00539362666900063844e-10
  -1.76351189513410816384e-10-j9.86420165184765965950e-11
  -1.69904564390691750384e-10-j9.67364493141650760534e-11
  -1.63663415825314021854e-10-j9.47839214344784807829e-11
  -1.57619238734927518020e-10-j9.27170161114697611411e-11
  -1.51775957650254748310e-10-j9.06095723657368184775e-11
  -1.46070437224961234548e-10-j8.84016011492537166112e-11
  -1.40524133042979268467e-10-j8.61191699281192403632e-11
  -1.35086236120145315698e-10-j8.37579346307118139751e-11
  -1.29786003494930929078e-10-j8.13038380028094659279e-11
  -1.24566537193046170932e-10-j7.87499084437507699677e-11
  -1.20147820712235027642e-10-j7.61018410300235516387e-11
  -1.15917390943960347264e-10-j7.33905897225867280717e-11
  -1.11682227493202222225e-10-j7.06216549472833430968e-11
  -1.07419217071737570888e-10-j6.77885396769729457890e-11
  -1.03134380538748101781e-10-j6.49226156125975388290e-11
  -9.88183119368161279534e-11-j6.20224100983176839926e-11
  -9.44643112111362648142e-11-j5.90979988389749439596e-11
  -9.00710220257205615545e-11-j5.61553997796647762952e-11
  -8.56331010470618392227e-11-j5.32298858168606020447e-11
  -8.11527467736362236014e-11-j5.03118194540131576870e-11
  -7.62027135478371716675e-11-j4.74906661899901248994e-11
  -7.11719262543246265585e-11-j4.47113767344001440900e-11
  -6.61782757415250299345e-11-j4.19717521889645463049e-11
  -6.12179370763451397571e-11-j3.92754261507077727602e-11
  -5.62897730333061544169e-11-j3.66236308676348888617e-11
  -5.14167538039593213812e-11-j3.40271612327722307182e-11
  -4.65999517854318927552e-11-j3.14938032134956108172e-11
  -4.18447268419586615784e-11-j2.90332227180545041887e-11
  -3.71624070173144905199e-11-j2.66370480343078457530e-11
  -3.25518889503430537179e-11-j2.43070880879642123922e-11
  -2.81614628898428722515e-11-j2.19829221726776991557e-11
  -2.38625000047042740403e-11-j1.97393162260426318670e-11
  -1.96260279245713731662e-11-j1.75902252514005007332e-11
  -1.54671308908971656053e-11-j1.55341849835432764600e-11
  -1.13891831784413944250e-11-j1.35610309014501220712e-11
  -7.40221417832947568386e-12-j1.16689885019751484535e-11
  -3.51295725507251671730e-12-j9.84651354723504605629e-12
  +2.74888817405040096794e-13-j8.08817063062656917748e-12
  +3.95483156185401890996e-12-j6.38376870450785890787e-12
  +7.52598708250178645164e-12-j4.72446340138350540560e-12
  +1.09883870569133866434e-11-j3.07819997792342828012e-12
  +1.43289264956453993630e-11-j1.43870345894089395503e-12
  +1.75492587371724485578e-11+j1.97631235018712611752e-13
  +2.06545666552224490172e-11+j1.84140057389133174165e-12
  +2.36443199396244792401e-11+j3.50232825876325549458e-12
  +2.65241820099122536310e-11+j5.18143385915339957827e-12
  +2.93012151150958250697e-11+j6.89442205499836566694e-12
  +3.19884510501689711045e-11+j8.63549556300158080786e-12
  +3.45891304290923774295e-11+j1.04149437921229838157e-11
  +3.71072747799489404208e-11+j1.22292809803060473045e-11
  +3.95996219681627609080e-11+j1.40471985669749232591e-11
  +4.20557391421226740066e-11+j1.58925937453938503948e-11
  +4.44801730081278128846e-11+j1.77755338915100178382e-11
  +4.68787723252527088405e-11+j1.97000116985202651208e-11
  +4.92570725170889695283e-11+j2.16489677761767455239e-11
  +5.16262191473606965125e-11+j2.36214035033632556857e-11
  +5.39864358215179500341e-11+j2.56072833008245777017e-11
  +5.63546000965972898245e-11+j2.75948221307436927279e-11
  +5.87093851413662237394e-11+j2.95776204770699807193e-11
  +6.10630766327210864244e-11+j3.15389475367195603582e-11
  +6.33576664137704619003e-11+j3.35976956660706766064e-11
  +6.56092981755536937203e-11+j3.56530440458419557502e-11
  +6.78315540581648514368e-11+j3.76572316385812228205e-11
  +7.00063716067418952156e-11+j3.95947363209871873804e-11
  +7.21113275569937822477e-11+j4.14562549791885894061e-11
  +7.41309578841216936037e-11+j4.32286725880163744613e-11
  +7.60281470284935718934e-11+j4.49181408132792775973e-11
  +7.77815470594241993962e-11+j4.64998826813954166787e-11
  +7.93612000200524275328e-11+j4.79907803737336408297e-11
  +8.07330743786070344885e-11+j4.93939275831629025838e-11
  +8.19569624762002899550e-11+j5.04929905609710394650e-11
  +8.29369836704373278622e-11+j5.14724274351699198161e-11
  +8.35858621736432225335e-11+j5.24337938533183685936e-11
  +8.39120438990990369322e-11+j5.34141034637408867830e-11
  +8.38535986795077244913e-11+j5.44837156160687668492e-11
  +8.33654854205552477922e-11+j5.56927795125418633243e-11
  +8.24854027287237722942e-11+j5.71297620916220973683e-11
  +8.12023603262912349244e-11+j5.88558193429108646000e-11
  +7.95206472577059928388e-11+j6.09553939518082950684e-11
  +7.75169262448500660208e-11+j6.35198969296196375410e-11
  +7.50069230499609421557e-11+j6.66525303514849111085e-11
  +7.22001353352895450942e-11+j7.03882389615660868171e-11
  +6.92364578283347507366e-11+j7.47310012644074680548e-11
  +6.62494044120205976769e-11+j7.97165411488798800965e-11
  +6.33590177161440709382e-11+j8.53527291462441491424e-11
  +6.06088106716354595178e-11+j9.16187827650488511169e-11
  +5.81476065938135764955e-11+j9.84832734724036503544e-11
  +5.60377544117521787671e-11+j1.05915536066197897006e-10
  +5.43328621058884685417e-11+j1.13820524908227141777e-10
  +5.30455705412798208207e-11+j1.22175999604857271804e-10
  +5.24486540574866507626e-11+j1.31066917709847695615e-10
  +5.23596185759624741059e-11+j1.40368729177782632071e-10
  +5.28663778826985355685e-11+j1.49860210447101142631e-10
  +5.38933631638899638216e-11+j1.59523778049161752953e-10
  +5.54782753410007272026e-11+j1.69247926500972517789e-10
  +5.75685077290224292025e-11+j1.78986876244945136680e-10
  +6.03460865022815610255e-11+j1.88536767013906848521e-10
  +6.33573011263446403382e-11+j1.98182550294162272682e-10
  +6.69176817135338277858e-11+j2.07555607902708699415e-10
  +7.07253566109529043902e-11+j2.16958047456636691573e-10
  +7.51437181224660018168e-11+j2.25831730608513828543e-10
  +7.98567725699027756315e-11+j2.34602502310413024292e-10
  +8.49675011789205786857e-11+j2.42927835635481433431e-10
  +9.03000236780654046035e-11+j2.51166631444313342605e-10
  +9.58708298999887604478e-11+j2.59010409996127589499e-10
  +1.01605851261542865596e-10+j2.66772763804874005961e-10
  +1.07561627315138433153e-10+j2.74130620926234182528e-10
  +1.13677936389383369208e-10+j2.81387938025456776500e-10
  +1.19890520550753113081e-10+j2.88275010549812335654e-10
  +1.26214050417476628362e-10+j2.95061181307003680302e-10
  +1.32628549963172925496e-10+j3.01498906023734262074e-10
  +1.39150412373348884844e-10+j3.07835154323961436258e-10
  +1.45682424295294907823e-10+j3.13884310166599370552e-10
  +1.52286551618428018254e-10+j3.19846401163623119642e-10
  +1.58907694367530793224e-10+j3.25537657303742406759e-10
  +1.65600568623345570781e-10+j3.31140116659353623570e-10
  +1.72280992281024043252e-10+j3.36472968565153249506e-10
  +1.79019448080078047055e-10+j3.41712918165558693491e-10
  +1.85726197598353513367e-10+j3.46695471771336129277e-10
  +1.92478188855467454149e-10+j3.51581725908722962317e-10
  +1.98984559591016640252e-10+j3.56066134185556718021e-10
  +2.05435762683529700077e-10+j3.60387956491025131070e-10
  +2.11786205489999228030e-10+j3.64564503029904182546e-10
  +2.18140303807521382005e-10+j3.68681956931019262219e-10
  +2.24457620897413069653e-10+j3.72566475991029737316e-10
  +2.30801346174383666075e-10+j3.76350259552450381218e-10
  +2.37054054267762344204e-10+j3.80118042520701997047e-10
  +2.43306689926975099594e-10+j3.83876762764983042862e-10
  +2.49490845174639876091e-10+j3.87317465598678162791e-10
  +2.55678050708210212113e-10+j3.90620165943511367162e-10
  +2.61878076287450360590e-10+j3.94335122601403183397e-10
  +2.68129740335334381243e-10+j3.98231004861952198607e-10
  +2.74456576023715877960e-10+j4.02128957898027879725e-10
  +2.80858678110953793323e-10+j4.06029178950288891411e-10
  +2.87336145072217524367e-10+j4.09931862523070143936e-10
  +2.93575745195079744191e-10+j4.13626774898077910277e-10
  +2.99745168984351521791e-10+j4.17224740950403747893e-10
  +3.05981853809295639436e-10+j4.20818817589001279693e-10
  +3.12285906199653085331e-10+j4.24409166668795359439e-10
  +3.18657435304786187236e-10+j4.27995947250929156608e-10
  +3.24584081998121572552e-10+j4.30701618943280749308e-10
  +3.30326872324193836314e-10+j4.32991404441529034325e-10
  +3.36119212808026323680e-10+j4.35251770475428102775e-10
  +3.41951445993500648330e-10+j4.37486260857553798381e-10
  +3.47823329301930484428e-10+j4.39695058604292370984e-10
  +3.53482580497715576356e-10+j4.41779183908239399834e-10
  +3.59060991222265507174e-10+j4.43791081847993068317e-10
  +3.64673050121297437661e-10+j4.45776135689697542656e-10
  +3.70318950183416853032e-10+j4.47732763643222817539e-10
  +3.75999226250915984349e-10+j4.49657362268850957122e-10
  +3.81676052729689819128e-10+j4.51857644338264901410e-10
  +3.87375909193235331283e-10+j4.54179218689303540425e-10
  +3.93117254412126157807e-10+j4.56481647224844632421e-10
  +3.98900127870467092834e-10+j4.58765086538554940050e-10
  +4.04724571024954961217e-10+j4.61029690297953583070e-10
  +4.10414248467093541475e-10+j4.63263257865674830249e-10
  +4.16056049681954007926e-10+j4.65468912299093608888e-10
  +4.21735609580058311535e-10+j4.67655761522516854484e-10
  +4.27452976129009382631e-10+j4.69823949153739592582e-10
  +4.33208198833363583556e-10+j4.71973616120818717365e-10
  +4.39031613673808197588e-10+j4.74057231187858223112e-10
  +4.44908396993800943990e-10+j4.76093437548321944141e-10
  +4.50823534600946907223e-10+j4.78104357391169249561e-10
  +4.56773900519527811074e-10+j4.80087823155256098032e-10
  +4.62762811356658425103e-10+j4.82046278350488822480e-10
  +4.68616635720128017990e-10+j4.83953791202086780577e-10
  +4.74418691781099416659e-10+j4.85822950829977096120e-10
  +4.80255575551688719414e-10+j4.87666747443175348782e-10
  +4.86127297521702078332e-10+j4.89485204964788135145e-10
  +4.92033867939323086639e-10+j4.91278345849822565283e-10
  +4.97845788081965291487e-10+j4.92480207113986120221e-10
  +5.03617419056626617847e-10+j4.93357809333009639208e-10
  +5.09412715477656167174e-10+j4.94200057223745360913e-10
  +5.15231560667399313013e-10+j4.95007026651353506030e-10
  +5.21073839556039534823e-10+j4.95778791415066357844e-10
  +5.26759860669631394123e-10+j4.96460306457245402390e-10
  +5.32372022083144663511e-10+j4.97077543857363025228e-10
  +5.38002705356449452435e-10+j4.97659583344585182529e-10
  +5.43649686634795634863e-10+j4.98206739427047593656e-10
  +5.49316204545785893706e-10+j4.98718846543729058977e-10
  +5.54453363637038664897e-10+j5.00132109379651659477e-10
  +5.59318152398152434193e-10+j5.02030175032616792712e-10
  +5.64205945261507245135e-10+j5.03914103645097652889e-10
  +5.69116855557696589949e-10+j5.05783967495221303135e-10
  +5.74050995789055738762e-10+j5.07639836883320895480e-10
  +5.78845805066856612936e-10+j5.09435853221392620426e-10
  +5.83572379021407632209e-10+j5.11191875892229214772e-10
  +5.88319769081830554291e-10+j5.12932894347782023396e-10
  +5.93088086949199741254e-10+j5.14658971513983010634e-10
  +5.97877443264736788181e-10+j5.16370168653199497427e-10
  +6.02521839034601881831e-10+j5.17510647632520170159e-10
  +6.07085952374749378329e-10+j5.18317985167056097543e-10
  +6.11661151981978193616e-10+j5.19102679340698425111e-10
  +6.16244024394848803265e-10+j5.19868651640031942842e-10
  +6.20837248635246443723e-10+j5.20613163264488386381e-10
  +6.25384836705522031656e-10+j5.21386010810083518840e-10
  +6.29910374084681292291e-10+j5.22166327098462537110e-10
  +6.34446283871436349188e-10+j5.22925373923374539983e-10
  +6.38992581990284853605e-10+j5.23663256861067614118e-10
  +6.43549283559191202916e-10+j5.24380080576589500272e-10
  +6.48540419604714296481e-10+j5.25236215396914583892e-10
  +6.53795208521365354808e-10+j5.26168025161175051336e-10
  +6.59068148926296827275e-10+j5.27076388782892496198e-10
  +6.64359606424951540716e-10+j5.27960097264827459310e-10
  +6.69669598564688920180e-10+j5.28819154543598650261e-10
  +6.74908819820194214970e-10+j5.29665519527698989331e-10
  +6.80111915076233680744e-10+j5.30494610503458678601e-10
  +6.85332065159274916099e-10+j5.31299327619891111568e-10
  +6.90569287150052665028e-10+j5.32079673792907002360e-10
  +6.95824913340088865927e-10+j5.32840994702042077221e-10
  +7.00164639682322609369e-10+j5.33159559037394775206e-10
  +7.03937384738688562307e-10+j5.33199997307806464924e-10
  +7.07710832010642602870e-10+j5.33220700873377575441e-10
  +7.11485007429881069541e-10+j5.33221816973489123321e-10
  +7.15259936862099869923e-10+j5.33203490987856739938e-10
  +7.19005002631660891530e-10+j5.33231167010532424482e-10
  +7.22731494465852241032e-10+j5.33281019536721716815e-10
  +7.26460489521489977268e-10+j5.33314525379174305986e-10
  +7.30194187311435214105e-10+j5.33333912006233417884e-10
  +7.33928556241523696984e-10+j5.33335200948962858241e-10
  +7.38118607306910693547e-10+j5.33870547643831350666e-10
  +7.42609627601620511389e-10+j5.34739404683450172898e-10
  +7.47113977096663118621e-10+j5.35589599556956568270e-10
  +7.51631724058760952610e-10+j5.36421137003951103693e-10
  +7.56162935986598941776e-10+j5.37234021003800769224e-10
  +7.60647955142339114100e-10+j5.38027554167405612679e-10
  +7.65113480059541029783e-10+j5.38803433340450738969e-10
  +7.69593425016517641537e-10+j5.39560879733455561830e-10
  +7.74086244818411608592e-10+j5.40299506241959321893e-10
  +7.78592003248723331808e-10+j5.41019312338440301404e-10
  +7.82815896425955260893e-10+j5.41296678295999437454e-10
  +7.86848983219787953611e-10+j5.41273032153893412675e-10
  +7.90885434923088310554e-10+j5.41230029574958133636e-10
  +7.94925272907231920538e-10+j5.41167750769576902358e-10
  +7.98969172647193861280e-10+j5.41086068198252052104e-10
  +8.03019280003122484936e-10+j5.41041753945877925940e-10
  +8.07070260918455656378e-10+j5.41018645984378658653e-10
  +8.11124710847361729966e-10+j5.40977153830533983662e-10
  +8.15182650235293271085e-10+j5.40917350612454567991e-10
  +8.19244098651330111730e-10+j5.40839309727604040371e-10
  +8.23227705581083908279e-10+j5.41403401379154678495e-10
  +8.27163529161688094217e-10+j5.42410357392889707721e-10
  +8.31109346336381536385e-10+j5.43403280777005631975e-10
  +8.35066062667519147490e-10+j5.44381287305652708256e-10
  +8.39036524416942883945e-10+j5.45341414613301228868e-10
  +8.42895024144424573619e-10+j5.46272968021501757256e-10
  +8.46676012225220823382e-10+j5.47179783205429738144e-10
  +8.50465657435983873924e-10+j5.48071982824886912699e-10
  +8.54264024337951361712e-10+j5.48949558875235739897e-10
  +8.58071176848081214431e-10+j5.49812502412794192626e-10
  +8.62820285812250159918e-10+j5.49425555739089789523e-10
  +8.68247539461487095909e-10+j5.48118662932122412187e-10
  +8.73677630305663931830e-10+j5.46780339230697021248e-10
  +8.79111738342649730263e-10+j5.45406467652863713805e-10
  +8.84548297551708844667e-10+j5.44001648737053704697e-10
  +8.89874893183114677784e-10+j5.42539299335874319848e-10
  +8.95119619804108710012e-10+j5.41026760311844178436e-10
  +9.00364861837040567859e-10+j5.39483796963769097155e-10
  +9.05610531715291164847e-10+j5.37910458621964598600e-10
  +9.10856542210878403934e-10+j5.36306794659584751915e-10
  +9.14743028647689401556e-10+j5.36025791928186670555e-10
  +9.17609227887207504963e-10+j5.36749579006217067345e-10
  +9.20479043367661833551e-10+j5.37461207931359774634e-10
  +9.23352828253428209897e-10+j5.38163116067875230907e-10
  +9.26230772464371566816e-10+j5.38856201934487042600e-10
  +9.29139903370567361507e-10+j5.39586338101331215203e-10
  +9.32074126629609437421e-10+j5.40343367029383940442e-10
  +9.35012854826138278298e-10+j5.41092223056988543399e-10
  +9.37956174007279615276e-10+j5.41832931952253058139e-10
  +9.40904169390155399510e-10+j5.42565519080724528544e-10
  +9.44158751317304760025e-10+j5.43047643808495085057e-10
  +9.47656094946239763002e-10+j5.43322563481445279818e-10
  +9.51159492445311382786e-10+j5.43576636175585572234e-10
  +9.54670009320478174066e-10+j5.43811901101413518600e-10
  +9.58187687208087821142e-10+j5.44028292846474242065e-10
  +9.61665655666629022268e-10+j5.44259828197577796102e-10
  +9.65112741768003014277e-10+j5.44500000891979596164e-10
  +9.68566340925136300054e-10+j5.44721591167150507335e-10
  +9.72026490010714346942e-10+j5.44924535041871111490e-10
  +9.75493223608533424036e-10+j5.45108769461122843221e-10
  +9.79363539504713478186e-10+j5.44885653348132773706e-10
  +9.83557212255758177628e-10+j5.44324847237079062972e-10
  +9.87748565508459799355e-10+j5.43743734198887175391e-10
  +9.91938319030472513727e-10+j5.43143160352549714719e-10
  +9.96126438330556599111e-10+j5.42523180813082771225e-10
  +1.00035038074739883694e-09+j5.41930636752339987856e-10
  +1.00460428777067804993e-09+j5.41358052143012256396e-10
  +1.00885701997009879596e-09+j5.40766590187282369527e-10
  +1.01310854222410290238e-09+j5.40156303683274260399e-10
  +1.01735881960981643020e-09+j5.39527245721322305741e-10
  +1.02118497528160859092e-09+j5.38888681698394427549e-10
  +1.02464951460727117159e-09+j5.38239933164469588589e-10
  +1.02811245408002311914e-09+j5.37573912112778393771e-10
  +1.03157441678561794168e-09+j5.36891008436264833035e-10
  +1.03503540761813694180e-09+j5.36191250570969660279e-10
  +1.03854185617265167040e-09+j5.35499967870042112727e-10
  +1.04208800121492199005e-09+j5.34813991796323127086e-10
  +1.04563370272186983563e-09+j5.34111453192748395030e-10
  +1.04917896435833255954e-09+j5.33392377653173737146e-10
  +1.05272378937818681507e-09+j5.32656790996462886486e-10
  +1.05576482868062323571e-09+j5.31894057652024465791e-10
  +1.05835778160580602187e-09+j5.31108372234905340783e-10
  +1.06094767120730433208e-09+j5.30310193042581968970e-10
  +1.06353530632110618559e-09+j5.29499784634469151298e-10
  +1.06612072220110148907e-09+j5.28677186648926080289e-10
  +1.06867363044056097580e-09+j5.27848998509244433365e-10
  +1.07119682820565223409e-09+j5.27014655777600211102e-10
  +1.07371767044767661162e-09+j5.26168285621164110361e-10
  +1.07623619164913156490e-09+j5.25309926258076152941e-10
  +1.07875242538576929597e-09+j5.24439616590134519471e-10
  +1.08181327602857512382e-09+j5.23394374077008750539e-10
  +1.08537574627504803983e-09+j5.22182964476394800613e-10
  +1.08893522431739804026e-09+j5.20954234457849480188e-10
  +1.09249282771843694483e-09+j5.19708282956935198816e-10
  +1.09604855099457333508e-09+j5.18445136022713953565e-10
  +1.09957000955217641232e-09+j5.17197240636394032401e-10
  +1.10305894813848957845e-09+j5.15962973563136571889e-10
  +1.10654572829693693740e-09+j5.14711987897412294135e-10
  +1.11003034476651227456e-09+j5.13444310249245344585e-10
  +1.11351279306080115324e-09+j5.12159965159563622734e-10
  +1.11723002655130784400e-09+j5.10902012966737368039e-10
  +1.12117195578625077418e-09+j5.09666675612512285829e-10
  +1.12511065821424950863e-09+j5.08412146880680783733e-10
  +1.12904618709381251441e-09+j5.07138444395843792016e-10
  +1.13297898516501868291e-09+j5.05845522291569950418e-10
  +1.13679948343767742931e-09+j5.04557893246598779509e-10
  +1.14050917084856100635e-09+j5.03275585231866503299e-10
  +1.14421487296094646230e-09+j5.01974848837978505392e-10
  +1.14791655477634665796e-09+j5.00655712457713683457e-10
  +1.15161418115023468306e-09+j4.99318205015853076702e-10
  +1.15473923150849512888e-09+j4.98434116533205976065e-10
  +1.15729557002318177713e-09+j4.98008218074525108582e-10
  +1.15985148455834136608e-09+j4.97571601133710030754e-10
  +1.16240640047061490826e-09+j4.97124494167538771396e-10
  +1.16496071420105422338e-09+j4.96666783880166765236e-10
  +1.16749062651212261829e-09+j4.96209328447498311701e-10
  +1.16999556621705966785e-09+j4.95752380268437916998e-10
  +1.17250001296921762135e-09+j4.95284837854924135643e-10
  +1.17500399618006753279e-09+j4.94806713919284722287e-10
  +1.17750754528415548649e-09+j4.94318020269635521085e-10
  +1.18049648273029122151e-09+j4.93657474663456553872e-10
  +1.18398880310869859012e-09+j4.92814000752182638622e-10
  +1.18747956450964541381e-09+j4.91953498066361942337e-10
  +1.19096874462617946899e-09+j4.91075967634954310869e-10
  +1.19445589255743764584e-09+j4.90181649470811270952e-10
  +1.19794118447739525732e-09+j4.89270439504370543648e-10
  +1.20142482648188937425e-09+j4.88342212365048764038e-10
  +1.20490679591394112696e-09+j4.87396968970822955190e-10
  +1.20838706916067573287e-09+j4.86434712333461242927e-10
  +1.21186562302717664289e-09+j4.85455444192799182808e-10
  +1.21487188283555018298e-09+j4.84385603258590923873e-10
  +1.21736607374460173125e-09+j4.83223172963479047843e-10
  +1.21985645062984951146e-09+j4.82049105703247604305e-10
  +1.22234302466943492051e-09+j4.80863425979089838054e-10
  +1.22482580572041540282e-09+j4.79666161093406330230e-10
  +1.22730463199631214670e-09+j4.78457472739848960408e-10
  +1.22977935575440979932e-09+j4.77237515939447521585e-10
  +1.23225031756296972121e-09+j4.76006055749035823016e-10
  +1.23471752711060188327e-09+j4.74763117898169491957e-10
  +1.23718099368349412917e-09+j4.73508728658247678544e-10
  +1.23962076500866234064e-09+j4.72699417610723782606e-10
  +1.24203650994278593113e-09+j4.72392643427591750717e-10
  +1.24445149219056782043e-09+j4.72074643193114958739e-10
  +1.24686572793741817393e-09+j4.71745416919177200340e-10
  +1.24927923369597877338e-09+j4.71404963107688315136e-10
  +1.25169202494744411917e-09+j4.71053282343226871583e-10
  +1.25410411762728844588e-09+j4.70690373374181231935e-10
  +1.25651523066691226881e-09+j4.70316551092877871898e-10
  +1.25892559518909828198e-09+j4.69931588408471000360e-10
  +1.26133530694095840240e-09+j4.69535399916951682421e-10
  +1.26410591738348763255e-09+j4.68468868090339475354e-10
  +1.26729594311825673761e-09+j4.66616443898764391583e-10
  +1.27048042519622013696e-09+j4.64749592322336769967e-10
  +1.27365935229802739736e-09+j4.62868338679753850554e-10
  +1.27683271295698323025e-09+j4.60972708716384627467e-10
  +1.28000049586250180137e-09+j4.59062727770673106529e-10
  +1.28316268951197867099e-09+j4.57138421754477250196e-10
  +1.28631928239602176207e-09+j4.55199816639573813149e-10
  +1.28947026390459339333e-09+j4.53246935893910674972e-10
  +1.29261535641648177941e-09+j4.51280190334459195261e-10
  +1.29515373052900877079e-09+j4.50113303783471210297e-10
  +1.29695685101482267295e-09+j4.49928841915392252216e-10
  +1.29875945498702435111e-09+j4.49734948602632865271e-10
  +1.30056156400200488171e-09+j4.49531620093527685537e-10
  +1.30236319885178730881e-09+j4.49318854005536400561e-10
  +1.30416438013258820420e-09+j4.49096647704299018332e-10
  +1.30596512876289370631e-09+j4.48864996789362280109e-10
  +1.30776546455583284371e-09+j4.48623899261576384236e-10
  +1.30956540725179465666e-09+j4.48373352531932394665e-10
  +1.31136497689248092443e-09+j4.48113352332091393261e-10
  +1.31340970556321047240e-09+j4.46783385858665914370e-10
  +1.31575914614449084894e-09+j4.44095428370644918263e-10
  +1.31809894220919227052e-09+j4.41395956456339013854e-10
  +1.32042910758708595117e-09+j4.38684981577191203009e-10
  +1.32274963677731907420e-09+j4.35962552406061346359e-10
  +1.32506052471005472277e-09+j4.33228716362640602685e-10
  +1.32736176629221861548e-09+j4.30483520972649485849e-10
  +1.32965335658042721048e-09+j4.27727013349277976903e-10
  +1.33193529046486264321e-09+j4.24959241176621123030e-10
  +1.33420756320034852903e-09+j4.22180251050791893724e-10
  +1.33646463477675328274e-09+j4.19579430656231338469e-10
  +1.33870619838442325808e-09+j4.17218216161492266572e-10
  +1.34094016882601549492e-09+j4.14846168762275193135e-10
  +1.34316647558382359904e-09+j4.12463515879322856648e-10
  +1.34538513539882780398e-09+j4.10070243909137645289e-10
  +1.34759620043722389842e-09+j4.07666234623521336720e-10
  +1.34979966979358742849e-09+j4.05251517717906524930e-10
  +1.35199554213063307546e-09+j4.02826124115687830954e-10
  +1.35418381605567468548e-09+j4.00390084734298281754e-10
  +1.35636449049228517024e-09+j3.97943429235320121002e-10
  +1.35850517859526382011e-09+j3.96346257541286143074e-10
  +1.36059774453832198381e-09+j3.95924230188088089095e-10
  +1.36268852155109992619e-09+j3.95491696237832254982e-10
  +1.36477751468204863651e-09+j3.95048653038098866110e-10
  +1.36686472844393611220e-09+j3.94595099428579860362e-10
  +1.36895016745764182274e-09+j3.94131033519939607760e-10
  +1.37103376929740934409e-09+j3.93656759036125004024e-10
  +1.37311560319272107467e-09+j3.93171984237526417914e-10
  +1.37519567629761625301e-09+j3.92676694267489581572e-10
  +1.37727399268802403874e-09+j3.92170887806297872098e-10
  +1.37934427000437176509e-09+j3.91271485763888817746e-10
  +1.38140144701107886479e-09+j3.89811202883689693603e-10
  +1.38345358435695016387e-09+j3.88340360522857790174e-10
  +1.38550068179645446831e-09+j3.86858972207531806122e-10
  +1.38754273886217558858e-09+j3.85367052022630692824e-10
  +1.38957975508756484085e-09+j3.83864613843346100043e-10
  +1.39161173005595315261e-09+j3.82351671136977508313e-10
  +1.39363866293101377527e-09+j3.80828238675867819279e-10
  +1.39566055108326134386e-09+j3.79294350583271241914e-10
  +1.39767736897998595247e-09+j3.77750270810771651496e-10
  +1.39944637560732928570e-09+j3.76189446668130090504e-10
  +1.40084652033980081561e-09+j3.74610921748403725531e-10
  +1.40224124468279543878e-09+j3.73025068446171735320e-10
  +1.40363056341397896409e-09+j3.71431905417132072199e-10
  +1.40501449100315401812e-09+j3.69831452081830072013e-10
  +1.40639304206114015110e-09+j3.68223726938749688168e-10
  +1.40776623115257066337e-09+j3.66608748264497013041e-10
  +1.40913407240280148904e-09+j3.64986535630841663186e-10
  +1.41049658028025489704e-09+j3.63357106910011993677e-10
  +1.41185376890174659527e-09+j3.61720480945072240055e-10
  +1.41346382753257699611e-09+j3.59899416988859310531e-10
  +1.41547035591879903702e-09+j3.57791781033349466752e-10
  +1.41746959267491071268e-09+j3.55673475492513205472e-10
  +1.41946152624346178647e-09+j3.53544307686658329567e-10
  +1.42144614593712881769e-09+j3.51404269758701016452e-10
  +1.42342344137796714967e-09+j3.49253378858216152044e-10
  +1.42539340191806043291e-09+j3.47091653073782369705e-10
  +1.42735601716283871439e-09+j3.44919109317595846631e-10
  +1.42931127653639213053e-09+j3.42735765074409860933e-10
  +1.43125916942380821789e-09+j3.40541637849360093099e-10
  +1.43280080520425449163e-09+j3.38744788844248046039e-10
  +1.43368762361010114146e-09+j3.37605115768157232416e-10
  +1.43457043618335043331e-09+j3.36459404668947513219e-10
  +1.43544926280694440547e-09+j3.35307665595653372527e-10
  +1.43632412304106749303e-09+j3.34149909443849397124e-10
  +1.43719504892228275190e-09+j3.32986251902839559012e-10
  +1.43806206385932299334e-09+j3.31816729403310121506e-10
  +1.43892517151643682396e-09+j3.30641222457003849313e-10
  +1.43978439097322067205e-09+j3.29459741968873386014e-10
  +1.44063974131790838586e-09+j3.28272298301484963335e-10
  +1.44166573236960057076e-09+j3.26802965244250638492e-10
  +1.44298294295353769317e-09+j3.24857427275133142455e-10
  +1.44429402128895822487e-09+j3.22904253634816850230e-10
  +1.44559897528960517210e-09+j3.20943460426596053443e-10
  +1.44689781290092633994e-09+j3.18975063295875803522e-10
  +1.44819054173307021787e-09+j3.16999079099691635116e-10
  +1.44947716977747978214e-09+j3.15015522656287115653e-10
  +1.45075770453181750548e-09+j3.13024410733586904862e-10
  +1.45203215379774921133e-09+j3.11025758402577383287e-10
  +1.45330055814745700071e-09+j3.09019725497205702536e-10
  +1.45464074949663979891e-09+j3.06990991575497108897e-10
  +1.45611202123244033397e-09+j3.04927031786205754869e-10
  +1.45757572395461444414e-09+j3.02854638859309698689e-10
  +1.45903185762586827793e-09+j3.00773834692069773480e-10
  +1.46048042243176967278e-09+j2.98684640142505680187e-10
  +1.46192141848243580698e-09+j2.96587076448400546960e-10
  +1.46335484599100217307e-09+j2.94481164359925129106e-10
  +1.46478070494362404232e-09+j2.92366925787233213763e-10
  +1.46619899545282031194e-09+j2.90244382056444459553e-10
  +1.46760971779806594598e-09+j2.88113553682656058633e-10
  +1.46907653296594077702e-09+j2.86182437735834248469e-10
  +1.47065456924296468833e-09+j2.84628474736141852534e-10
  +1.47222613992072276408e-09+j2.83065913540846819463e-10
  +1.47379128631061884700e-09+j2.81494885603386611332e-10
  +1.47534999353594962064e-09+j2.79915357616583507479e-10
  +1.47690224000806044916e-09+j2.78327277071262910463e-10
  +1.47844802706169575925e-09+j2.76730658788635381170e-10
  +1.47998735608718134487e-09+j2.75125517431594074326e-10
  +1.48152022830832140972e-09+j2.73511868705190897958e-10
  +1.48304664505841488236e-09+j2.71889727861654949445e-10
  +1.48440063502635686761e-09+j2.70181179880772384173e-10
  +1.48542656357103681574e-09+j2.68314205569104959094e-10
  +1.48644617151647938818e-09+j2.66440401004005135920e-10
  +1.48745946488244103478e-09+j2.64559780205182736801e-10
  +1.48846644967326452183e-09+j2.62672357032957996556e-10
  +1.48946713160526915353e-09+j2.60778146731472977907e-10
  +1.49046151697333785531e-09+j2.58877160983867132706e-10
  +1.49144963139447065109e-09+j2.56969457308363661087e-10
  +1.49243151545756799603e-09+j2.55055124699686694921e-10
  +1.49340712132033091562e-09+j2.53134059013925617646e-10
  +1.49434600231143967310e-09+j2.51666548487734038958e-10
  +1.49521969378344140039e-09+j2.51124859021920080814e-10
  +1.49609135540074386892e-09+j2.50575599972118502903e-10
  +1.49696099620063627604e-09+j2.50018769432217728640e-10
  +1.49782862581604300062e-09+j2.49454361446561498408e-10
  +1.49869425318669928087e-09+j2.48882373698376820799e-10
  +1.49955788726848588658e-09+j2.48302803304953685026e-10
  +1.50041953709163968001e-09+j2.47715646425300992083e-10
  +1.50127921154647661405e-09+j2.47120899587644155471e-10
  +1.50213691942748356086e-09+j2.46518559412133583755e-10
  +1.50307126055003880400e-09+j2.45141708898402540259e-10
  +1.50416463311234403616e-09+j2.42130815728123750625e-10
  +1.50524734692632767357e-09+j2.39113716959155484365e-10
  +1.50631938359958785065e-09+j2.36090419782848047216e-10
  +1.50738070537847168858e-09+j2.33060894571457603399e-10
  +1.50843130771086344897e-09+j2.30025169185672168072e-10
  +1.50947118578242700336e-09+j2.26983273352681789342e-10
  +1.51050033474886160559e-09+j2.23935237239700101854e-10
  +1.51151875023610855480e-09+j2.20881088084540287143e-10
  +1.51252642760093775455e-09+j2.17820855117999627515e-10
  +1.51365684777722357575e-09+j2.15099149183424850576e-10
  +1.51507494830149912193e-09+j2.13136750028635620926e-10
  +1.51648496724392677242e-09+j2.11167539350614784962e-10
  +1.51788690909305302195e-09+j2.09191529367342302952e-10
  +1.51928077812394807427e-09+j2.07208733932542523208e-10
  +1.52066657897493146812e-09+j2.05219164352731215330e-10
  +1.52204431607865214114e-09+j2.03222833510883158297e-10
  +1.52341404419303893061e-09+j2.01219824585553716907e-10
  +1.52477575436714954177e-09+j1.99210129501009486680e-10
  +1.52612941529549886053e-09+j1.97193710389029377473e-10
  +1.52703242540885531424e-09+j1.95469947766406773900e-10
  +1.52689943094022778324e-09+j1.94437766917877883281e-10
  +1.52676349493466448427e-09+j1.93400050290932567924e-10
  +1.52662462982403406977e-09+j1.92356802112590290760e-10
  +1.52648284841587464406e-09+j1.91308022748666378564e-10
  +1.52633816336280682440e-09+j1.90253712886081287105e-10
  +1.52619058673844051570e-09+j1.89193876946091324693e-10
  +1.52604013105503702017e-09+j1.88128514967420796608e-10
  +1.52588680853059827005e-09+j1.87057628420486251499e-10
  +1.52573063094400185979e-09+j1.85981221491974833754e-10
  +1.52583758088202180826e-09+j1.84685780136262940030e-10
  +1.52658934526886893347e-09+j1.82861897227598724998e-10
  +1.52733426483675385156e-09+j1.81031103636836134257e-10
  +1.52807238589016302626e-09+j1.79193459055266796645e-10
  +1.52880364382619094192e-09+j1.77348899030958014309e-10
  +1.52952804004749851658e-09+j1.75497433660069655553e-10
  +1.53024557584871832787e-09+j1.73639073888160505131e-10
  +1.53095625251118540468e-09+j1.71773830665106765308e-10
  +1.53166007138433655572e-09+j1.69901714220126509770e-10
  +1.53235703360526098672e-09+j1.68022736599876842048e-10
  +1.53292259694889004546e-09+j1.66072547553437265249e-10
  +1.53316179301660343021e-09+j1.63952054216895438582e-10
  +1.53339460655570727659e-09+j1.61827544273130594598e-10
  +1.53362104683991823296e-09+j1.59699025798211843859e-10
  +1.53384112279405850506e-09+j1.57566509652525535738e-10
  +1.53405484347131508125e-09+j1.55430004979305048919e-10
  +1.53426221806824023925e-09+j1.53289518937358473262e-10
  +1.53446325537848022893e-09+j1.51145062114324860789e-10
  +1.53465801547674957920e-09+j1.48996692131683075032e-10
  +1.53484649412944692516e-09+j1.46844403484233413478e-10
  +1.53530969357461160329e-09+j1.44796711420223339824e-10
  +1.53652430448341932949e-09+j1.43035457262252222772e-10
  +1.53773092555784864936e-09+j1.41266053757233790178e-10
  +1.53892955103524801145e-09+j1.39488511252416284690e-10
  +1.54012017519773866933e-09+j1.37702839936963549237e-10
  +1.54130279248836862395e-09+j1.35909048484757868295e-10
  +1.54247739706505216962e-09+j1.34107149073503364513e-10
  +1.54364398336104121411e-09+j1.32297151125191964684e-10
  +1.54480254582118721891e-09+j1.30479064230787811833e-10
  +1.54595307877246323834e-09+j1.28652899648901415113e-10
  +1.54671425474361098421e-09+j1.26815506946647812371e-10
  +1.54638433203628648304e-09+j1.24964534907308067669e-10
  +1.54604761113766591059e-09+j1.23111007433127790494e-10
  +1.54570410758477308194e-09+j1.21254937913820176944e-10
  +1.54535388645174900193e-09+j1.19396376139624285434e-10
  +1.54499695308461709494e-09+j1.17535322934638472607e-10
  +1.54463328438164787777e-09+j1.15671762200428326808e-10
  +1.54426289617222822387e-09+j1.13805701710602118719e-10
  +1.54388580388418066578e-09+j1.11937154038466743710e-10
  +1.54350202309494361572e-09+j1.10066129241768073857e-10
  +1.54340781232515353374e-09+j1.08071172525781794409e-10
  +1.54419276932483218195e-09+j1.05707414643126653851e-10
  +1.54496831749383346413e-09+j1.03337334792120382326e-10
  +1.54573445086452530314e-09+j1.00960945784978351070e-10
  +1.54649116318173233811e-09+j9.85782650669238202224e-11
  +1.54723844853589780872e-09+j9.61893050633395965947e-11
  +1.54797630069183868910e-09+j9.37940836147265147421e-11
  +1.54870471359744480734e-09+j9.13926160818162066885e-11
  +1.54942368133230431194e-09+j8.89849159044190283576e-11
  +1.55013319772133050291e-09+j8.65710011926879698261e-11
  +1.55049183279092989942e-09+j8.44227641952052512506e-11
  +1.54976451164390676085e-09+j8.31303544040269082917e-11
  +1.54903296841027360425e-09+j8.18352857408122136510e-11
  +1.54829721794256911204e-09+j8.05375629921087576469e-11
  +1.54755727521094960511e-09+j7.92371873638460688708e-11
  +1.54681315493234494908e-09+j7.79341637439410673482e-11
  +1.54606487184454257551e-09+j7.66284955330249649351e-11
  +1.54531244060309306701e-09+j7.53201864655053333169e-11
  +1.54455587591366195042e-09+j7.40092380953870539502e-11
  +1.54379519220229772022e-09+j7.26956564301459818798e-11
  +1.54329414959744018049e-09+j7.13447242923150003785e-11
  +1.54366911957358623757e-09+j6.98733942043985730991e-11
  +1.54403720176318253400e-09+j6.83966946740671891878e-11
  +1.54439839970532793805e-09+j6.69146323065840928323e-11
  +1.54475271716526339845e-09+j6.54272083548317555418e-11
  +1.54510015771227698068e-09+j6.39344280711512743482e-11
  +1.54544072500148666494e-09+j6.24362943177030767028e-11
  +1.54577446046744487561e-09+j6.09328330686010127091e-11
  +1.54610137372630262987e-09+j5.94240488993221977769e-11
  +1.54642142492363112964e-09+j5.79099227611430332960e-11
  +1.54651017286571367269e-09+j5.62574193977612337225e-11
  +1.54579760895660169646e-09+j5.41303738950985000150e-11
  +1.54507865911497633329e-09+j5.20010635742084776225e-11
  +1.54435333189137627820e-09+j4.98695001885679507674e-11
  +1.54362163592529109336e-09+j4.77356914260705055508e-11
  +1.54288357970441752865e-09+j4.55996484860554702357e-11
  +1.54213917179044798245e-09+j4.34613786139685395729e-11
  +1.54138842059699897695e-09+j4.13208925325689642146e-11
  +1.54063133451914536730e-09+j3.91782004727725091207e-11
  +1.53986792198626436148e-09+j3.70333094601356212907e-11
  +1.53923365279017532531e-09+j3.49397110331814703187e-11
  +1.53910144761796658051e-09+j3.30438363356378272072e-11
  +1.53896198897100882648e-09+j3.11440884246107072427e-11
  +1.53881528153386244577e-09+j2.92404705701260757675e-11
  +1.53866135817671380983e-09+j2.73330057061655498468e-11
  +1.53850024369862276465e-09+j2.54217086623079664310e-11
  +1.53833189445882438986e-09+j2.35065655989727866355e-11
  +1.53815631502674317813e-09+j2.15875812478466690333e-11
  +1.53797350985725378979e-09+j1.96647663790518012035e-11
  +1.53778348347884603056e-09+j1.77381261761094946503e-11
  +1.53757440785827356926e-09+j1.57385171020078054547e-11
  +1.53731000983393292669e-09+j1.34601357176502607399e-11
  +1.53703701044740050405e-09+j1.11801098178836504914e-11
  +1.53675542092564306786e-09+j8.89845091737770800951e-12
  +1.53646525250524294567e-09+j6.61516717015384117039e-12
  +1.53616651638706997606e-09+j4.33027218924548714128e-12
  +1.53585922378348911979e-09+j2.04377426756929794860e-12
  +1.53554338588305990676e-09-j2.44316463809023255848e-13
  +1.53521901387220980886e-09-j2.53398913892531791917e-12
  +1.53488611891744985675e-09-j4.82523452817041427311e-12
  +1.53462741178547198388e-09-j6.91553012881339328808e-12
  +1.53471341483133516436e-09-j8.14749050205725426156e-12
  +1.53479280706630380408e-09-j9.38497275007320277542e-12
  +1.53486553188601898398e-09-j1.06279960228547334136e-11
  +1.53493158199059587504e-09-j1.18765636387151777098e-11
  +1.53499095733372994056e-09-j1.31306724050436526025e-11
  +1.53504365779147271523e-09-j1.43903254769691369192e-11
  +1.53508968327609238931e-09-j1.56555183662963985164e-11
  +1.53512903361326230307e-09-j1.69262525821546332464e-11
  +1.53516170862794214670e-09-j1.82025270797978397224e-11
  +1.53510537232603678218e-09-j1.95821666767770291746e-11
  +1.53466758635220303617e-09-j2.14108740438883460975e-11
  +1.53422288051325389646e-09-j2.32424522397300428462e-11
  +1.53377125976047889041e-09-j2.50768991415152342684e-11
  +1.53331272907977181912e-09-j2.69142084643969317400e-11
  +1.53284729338866538271e-09-j2.87543767448530809334e-11
  +1.53237495758397905842e-09-j3.05973999694208788617e-11
  +1.53189572652554390839e-09-j3.24432743254907788425e-11
  +1.53140960504769005046e-09-j3.42919960602463692811e-11
  +1.53091660079069644149e-09-j3.61435584578117594527e-11
  +1.53036588201356441618e-09-j3.79402143873636929748e-11
  +1.52956083793720930905e-09-j3.94581871408659880228e-11
  +1.52875019805053421350e-09-j4.09789985204692407054e-11
  +1.52793396745228435441e-09-j4.25026440718945287711e-11
  +1.52711215118310068853e-09-j4.40291201272277498365e-11
  +1.52628475422072432481e-09-j4.55584241654309756013e-11
  +1.52545178147277730570e-09-j4.70905547285082202163e-11
  +1.52461323796902274928e-09-j4.86255051411437932946e-11
  +1.52376912853402797421e-09-j5.01632743585268970961e-11
  +1.52291945806548823518e-09-j5.17038580459623721545e-11
  +1.52201372479538089875e-09-j5.32887359738886269909e-11
  +1.52083710184410384177e-09-j5.50934172389461598497e-11
  +1.51965408022809194948e-09-j5.68999907944183918470e-11
  +1.51846466519871478236e-09-j5.87084482210485922475e-11
  +1.51726886214141650444e-09-j6.05187772526975377287e-11
  +1.51606667640860823561e-09-j6.23309659850335964394e-11
  +1.51485811324245756560e-09-j6.41450048798515748419e-11
  +1.51364317797070784765e-09-j6.59608820022630396250e-11
  +1.51242192261489649093e-09-j6.77785798818182810557e-11
  +1.51119431796509954721e-09-j6.95980922575854461874e-11
  +1.51007445253948409178e-09-j7.13716463013109570798e-11
  +1.50959262779448738785e-09-j7.28765973546904113126e-11
  +1.50910204856994608810e-09-j7.43832339311601151410e-11
  +1.50860272682626464035e-09-j7.58915521187425782856e-11
  +1.50809467458384869252e-09-j7.74015466130058835184e-11
  +1.50757790390236043682e-09-j7.89132114346976687678e-11
  +1.50705242676425116593e-09-j8.04265422371753461536e-11
  +1.50651825508800815693e-09-j8.19415357273269016614e-11
  +1.50597540103299409485e-09-j8.34581842777815965190e-11
  +1.50542387651349707438e-09-j8.49764847522789812774e-11
  +1.50474290451312886589e-09-j8.65535810809095150671e-11
  +1.50331302210965535504e-09-j8.84824348112479221862e-11
  +1.50187601409980448514e-09-j9.04119919442259520332e-11
  +1.50043188600096958323e-09-j9.23422411117399344790e-11
  +1.49898064330088603584e-09-j9.42731713454066125781e-11
  +1.49752229128647045630e-09-j9.62047745555971107828e-11
  +1.49605684295632953745e-09-j9.81370385198617337632e-11
  +1.49458434067131674865e-09-j1.00069949748196185641e-10
  +1.49310474547449260205e-09-j1.02003501892356507413e-10
  +1.49161806279520139117e-09-j1.03937683749429814863e-10
  +1.49028082852150639218e-09-j1.05757548689461527048e-10
  +1.48998242223422960371e-09-j1.06811949041086330531e-10
  +1.48967616082677263152e-09-j1.07870913843166551748e-10
  +1.48936204763231744976e-09-j1.08934442040709200282e-10
  +1.48904008592483995983e-09-j1.10002533356572129412e-10
  +1.48871027937316204313e-09-j1.11075182320263475972e-10
  +1.48837263133239133670e-09-j1.12152387792543623142e-10
  +1.48802714523028488962e-09-j1.13234147731747702033e-10
  +1.48767382451665983073e-09-j1.14320459952111354007e-10
  +1.48731267264338717832e-09-j1.15411322261192559365e-10
  +1.48680930012015371385e-09-j1.16542963543625169899e-10
  +1.48531535513650701433e-09-j1.17942755957799464860e-10
  +1.48381658986920915778e-09-j1.19343906190967534611e-10
  +1.48231300899972997319e-09-j1.20746413352236394839e-10
  +1.48080461726210537670e-09-j1.22150275472230842682e-10
  +1.47929142313732781932e-09-j1.23555490866835578659e-10
  +1.47777346831343405428e-09-j1.24962059618717378826e-10
  +1.47625071653608817535e-09-j1.26369979391914884613e-10
  +1.47472317227365016158e-09-j1.27779249514186503057e-10
  +1.47319084003184229272e-09-j1.29189868538360210355e-10
  +1.47166936233553762358e-09-j1.30633026551755932802e-10
  +1.47026874138551108808e-09-j1.32329218255761994396e-10
  +1.46886199934221754891e-09-j1.34026018602757610595e-10
  +1.46744914021289626045e-09-j1.35723423739175745347e-10
  +1.46603016789651990865e-09-j1.37421430662050973812e-10
  +1.46460508626586395584e-09-j1.39120036347502195769e-10
  +1.46317389916212438334e-09-j1.40819237707290402320e-10
  +1.46173661032793818887e-09-j1.42519032381934646643e-10
  +1.46029322362828900020e-09-j1.44219416417610086927e-10
  +1.45884374284275115172e-09-j1.45920386415935597678e-10
  +1.45741846984695103834e-09-j1.47622639759434502372e-10
  +1.45625853105276678759e-09-j1.49331882732931088478e-10
  +1.45509076627351360522e-09-j1.51041900565900482111e-10
  +1.45391518060686510365e-09-j1.52752687854607074348e-10
  +1.45273177903437631485e-09-j1.54464240152006503348e-10
  +1.45154058901326666572e-09-j1.56176556242774226520e-10
  +1.45034160775395536042e-09-j1.57889629884204734103e-10
  +1.44913482563086772662e-09-j1.59603454432810765804e-10
  +1.44792024752457782790e-09-j1.61318025853214864340e-10
  +1.44669787854203776159e-09-j1.63033337992256897336e-10
  +1.44548925970074337478e-09-j1.64693128675370169253e-10
  +1.44449097050960573200e-09-j1.65786566498597149000e-10
  +1.44348599492159257477e-09-j1.66882795138469091917e-10
  +1.44247433402315104377e-09-j1.67981814007127710117e-10
  +1.44145598898373337257e-09-j1.69083621607448395636e-10
  +1.44043096086874839696e-09-j1.70188217234708835345e-10
  +1.43939925104152997353e-09-j1.71295597427044324977e-10
  +1.43836086026896014330e-09-j1.72405763610545311546e-10
  +1.43731578979753929164e-09-j1.73518713033160467940e-10
  +1.43626404081309741465e-09-j1.74634443275959247466e-10
  +1.43517555996882115562e-09-j1.75809524884944284009e-10
  +1.43373473470224938033e-09-j1.77634856605149332108e-10
  +1.43228646109360036298e-09-j1.79458535393150732268e-10
  +1.43083074424967999672e-09-j1.81280557200529826915e-10
  +1.42936758875118745278e-09-j1.83100921915520143031e-10
  +1.42789702022461382545e-09-j1.84919631467634584471e-10
  +1.42641903166018617209e-09-j1.86736680943356051075e-10
  +1.42493361877766213535e-09-j1.88552067040836144468e-10
  +1.42344078639714846243e-09-j1.90365786736010052786e-10
  +1.42194053908440172042e-09-j1.92177838722038028819e-10
  +1.42042015098466255427e-09-j1.93927123272792452470e-10
  +1.41872414991043507245e-09-j1.94865583944337186177e-10
  +1.41702214431983903133e-09-j1.95805506376384340182e-10
  +1.41531413800072491413e-09-j1.96746885934776981235e-10
  +1.41360013429930837311e-09-j1.97689721072753279818e-10
  +1.41188013636081816283e-09-j1.98634011497890336185e-10
  +1.41015414797701050656e-09-j1.99579752166842493946e-10
  +1.40842217236367659426e-09-j2.00526942043477424156e-10
  +1.40668421298476841704e-09-j2.01475578167783433424e-10
  +1.40494027305208912034e-09-j2.02425659214997735223e-10
  +1.40321872262412329584e-09-j2.03398600116930028131e-10
  +1.40193402159728582099e-09-j2.04708087958668438855e-10
  +1.40064124709993808664e-09-j2.06018852416729107235e-10
  +1.39934040137751128961e-09-j2.07330889290834052924e-10
  +1.39803148653647255855e-09-j2.08644195241472723871e-10
  +1.39671451238396870731e-09-j2.09958770415652537418e-10
  +1.39538948716829015057e-09-j2.11274615470028031106e-10
  +1.39405639887649096199e-09-j2.12591721246373642940e-10
  +1.39271524954196823682e-09-j2.13910084581968488426e-10
  +1.39136604101084703403e-09-j2.15229703421531530310e-10
  +1.38999309096041251283e-09-j2.16537167155368645211e-10
  +1.38831538653849331821e-09-j2.17591425151082222388e-10
  +1.38663151238812843811e-09-j2.18646968069425239865e-10
  +1.38494147003848303719e-09-j2.19703793898436522660e-10
  +1.38324526085767104202e-09-j2.20761901521004724411e-10
  +1.38154288657552480960e-09-j2.21821287380549910486e-10
  +1.37983434860974071320e-09-j2.22881949750093755478e-10
  +1.37811964825501026705e-09-j2.23943887542394275698e-10
  +1.37639878679212586956e-09-j2.25007099570770797300e-10
  +1.37467176608926128570e-09-j2.26071580914059607447e-10
  +1.37292251389281625422e-09-j2.27142360533340205430e-10
  +1.37078247471974030928e-09-j2.28333941472900314693e-10
  +1.36863768307933114826e-09-j2.29524780562009455312e-10
  +1.36648814231997618610e-09-j2.30714878077611108490e-10
  +1.36433385607027936924e-09-j2.31904232419915764920e-10
  +1.36217482756002716320e-09-j2.33092844207671790187e-10
  +1.36001106841170688028e-09-j2.34280716824514522895e-10
  +1.35784257998012145664e-09-j2.35467849832787922521e-10
  +1.35566935935664122869e-09-j2.36654238801759939097e-10
  +1.35349140946184303640e-09-j2.37839885385146803646e-10
  +1.35132681838826403860e-09-j2.39013483326623546121e-10
  +1.34974050302273745926e-09-j2.39822563593267756707e-10
  +1.34814728021879818895e-09-j2.40633449178408532050e-10
  +1.34654715095792249425e-09-j2.41446138704189515728e-10
  +1.34494011644206005348e-09-j2.42260629509526526392e-10
  +1.34332617777698777065e-09-j2.43076919382241596538e-10
  +1.34170533572280935527e-09-j2.43895007945297944746e-10
  +1.34007759130267918946e-09-j2.44714893297362616833e-10
  +1.33844294541191833630e-09-j2.45536574154016854584e-10
  +1.33680139910413073023e-09-j2.46360048298046608130e-10
  +1.33515418078673261238e-09-j2.47184064011920124882e-10
  +1.33355972467476562100e-09-j2.47948238920944363620e-10
  +1.33195753119353950357e-09-j2.48713383001937316277e-10
  +1.33034760122180069163e-09-j2.49479493361299501197e-10
  +1.32872993574814933801e-09-j2.50246566471141278005e-10
  +1.32710453528582102748e-09-j2.51014601298163669846e-10
  +1.32547140091751122304e-09-j2.51783593699496116560e-10
  +1.32383053570551968697e-09-j2.52553542898924377145e-10
  +1.32218194306844182267e-09-j2.53324448741628623565e-10
  +1.32052561884586561941e-09-j2.54096304376723867161e-10
  +1.31885713592317191382e-09-j2.54875373111438535479e-10
  +1.31674378338308994716e-09-j2.56273649780288639147e-10
  +1.31462420555998325443e-09-j2.57670195714089244927e-10
  +1.31249840204625734803e-09-j2.59065006740717325776e-10
  +1.31036637226889733426e-09-j2.60458079372444152531e-10
  +1.30822811606629135339e-09-j2.61849407912195346634e-10
  +1.30608363289167198655e-09-j2.63238988531364408910e-10
  +1.30393292200348980575e-09-j2.64626818185963753193e-10
  +1.30177598312684043341e-09-j2.66012891400268552042e-10
  +1.29961281555573286812e-09-j2.67397204726256503452e-10
  +1.29744341880379111357e-09-j2.68779753493892930028e-10
</dep>
<dep S[1,1] frequency>
  +1.26310869043414109036e+00-j8.99995256697732753937e-02
  +1.39845704997092301625e+00-j2.89640553608949802289e-01
  +1.45525994429224403426e+00-j5.72509399276132757706e-01
  +1.37564588334742943232e+00-j8.91230771873618432544e-01
  +1.15076979037432103326e+00-j1.15333073485245174439e+00
  +8.49079064828534346709e-01-j1.28625973447041652697e+00
  +5.58717231552229298686e-01-j1.29169588938383772536e+00
  +3.26592718813301541303e-01-j1.21812937286666755909e+00
  +1.58071793107692870617e-01-j1.11136266604694378124e+00
  +4.06590233270779574659e-02-j9.98045996167996496418e-01
  -3.93212598198681498318e-02-j8.91652088004090015438e-01
  -9.41338250781151436586e-02-j7.96861575780268949210e-01
  -1.31718476619211682932e-01-j7.14368744415998846442e-01
  -1.58347388305442537959e-01-j6.43095338610170097482e-01
  -1.77331713281773578617e-01-j5.81524526401226427019e-01
  -1.91485127431384433150e-01-j5.28399767501307460194e-01
  -2.02094450756479721010e-01-j4.82375686526853475478e-01
  -2.10597702733245101259e-01-j4.42476137245820022592e-01
  -2.16855777708105768031e-01-j4.07897716394723330868e-01
  -2.22326630178167200524e-01-j3.77720289526295494031e-01
  -2.19955736370048421380e-01-j3.49717940112839520417e-01
  -2.17760197532842147972e-01-j3.23656595551033321456e-01
  -2.15673859533151573986e-01-j2.99407410516223104757e-01
  -2.13942317094676898170e-01-j2.76673030167259192957e-01
  -2.12314939758592863273e-01-j2.55295478689441190934e-01
  -2.11033998775391667957e-01-j2.35096723088407733027e-01
  -2.09793763995682974732e-01-j2.15881194303395002043e-01
  -2.08885634662001107298e-01-j1.97622569856192364934e-01
  -2.08113644482428833404e-01-j1.80353283443727419044e-01
  -2.07654961296726586761e-01-j1.63874628746175310390e-01
  -2.07215563892641813082e-01-j1.46285124027491608700e-01
  -2.06824850675717930581e-01-j1.29087808909907841848e-01
  -2.06575886582512385781e-01-j1.12103768392277369781e-01
  -2.06379550593155186577e-01-j9.54961301226448927570e-02
  -2.05987991958332117282e-01-j7.92794502836513398369e-02
  -2.05639981679955230476e-01-j6.33925934421193937318e-02
  -2.05099033695121280019e-01-j4.78564696221938090659e-02
  -2.04603201225940029007e-01-j3.26107112001573148929e-02
  -2.03598171489121376743e-01-j1.78941502160910037578e-02
  -2.02634073149228016719e-01-j3.44059787891873736926e-03
  -1.93378533861339352296e-01+j1.13051792874392011828e-02
  -1.83842221858451365657e-01+j2.57454028236170952282e-02
  -1.74083398780811887674e-01+j3.98270399480742873233e-02
  -1.64371746664393331150e-01+j5.36036463863668183327e-02
  -1.54250336816005778617e-01+j6.67289708366995970579e-02
  -1.44176610968321405881e-01+j7.95596563389519423337e-02
  -1.34085243579522284119e-01+j9.23349390857347573913e-02
  -1.24047778235415906423e-01+j1.04860032878444239812e-01
  -1.13755138046395712359e-01+j1.17068627467428618139e-01
  -1.03503607002188927066e-01+j1.29030169679599987509e-01
  -1.01486135084598388945e-01+j1.31741620551518834326e-01
  -1.00053654720500997954e-01+j1.34107765434123393788e-01
  -9.84092507225426682549e-02+j1.36555078152810510650e-01
  -9.69059994466615198805e-02+j1.39135968855789798893e-01
  -9.55212104221853930408e-02+j1.41946851307125171404e-01
  -9.42912111317162765500e-02+j1.44896029291191219546e-01
  -9.26103683536664418208e-02+j1.47681363409431332112e-01
  -9.10433963650798400158e-02+j1.50598489763763276894e-01
  -8.92809868664672934280e-02+j1.53548945946695297726e-01
  -8.76413110786410792796e-02+j1.56648447070236479517e-01
  -8.19141992671730961861e-02+j1.66375834995785315540e-01
  -7.58602299761971660130e-02+j1.76508932009905139537e-01
  -6.90985251487388901781e-02+j1.86294931138392100278e-01
  -6.22225414810608223881e-02+j1.96056175984617941932e-01
  -5.49204722507942721954e-02+j2.05624201987826493720e-01
  -4.75176991683084956608e-02+j2.15178266316184252371e-01
  -3.96003007598734121930e-02+j2.24553074695469173649e-01
  -3.15702653345435249599e-02+j2.33916083928646323375e-01
  -2.29321080485401611326e-02+j2.43098771020072990101e-01
  -1.41677562666027521271e-02+j2.52270320813411441652e-01
  -3.52205270303170177304e-03+j2.57929987208519506670e-01
  +7.22831304780569526558e-03+j2.63301351093690794158e-01
  +1.83833305874008638703e-02+j2.68339647655223390021e-01
  +2.95420955274871381568e-02+j2.73329129844922025239e-01
  +4.13572012239210584639e-02+j2.77712106794829438616e-01
  +5.31986838375492696041e-02+j2.82028634381645160190e-01
  +6.55106793893070193935e-02+j2.86248691960130419165e-01
  +7.78372517500890287456e-02+j2.90441898222651206929e-01
  +9.07780469500786557635e-02+j2.93904687787939600252e-01
  +1.03749520402079561943e-01+j2.97290912236148174852e-01
  +1.16826508741541559844e-01+j2.99774042184276834355e-01
  +1.29885612766176855581e-01+j3.02195030217469129408e-01
  +1.43476705070266719044e-01+j3.04065215932991184111e-01
  +1.57092350519667356412e-01+j3.05903381628170267792e-01
  +1.71446231054922959558e-01+j3.06847137239879719228e-01
  +1.85850020358340167759e-01+j3.07731137332766135906e-01
  +2.00955444951719464086e-01+j3.07900249744554155296e-01
  +2.16113729662568948564e-01+j3.08026514579517352033e-01
  +2.31927869367510031129e-01+j3.07323094055950873926e-01
  +2.47797888441582708774e-01+j3.06565769400273802070e-01
  +2.65160280481849808254e-01+j3.04377652643339491334e-01
  +2.82660668384036639633e-01+j3.02035718290862509328e-01
  +3.00880077230205489336e-01+j2.98521647228891406911e-01
  +3.19167962085252387983e-01+j2.94879577073758614159e-01
  +3.38236962312635669470e-01+j2.89578756566213790791e-01
  +3.57389458870157772363e-01+j2.84098874027459646907e-01
  +3.77029351026365810995e-01+j2.76515132896434201459e-01
  +3.96734270550940404387e-01+j2.68700443433063040910e-01
  +4.17122395174490068204e-01+j2.58993271615207354408e-01
  +4.37606357918108146432e-01+j2.49070558953666726376e-01
  +4.58170155127195610767e-01+j2.36950230663555749810e-01
  +4.78831776109810369757e-01+j2.24599225223246268257e-01
  +4.99591357593079321564e-01+j2.09266766621206523613e-01
  +5.20471331855244412345e-01+j1.93594793070004267399e-01
  +5.41118129447316631442e-01+j1.74553233215402503475e-01
  +5.61873559764392349614e-01+j1.55098550534780138532e-01
  +5.81431313492876244986e-01+j1.31264627158390101425e-01
  +6.01015512794451645107e-01+j1.06847310143105708735e-01
  +6.18496423399496841888e-01+j7.78608740633813106724e-02
  +6.35914468657477471858e-01+j4.81944728734644625701e-02
  +6.47821133779750368831e-01+j1.29787203736972354962e-02
  +6.59228340657843969730e-01-j2.29015582731278317941e-02
  +6.64668349023843418877e-01-j6.31879260864027930689e-02
  +6.69530851318845932063e-01-j1.04138290167929289942e-01
  +6.66011464537581754364e-01-j1.48119972343479927579e-01
  +6.61498402620603997981e-01-j1.92722256051940626920e-01
  +6.46416480362353218503e-01-j2.37248274489581245650e-01
  +6.29845157389378851320e-01-j2.82047690169489218004e-01
  +6.04559579791546508609e-01-j3.24074470265794500889e-01
  +5.73017327235431639387e-01-j3.62065855764493793600e-01
  +5.35724447409818393950e-01-j3.95977393147088740921e-01
  +4.94265632073797589463e-01-j4.23022032257575897329e-01
  +4.50212181033091074500e-01-j4.42100135811668348840e-01
  +4.05492786941287486346e-01-j4.52608990906463004578e-01
  +3.62526036111148641794e-01-j4.55292471002403165148e-01
  +3.22978011606563863989e-01-j4.51365247995247131918e-01
  +2.87781277354433595583e-01-j4.41769318780106945432e-01
  +2.57806354598029585645e-01-j4.28416713972322393822e-01
  +2.33159707047988412620e-01-j4.12850492980551875277e-01
  +2.13488548916151626988e-01-j3.96281135519819471824e-01
  +1.98984629134970975040e-01-j3.79970729095639947470e-01
  +1.88101042285306496726e-01-j3.64680480391503303306e-01
  +1.80089662062494187955e-01-j3.50868219632276379105e-01
  +1.74207047451348656653e-01-j3.38664521288213227201e-01
  +1.70017168052968237202e-01-j3.27979218462453370186e-01
  +1.66948591891049408220e-01-j3.18810533099868287366e-01
  +1.64608751042187778646e-01-j3.11155309259530998833e-01
  +1.62830981834300891897e-01-j3.04753907182340133541e-01
  +1.61339513480028895476e-01-j2.99334934073551550693e-01
  +1.59898476122590282866e-01-j2.94868392353810959694e-01
  +1.58274605161332154735e-01-j2.91030173678733294906e-01
  +1.56730265789623651740e-01-j2.87635248735688020538e-01
  +1.55044025489450287836e-01-j2.84693470860449437954e-01
  +1.53347104922514410053e-01-j2.82155310322263763734e-01
  +1.51650600552568348700e-01-j2.79874039088890691485e-01
  +1.50013724359443406664e-01-j2.77751713280798562256e-01
  +1.48397166073529734875e-01-j2.75913538516039280601e-01
  +1.46893332673013993217e-01-j2.74231119786419952344e-01
  +1.45499179619959478904e-01-j2.72797360252156173566e-01
  +1.44326569005156973846e-01-j2.71410773589026266261e-01
  +1.43472519919271707112e-01-j2.70295199482381620637e-01
  +1.42743469932766153807e-01-j2.69558449307710723541e-01
  +1.42178307172716650308e-01-j2.69049291557770298144e-01
  +1.41729396152294073730e-01-j2.68833179937492228184e-01
  +1.41284465105847689692e-01-j2.68887165394748384184e-01
  +1.40872954206466921567e-01-j2.69234150699547758467e-01
  +1.40364616001286635072e-01-j2.69872945263553876138e-01
  +1.39850387898555417188e-01-j2.70835736441887409143e-01
  +1.39244897161591746348e-01-j2.72134068177411814204e-01
  +1.38475200991393265770e-01-j2.73615664073595721284e-01
  +1.37534900540061899576e-01-j2.75405269986686740413e-01
  +1.36312062438973785605e-01-j2.77385388267754440239e-01
  +1.34908477808062393644e-01-j2.79566758507358348318e-01
  +1.33186008988321197277e-01-j2.81870037331119871471e-01
  +1.31161123317491412621e-01-j2.84340319542151886978e-01
  +1.28732287284767488167e-01-j2.86813768033269966828e-01
  +1.25945785542338345442e-01-j2.89264925034782183211e-01
  +1.22990579599587770976e-01-j2.91759918149607611060e-01
  +1.19563941665745951393e-01-j2.93973675792804534090e-01
  +1.15783326884136852919e-01-j2.96140543368579867156e-01
  +1.11793392962897586429e-01-j2.98027501872194289234e-01
  +1.07603296048667598783e-01-j2.99662103743282781654e-01
  +1.03172396923841169780e-01-j3.01068230820520366109e-01
  +9.86412570589114273689e-02-j3.02035448706176601341e-01
  +9.38240104116112583199e-02-j3.02716773580926801213e-01
  +8.90238882262392172695e-02-j3.03035993825891802889e-01
  +8.41083624658368333993e-02-j3.02976038554357118837e-01
  +7.92404700940606554482e-02-j3.02597172230089528355e-01
  +7.43629658343791383190e-02-j3.01734950832750814520e-01
  +6.96957695325104570339e-02-j3.00460497769025836057e-01
  +6.48256010458845705058e-02-j2.98796064632917302006e-01
  +5.99599526313703903857e-02-j2.96679628709710208057e-01
  +5.52999646233788277883e-02-j2.94160524951111668202e-01
  +5.09979896233309221154e-02-j2.91243988634353856426e-01
  +4.69727264374502628819e-02-j2.87998281696619562453e-01
  +4.33225188793499582651e-02-j2.84409584306616058935e-01
  +4.01041344514683970046e-02-j2.80521576538125483324e-01
  +3.73613945340701275599e-02-j2.76337781742316490607e-01
  +3.50394543767652485999e-02-j2.72034891180069682282e-01
  +3.32518300247026943328e-02-j2.67542017922221708748e-01
  +3.24409470302744057379e-02-j2.63161709397521426101e-01
  +3.22603682710142572465e-02-j2.58830205409189162413e-01
  +3.25188777862746442038e-02-j2.54545733839421584044e-01
  +3.32920282409927409395e-02-j2.50375678698903481045e-01
  +3.46592719969768051080e-02-j2.46380582321895219566e-01
  +3.64607501179069481978e-02-j2.42525122127423636842e-01
  +3.86964337398354174535e-02-j2.38914328181771662418e-01
  +4.13277207857386183476e-02-j2.35674820117102307160e-01
  +4.43771445373659090272e-02-j2.32719941569680288662e-01
  +4.78965445701519318411e-02-j2.30188041888725380968e-01
  +5.17026924314960903417e-02-j2.27710298122018428568e-01
  +5.58117494325268970190e-02-j2.25650421308182635993e-01
  +6.02705750309705037826e-02-j2.24173600325714816872e-01
  +6.48683826063231605552e-02-j2.23209487847693788254e-01
  +6.97187865969120246223e-02-j2.22813063701820690543e-01
  +7.45841576316817050918e-02-j2.23006518153484351030e-01
  +7.95580092130231258940e-02-j2.23730434357258700651e-01
  +8.44689397657764490246e-02-j2.25092585969429298531e-01
  +8.93706019313466881737e-02-j2.27011551008151124531e-01
  +9.40686144328534562531e-02-j2.29507009906016967715e-01
  +9.84449943214447953377e-02-j2.32574496937638430794e-01
  +1.02614456125254951968e-01-j2.36143301799273952479e-01
  +1.06487812038908502554e-01-j2.40118308388534762443e-01
  +1.09932060419338034629e-01-j2.44508463507461970554e-01
  +1.13040981598335615876e-01-j2.49331263993365498388e-01
  +1.15802111957876222026e-01-j2.54385832870534678296e-01
  +1.18074844791861921500e-01-j2.59798585364785949992e-01
  +1.19865626972911046288e-01-j2.65259060034982729892e-01
  +1.21190883262081508520e-01-j2.70864405537362185061e-01
  +1.22140881586169647299e-01-j2.76505271721585010880e-01
  +1.22604328856695962702e-01-j2.82234951081688778540e-01
  +1.22689304858268288800e-01-j2.87921267481566545143e-01
  +1.22346073208333960824e-01-j2.93450438502651567152e-01
  +1.21579169988565521932e-01-j2.98845689820308624274e-01
  +1.20517414197211597537e-01-j3.03948313081680410175e-01
  +1.19123549440622325535e-01-j3.08719496239810597960e-01
  +1.17512806769735592138e-01-j3.13140419976390915746e-01
  +1.15665256658842821591e-01-j3.17089882799438282923e-01
  +1.13797430884003139551e-01-j3.20695385665987597879e-01
  +1.11920387181457151038e-01-j3.23837055473700063946e-01
  +1.10258206158306490408e-01-j3.26341078278709784133e-01
  +1.08899906975075996818e-01-j3.28347800173954096348e-01
  +1.07837231214829562531e-01-j3.29915514510890184319e-01
  +1.07208336662085332303e-01-j3.31093903820077417599e-01
  +1.07128371583284462409e-01-j3.31978626949622379616e-01
  +1.07678011513709037672e-01-j3.32600445847992309822e-01
  +1.08952993261816247217e-01-j3.33178402210892399271e-01
  +1.11081113293778191431e-01-j3.33698008303686510789e-01
  +1.14057715948024718244e-01-j3.34366808625831790636e-01
  +1.17943876080380732896e-01-j3.35324380884807649039e-01
  +1.22693551111800122633e-01-j3.36998513235034935498e-01
  +1.28282727048602884778e-01-j3.39485778328531162540e-01
  +1.34779830406160844314e-01-j3.42983762309999440365e-01
  +1.41949358543585812953e-01-j3.47542126786464622423e-01
  +1.49728929872257943146e-01-j3.53558169422708179486e-01
  +1.58060964800529946128e-01-j3.61262530916997504082e-01
  +1.66477452192546560017e-01-j3.70738544982468776201e-01
  +1.74800450906012150298e-01-j3.82116556545687713342e-01
  +1.82743881759406978649e-01-j3.95543102963372639191e-01
  +1.89787486955426160096e-01-j4.10954894883172772158e-01
  +1.95760530989403797042e-01-j4.27633308805372036598e-01
  +2.00258968344486587565e-01-j4.45884686457185763775e-01
  +2.03066548505897809251e-01-j4.65679746384581316754e-01
  +2.03770461929973417670e-01-j4.86649498363476540330e-01
  +2.02108116022633871323e-01-j5.08404341417133531777e-01
  +1.98133206825677171681e-01-j5.30706727454900661911e-01
  +1.91635938606643407844e-01-j5.53023912817042995194e-01
  +1.82657475138778085944e-01-j5.75088614641555029294e-01
  +1.71428303445995355858e-01-j5.96504788106743566445e-01
  +1.58087203400509829221e-01-j6.17197520918826847414e-01
  +1.42979581704409303144e-01-j6.36920852031915063485e-01
  +1.26273482949611409731e-01-j6.55726309523386619027e-01
  +1.07996751479637262405e-01-j6.72814859690015754090e-01
  +8.84541218336064305472e-02-j6.88397347230390033168e-01
  +6.78891283956961494317e-02-j7.02179786894259305718e-01
  +4.65869157085907412141e-02-j7.14253256252912471780e-01
  +2.46534724394237535205e-02-j7.23797772390667892850e-01
  +2.48300744410299978338e-03-j7.32600860622347083151e-01
  -1.97598680572112668508e-02-j7.39159885141930539376e-01
  -4.20933835250554000407e-02-j7.44900477743334343828e-01
  -6.44972187114272177411e-02-j7.48315082119789698467e-01
  -8.69591307865542756383e-02-j7.50813846260054207349e-01
  -1.08768119790177114625e-01-j7.51343860120352480259e-01
  -1.30360105152327848677e-01-j7.51086806035860310438e-01
  -1.51111053951563739650e-01-j7.49423572533169712884e-01
  -1.71566117064346740362e-01-j7.47181022108643899671e-01
  -1.91164239312803629911e-01-j7.43640721715894237320e-01
  -2.10446813414356226346e-01-j7.39553307752858324342e-01
  -2.28747752770728229876e-01-j7.34567761183082312826e-01
  -2.46672078610421591227e-01-j7.29183417817132584204e-01
  -2.63637724779896331917e-01-j7.22861694202101223716e-01
  -2.80229833073185552461e-01-j7.16130663037921499914e-01
  -2.95941118895497456975e-01-j7.08924626092619414308e-01
  -3.11298557637336381632e-01-j7.01487156201089367968e-01
  -3.25860360621012368210e-01-j6.93619705414045939484e-01
  -3.40092676817232764108e-01-j6.85539297457298468785e-01
  -3.53513610415300383316e-01-j6.77111355606303533250e-01
  -3.66602477002184123922e-01-j6.68508113018284610973e-01
  -3.78913517660516729890e-01-j6.59638890859846060977e-01
  -3.90892086712232356138e-01-j6.50627523427332099537e-01
  -4.01679418913411856451e-01-j6.41494743633968411700e-01
  -4.11958111950672223323e-01-j6.32302121349656576221e-01
  -4.21634503309805785953e-01-j6.23183152229988102100e-01
  -4.31046035070558053448e-01-j6.14077594501220680456e-01
  -4.39829364274904044407e-01-j6.04798265277319280209e-01
  -4.48329296815164479728e-01-j5.95434531562368030144e-01
  -4.56531932170613330424e-01-j5.86319795873836646649e-01
  -4.64589241124749474654e-01-j5.77297577814958162712e-01
  -4.71867949930906860345e-01-j5.68051564202521563907e-01
  -4.78797711294907890611e-01-j5.58723683462786113729e-01
  -4.85712333986679956066e-01-j5.49956267691890876570e-01
  -4.92625466212673002175e-01-j5.41400795625833763935e-01
  -4.99532064118296925681e-01-j5.32807388672539072871e-01
  -5.06431853819520716442e-01-j5.24175772225501157564e-01
  -5.13324560183242795119e-01-j5.15505671476447324686e-01
  -5.19461574302353179533e-01-j5.07050058152073490625e-01
  -5.25254814830165450701e-01-j4.98668474413241025189e-01
  -5.31038188794796583991e-01-j4.90251894725907022554e-01
  -5.36811407900935622095e-01-j4.81800098704747881140e-01
  -5.42574182590829123818e-01-j4.73312866045244640123e-01
  -5.46934562049783523641e-01-j4.64580666833320055087e-01
  -5.50641279321041676731e-01-j4.55745163233270911274e-01
  -5.54325584542641580654e-01-j4.46883624737344109512e-01
  -5.57973043471350571565e-01-j4.38020436937727908333e-01
  -5.61583541876524372505e-01-j4.29155651277063343585e-01
  -5.64708353789308947768e-01-j4.20566880012497812391e-01
  -5.67592854688236836402e-01-j4.12106387352968006610e-01
  -5.70443061446812449411e-01-j4.03647467037575868876e-01
  -5.73256684616945788591e-01-j3.95185834173440275752e-01
  -5.76028802977746057223e-01-j3.86712617310033979212e-01
  -5.78644900953352303574e-01-j3.78714021097371345004e-01
  -5.81181364646783604755e-01-j3.70927285066659950807e-01
  -5.83697163001498764423e-01-j3.63128375008295700699e-01
  -5.86192128863735062438e-01-j3.55317214807381598352e-01
  -5.88666094249416294026e-01-j3.47493728637051246810e-01
  -5.90914863475974105889e-01-j3.39903973852320850924e-01
  -5.93037309350076702330e-01-j3.32417770062595818725e-01
  -5.95139497151675023190e-01-j3.24920772514233624495e-01
  -5.97221263039140026763e-01-j3.17412918808196831133e-01
  -5.99282442442790830306e-01-j3.09894146874484133214e-01
  -6.01238309667910808543e-01-j3.02447392013572291525e-01
  -6.03127845793601014002e-01-j2.95025766643508935427e-01
  -6.04990804774819812550e-01-j2.87587705017754158288e-01
  -6.06817835314770070987e-01-j2.80133937857494685897e-01
  -6.08618652394390280413e-01-j2.72664001632303532041e-01
  -6.10191726409095469563e-01-j2.65396540128944646852e-01
  -6.11638008630050133974e-01-j2.58224462610657623518e-01
  -6.13058588506868007428e-01-j2.51038383977923940105e-01
  -6.14453255284325483565e-01-j2.43838375031450393937e-01
  -6.15821798125191333106e-01-j2.36624507471945272341e-01
  -6.16578633076178217465e-01-j2.29403293802597330053e-01
  -6.17002266612009964142e-01-j2.22184116541293052993e-01
  -6.17390558720794735414e-01-j2.14967017327121118209e-01
  -6.17743451347834482412e-01-j2.07752131468364520384e-01
  -6.18060886693015620885e-01-j2.00539594636058471355e-01
  -6.18113996321272951562e-01-j1.93521747048855580209e-01
  -6.18013115411059299475e-01-j1.86609227091582813296e-01
  -6.17876741401444107282e-01-j1.79703478581393127911e-01
  -6.17701580791434889939e-01-j1.72807863205395206840e-01
  -6.17492981760977777128e-01-j1.65917486531272473371e-01
  -6.17577855702578948360e-01-j1.59885982589050984481e-01
  -6.17825265412225377304e-01-j1.54306976960421615708e-01
  -6.18063831418765863290e-01-j1.48719828215408050864e-01
  -6.18293365282505003044e-01-j1.43124529248937037984e-01
  -6.18513678426637514285e-01-j1.37521073670585108895e-01
  -6.18535047987676001036e-01-j1.32082401773555596636e-01
  -6.18443167444265751165e-01-j1.26731527632436780095e-01
  -6.18342139410829272350e-01-j1.21373399359108596895e-01
  -6.18231783374425525324e-01-j1.16008025810739393013e-01
  -6.18111918769642887383e-01-j1.10635416523596208371e-01
  -6.17532817052975024907e-01-j1.05198255019777794916e-01
  -6.16687792559291514394e-01-j9.97314635546638211805e-02
  -6.15828082614260252647e-01-j9.42693775593231031440e-02
  -6.14953084084665313469e-01-j8.88222245541424454407e-02
  -6.14063296333902330915e-01-j8.33821849226145245249e-02
  -6.13179771634376868938e-01-j7.80532419077501621318e-02
  -6.12294016417627706694e-01-j7.27898427471672104794e-02
  -6.11394057913039024044e-01-j6.75310560839723350579e-02
  -6.10479832418663215243e-01-j6.22769301921768519970e-02
  -6.09551276429863508888e-01-j5.70275136190972059547e-02
  -6.08739782238499005373e-01-j5.17513680800471068122e-02
  -6.07990449705669400160e-01-j4.64661822546827071867e-02
  -6.07221555307582816496e-01-j4.11806262111525517300e-02
  -6.06432048867573514350e-01-j3.58925726562867586367e-02
  -6.05621829174926684658e-01-j3.06021234558511816271e-02
  -6.04745569971197438619e-01-j2.54228300150076830244e-02
  -6.03821939255462236673e-01-j2.03096295082748172500e-02
  -6.02878045068834689246e-01-j1.51948279516077675716e-02
  -6.01913794097619803125e-01-j1.00785285815097047646e-02
  -6.00937088139146147192e-01-j4.96687833248351563731e-03
  -5.99428283106392623125e-01-j2.82504141680375972425e-04
  -5.97593539094113168630e-01+j4.13149657010945022678e-03
  -5.95750335161768895809e-01+j8.53262199508149181415e-03
  -5.93898663564173867613e-01+j1.29208597511012365788e-02
  -5.92038516586348206872e-01+j1.72961974091609127502e-02
  -5.90225542452541329652e-01+j2.15838064314575334146e-02
  -5.88439044742318562164e-01+j2.58123320178235589328e-02
  -5.86649205484041202929e-01+j3.00281025568448801943e-02
  -5.84861215659999045258e-01+j3.42306772288066968324e-02
  -5.83064926225800306270e-01+j3.84211493968679082545e-02
  -5.81623754426287775665e-01+j4.25637675394127459882e-02
  -5.80402999426381627224e-01+j4.66837158308917449245e-02
  -5.79170086217337787282e-01+j5.08066895585393696333e-02
  -5.77924918202804449585e-01+j5.49326249991143045204e-02
  -5.76667398811547049498e-01+j5.90614580645296913253e-02
  -5.75363016608306909738e-01+j6.31277473691503193676e-02
  -5.74034051113549104173e-01+j6.71590146686886907412e-02
  -5.72695132358669867223e-01+j7.11940629058530199957e-02
  -5.71343647234002993684e-01+j7.52316023223556507027e-02
  -5.69979502638510271417e-01+j7.92715650080568906555e-02
  -5.68320262681079380052e-01+j8.32269630870947213497e-02
  -5.66462395534702900513e-01+j8.71183556277758813779e-02
  -5.64594131310758307052e-01+j9.10013750341237687147e-02
  -5.62715460128507372062e-01+j9.48759735718232438684e-02
  -5.60826976320613512783e-01+j9.87430383807524070239e-02
  -5.58994582469633405353e-01+j1.02576450165353369459e-01
  -5.57192796002681567380e-01+j1.06378274518892479428e-01
  -5.55380527239253685146e-01+j1.10172009866960365909e-01
  -5.53557766020229213844e-01+j1.13957608922378245131e-01
  -5.51724502293084673177e-01+j1.17735024377326996659e-01
  -5.50195796551815941022e-01+j1.21198529626343309840e-01
  -5.48876826339188883530e-01+j1.24451137971474098953e-01
  -5.47549572132648210143e-01+j1.27707081599216454304e-01
  -5.46214067314562790045e-01+j1.30968180287001828566e-01
  -5.44870581939102316404e-01+j1.34240616770186033113e-01
  -5.43444754890948455994e-01+j1.37396827091003453925e-01
  -5.41958364123545699442e-01+j1.40471336964625215238e-01
  -5.40463559783110891743e-01+j1.43548466902485849506e-01
  -5.38960258025778848889e-01+j1.46628148169169386650e-01
  -5.37448375230482167098e-01+j1.49710311656380323786e-01
  -5.35465451307757800414e-01+j1.53574683416850765738e-01
  -5.33127809188418289033e-01+j1.57991033643793188368e-01
  -5.30766084247255576223e-01+j1.62392932745598461697e-01
  -5.28377825312086435439e-01+j1.66786200254889049877e-01
  -5.25965811182162790161e-01+j1.71164068080775472191e-01
  -5.23453413263207489869e-01+j1.75425495727176139482e-01
  -5.20861846418809726345e-01+j1.79596052780318982123e-01
  -5.18248013330380397079e-01+j1.83749831090882664864e-01
  -5.15611991042367101556e-01+j1.87886723184467807624e-01
  -5.12953856861538159961e-01+j1.92006621821298878450e-01
  -5.10847166295882004761e-01+j1.95175072853405379147e-01
  -5.09166083263891233734e-01+j1.97637086503974268581e-01
  -5.07479867925445304877e-01+j2.00102919329026407436e-01
  -5.05790955704428113471e-01+j2.02570117997732085380e-01
  -5.04100181460279461731e-01+j2.05037793796299577798e-01
  -5.02463329677952708074e-01+j2.07513393345821278713e-01
  -5.00867269732501063650e-01+j2.09995263792777164813e-01
  -4.99268996463421821375e-01+j2.12477671207930318698e-01
  -4.97668440140554113604e-01+j2.14960591898772868102e-01
  -4.96065531144835869526e-01+j2.17444001951848875365e-01
  -4.93980579833858735039e-01+j2.20062164513881441952e-01
  -4.91511846339454161470e-01+j2.22784962722471474583e-01
  -4.89032328848041708547e-01+j2.25507317602943041512e-01
  -4.86544918947434568146e-01+j2.28227838156967788308e-01
  -4.84049546982780576343e-01+j2.30946422614038665566e-01
  -4.81560635194216435373e-01+j2.33605688866607152931e-01
  -4.79075439213724751930e-01+j2.36217046523171714245e-01
  -4.76582365374047633999e-01+j2.38826234254852026728e-01
  -4.74081350702774628747e-01+j2.41433150564642234892e-01
  -4.71572332579661745999e-01+j2.44037693301399877255e-01
  -4.69289159686000656446e-01+j2.46622451252159119450e-01
  -4.67183832385325625847e-01+j2.49185904615185804811e-01
  -4.65065072057889217216e-01+j2.51740655631748522225e-01
  -4.62934371476405204238e-01+j2.54286499595993698009e-01
  -4.60791784943192173074e-01+j2.56823365923172508563e-01
  -4.58693507686487311759e-01+j2.59369165684398439442e-01
  -4.56630090797274790226e-01+j2.61921192250822332248e-01
  -4.54554781155511122837e-01+j2.64464503896165270547e-01
  -4.52467630185494795736e-01+j2.66999030528162650810e-01
  -4.50368689509105302182e-01+j2.69524702513475711285e-01
  -4.48091245701596696538e-01+j2.71894420590024221696e-01
  -4.45661865009096214152e-01+j2.74130775382472768875e-01
  -4.43224032585776417381e-01+j2.76359097737792380745e-01
  -4.40778653121213614963e-01+j2.78579505820363337865e-01
  -4.38325741637322907618e-01+j2.80791947804246710962e-01
  -4.35903190848843047345e-01+j2.83029668261339184543e-01
  -4.33505773374998626402e-01+j2.85288378957866406438e-01
  -4.31100587071757357371e-01+j2.87539205524359742228e-01
  -4.28687645801554273461e-01+j2.89782096043373904592e-01
  -4.26266963586153735388e-01+j2.92016998651684012156e-01
  -4.23793247875191902985e-01+j2.93988676329014708699e-01
  -4.21275164607924579308e-01+j2.95726539003225208369e-01
  -4.18754170241500578431e-01+j2.97456538970573003411e-01
  -4.16231145568319083061e-01+j2.99179071066350110719e-01
  -4.13706085453137306640e-01+j3.00894113393133433298e-01
  -4.11175522508408775035e-01+j3.02573144660448878351e-01
  -4.08639934088032785731e-01+j3.04218970626520479605e-01
  -4.06102486982527877135e-01+j3.05857318667687838598e-01
  -4.03563176720218907967e-01+j3.07488166881134228348e-01
  -4.01021998914392052704e-01+j3.09111493324075892186e-01
  -3.98458413083001561361e-01+j3.10972526023375162030e-01
  -3.95869815140861225355e-01+j3.13049733359588910897e-01
  -3.93273007093020487979e-01+j3.15115831894565601168e-01
  -3.90669059943146712577e-01+j3.17171589154978394998e-01
  -3.88058002193564399729e-01+j3.19216960779774960866e-01
  -3.85458459571544231892e-01+j3.21215180423585378033e-01
  -3.82869557701414398032e-01+j3.23168567106158988178e-01
  -3.80273916796426414422e-01+j3.25111638407034775344e-01
  -3.77671565671983122670e-01+j3.27044351778098096872e-01
  -3.75062533249065355179e-01+j3.28966664734628100319e-01
  -3.72447023097155882621e-01+j3.31006880718505980266e-01
  -3.69822542974169332641e-01+j3.33159337422392565209e-01
  -3.67187737971226335620e-01+j3.35300297558965176847e-01
  -3.64542734583482408439e-01+j3.37429775786886987365e-01
  -3.61887932597205030927e-01+j3.39548126697666263762e-01
  -3.59215367146246467023e-01+j3.41557672585801608278e-01
  -3.56525982849714540013e-01+j3.43460418714508997073e-01
  -3.53827907210156167306e-01+j3.45351772879767704438e-01
  -3.51121192404657889163e-01+j3.47231676639621344993e-01
  -3.48405890833214049174e-01+j3.49100071822153745771e-01
  -3.45927163590364239454e-01+j3.50659517699234257737e-01
  -3.43688665466310550034e-01+j3.51915937555158930827e-01
  -3.41447144681878478334e-01+j3.53167874777199908287e-01
  -3.39202269388992061483e-01+j3.54414692287865484843e-01
  -3.36954238610789214015e-01+j3.55656722025718519120e-01
  -3.34706310854331445803e-01+j3.56871947235214259653e-01
  -3.32458619027180213301e-01+j3.58059980409027589499e-01
  -3.30207994687768791042e-01+j3.59243429457103802260e-01
  -3.27954433369041009616e-01+j3.60422260833175966965e-01
  -3.25697930701166371570e-01+j3.61596440985589573369e-01
  -3.23397451421159110030e-01+j3.62971631072740497093e-01
  -3.21047615337000047386e-01+j3.64553553697212984197e-01
  -3.18689775369851935327e-01+j3.66127722513552078532e-01
  -3.16323962467349728556e-01+j3.67694075944823894897e-01
  -3.13950049963836019806e-01+j3.69252074764055693290e-01
  -3.11568148583426962617e-01+j3.70801880599289757079e-01
  -3.09178375556160123239e-01+j3.72343687552327995416e-01
  -3.06780762837572162915e-01+j3.73877434595906166237e-01
  -3.04375342633072198950e-01+j3.75403060835152180275e-01
  -3.01962147396260316423e-01+j3.76920505505817515779e-01
  -2.99492215437353936913e-01+j3.78204807777871576668e-01
  -2.96965685206277973940e-01+j3.79237955746343280428e-01
  -2.94436987284429130263e-01+j3.80263205137220505758e-01
  -2.91906140768889155179e-01+j3.81280531767887731487e-01
  -2.89373164826978113151e-01+j3.82289911532587067811e-01
  -2.86838046099745058726e-01+j3.83291107059231084264e-01
  -2.84300777324405562485e-01+j3.84283900096417607717e-01
  -2.81761441965877323934e-01+j3.85268676346512961572e-01
  -2.79220059452498114982e-01+j3.86245412020311873480e-01
  -2.76676649280210129600e-01+j3.87214083404286257828e-01
  -2.74346507576726461597e-01+j3.88145982962595892385e-01
  -2.72255416680423356635e-01+j3.89040696280463338397e-01
  -2.70160630749336660994e-01+j3.89931625437186124561e-01
  -2.68062156651328153956e-01+j3.90818728801106574089e-01
  -2.65960001381916832930e-01+j3.91701964789507695031e-01
  -2.63854172064353909022e-01+j3.92581291870473858552e-01
  -2.61744675948862304260e-01+j3.93456668561658728933e-01
  -2.59631522564084227245e-01+j3.94327646154021105307e-01
  -2.57514721031777527038e-01+j3.95194480609310838659e-01
  -2.55394278775352645550e-01+j3.96057242212998983355e-01
  -2.53008234771454731948e-01+j3.97000401315210194042e-01
  -2.50311497754880096789e-01+j3.98033270129099558954e-01
  -2.47611023922426093380e-01+j3.99054892586464760029e-01
  -2.44906857071793271352e-01+j4.00065248500380998831e-01
  -2.42199041006737975090e-01+j4.01064317795381319876e-01
  -2.39487619537120943747e-01+j4.02052080508335518694e-01
  -2.36772636478009529393e-01+j4.03028516785024437663e-01
  -2.34054135650130640256e-01+j4.03993606882865063934e-01
  -2.31332160879262505038e-01+j4.04947331168712731930e-01
  -2.28606822681548804699e-01+j4.05889256938721409984e-01
  -2.26203998139766881970e-01+j4.06676793682296977561e-01
  -2.24196285061804861938e-01+j4.07285261716203994542e-01
  -2.22186423890298440087e-01+j4.07891626213551128366e-01
  -2.20174413278286101869e-01+j4.08495848885067069922e-01
  -2.18160252028271162139e-01+j4.09097891475398489636e-01
  -2.16143939091523823448e-01+j4.09697715762041003718e-01
  -2.14125473568206936559e-01+j4.10295283559144463581e-01
  -2.12104854706470280501e-01+j4.10890556715212296179e-01
  -2.10082081902304484977e-01+j4.11483497115373575426e-01
  -2.08057154699094165595e-01+j4.12074066681821393754e-01
  -2.05620385112955494922e-01+j4.12589302061063312177e-01
  -2.02663487069051101441e-01+j4.13001493908349281980e-01
  -1.99707844738228251780e-01+j4.13400602088656365929e-01
  -1.96753495181068771558e-01+j4.13786666967220106983e-01
  -1.93800485765069196997e-01+j4.14159695036239061672e-01
  -1.90848863786279215882e-01+j4.14519692912824699871e-01
  -1.87898676469008457657e-01+j4.14866667338128158882e-01
  -1.84949970965436444326e-01+j4.15200625175604520756e-01
  -1.82002794355376640301e-01+j4.15521573410153388650e-01
  -1.79057193646329854131e-01+j4.15829519150268334116e-01
  -1.76226055833027028807e-01+j4.16184346056753085019e-01
  -1.73545034187532754011e-01+j4.16607054040619539936e-01
  -1.70864502836696297017e-01+j4.17019062986649202696e-01
  -1.68184568800071793104e-01+j4.17420216682015454701e-01
  -1.65505250820104476972e-01+j4.17810550749305231744e-01
  -1.62826527575939600245e-01+j4.18190182779635710730e-01
  -1.60148433354828173547e-01+j4.18559111094415126075e-01
  -1.57471002428881873270e-01+j4.18917334077485492561e-01
  -1.54794269055264777091e-01+j4.19264850177873793502e-01
  -1.52118267476070961886e-01+j4.19601657907850922324e-01
  -1.49777124423365881611e-01+j4.19919347646087737225e-01
  -1.47894646897695491994e-01+j4.20219580758109667595e-01
  -1.46009181540604632277e-01+j4.20515897585761522226e-01
  -1.44120746015248463179e-01+j4.20808263553056949302e-01
  -1.42229358083052703776e-01+j4.21096644182467672035e-01
  -1.40335035603123492454e-01+j4.21381005096618244110e-01
  -1.38437929591731345713e-01+j4.21661106320375345113e-01
  -1.36537931999850037368e-01+j4.21937111647717688623e-01
  -1.34635054999898445827e-01+j4.22208996306581596514e-01
  -1.32729316832001981163e-01+j4.22476726325778317861e-01
  -1.30638212529729819122e-01+j4.22718087414360732534e-01
  -1.28283449795961151940e-01+j4.22921160911368165802e-01
  -1.25927840519193368074e-01+j4.23116870490057861431e-01
  -1.23571412901935670514e-01+j4.23305199321313052607e-01
  -1.21214195181755676756e-01+j4.23486130671017924065e-01
  -1.18856215630974065833e-01+j4.23659647897196067756e-01
  -1.16497502556302368060e-01+j4.23825734452557889576e-01
  -1.14138084298491246371e-01+j4.23984373884189524873e-01
  -1.11777999319703766345e-01+j4.24135537844094856474e-01
  -1.09417397204579866510e-01+j4.24279067426671818719e-01
  -1.07154372549779733359e-01+j4.24304628778900017050e-01
  -1.05039565524788311435e-01+j4.24158307426142300312e-01
  -1.02926698727669796440e-01+j4.24005988099016684068e-01
  -1.00815789105896183586e-01+j4.23847668349708051050e-01
  -9.87068535905351179816e-02+j4.23683345767153718420e-01
  -9.65999090961893736029e-02+j4.23513017976849481805e-01
  -9.44949725209365265499e-02+j4.23336682640628292340e-01
  -9.23920607462693221912e-02+j4.23154337456473295109e-01
  -9.02911906370379574449e-02+j4.22965980158300391967e-01
  -8.81923790413927100040e-02+j4.22771608515765950909e-01
  -8.59854728391036410295e-02+j4.22624497876114668671e-01
  -8.36072677909893008374e-02+j4.22552599017307961571e-01
  -8.12293584893216957799e-02+j4.22471733504607538379e-01
  -7.88516692229852544926e-02+j4.22381996276499638299e-01
  -7.64742212212880662081e-02+j4.22283390898538002478e-01
  -7.40970490536098091994e-02+j4.22175908617800244027e-01
  -7.17201873238043491332e-02+j4.22059540775009955915e-01
  -6.93436706701861943491e-02+j4.21934278803066886709e-01
  -6.69675337650261076616e-02+j4.21800114229865352744e-01
  -6.45918113146587841156e-02+j4.21657038675760043045e-01
  -6.23742387122283234446e-02+j4.21433957096895073224e-01
  -6.04151037699083501287e-02+j4.21089796234848656731e-01
  -5.84580137409239503077e-02+j4.20741981987155400091e-01
  -5.65029773225805415082e-02+j4.20390508009947538870e-01
  -5.45500032144610041973e-02+j4.20035367984228080740e-01
  -5.25991577924968187197e-02+j4.19676513804679685027e-01
  -5.06504641137826283614e-02+j4.19313929682431030255e-01
  -4.87038588467867336607e-02+j4.18947661937549231670e-01
  -4.67593506957590249185e-02+j4.18577704351207446898e-01
  -4.48169483665723511479e-02+j4.18204050728644971535e-01
  -4.27949687477746365527e-02+j4.17828345112438492848e-01
  -4.06361272620237232167e-02+j4.17449943434372527928e-01
  -3.84792673495468404155e-02+j4.17065214795261207659e-01
  -3.63244087519951353027e-02+j4.16674158707169173255e-01
  -3.41715711965137752815e-02+j4.16276774717012687521e-01
  -3.20207743958065560452e-02+j4.15873062406148019665e-01
  -2.98720380481442664145e-02+j4.15463021390215403450e-01
  -2.77253818373747532022e-02+j4.15046651319003812031e-01
  -2.55808254329957865392e-02+j4.14623951876036012099e-01
  -2.34384714011959087443e-02+j4.14194876414973600642e-01
  -2.12859502469075652364e-02+j4.13782742031431338692e-01
  -1.91134112851858127546e-02+j4.13404739114387520527e-01
  -1.69426660940837810199e-02+j4.13019112985458181075e-01
  -1.47737447333553765377e-02+j4.12625864357004268346e-01
  -1.26066772317831310435e-02+j4.12224994027242053196e-01
  -1.04414935867121090596e-02+j4.11816502880943291487e-01
  -8.27822376381068085471e-03+j4.11400391889160610415e-01
  -6.11689769713194032852e-03+j4.10976662107739698637e-01
  -3.95754528865047399550e-03+j4.10545314678008643750e-01
  -1.80019640809641321734e-03+j4.10106350826267007648e-01
  +2.95242681567088496690e-04+j4.09712565478252077611e-01
  +2.27852261070565645720e-03+j4.09409727393092282011e-01
  +4.26109000988220739531e-03+j4.09100260245050917352e-01
  +6.24284577149471567314e-03+j4.08784131922929949710e-01
  +8.22378967415973022304e-03+j4.08461351869864486286e-01
  +1.02039321678467978516e-02+j4.08131933360187493243e-01
  +1.21832436565657044325e-02+j4.07795873089142280055e-01
  +1.41616945832660559579e-02+j4.07453167839528951344e-01
  +1.61392554299901874737e-02+j4.07103814481036607731e-01
  +1.81158967187330412207e-02+j4.06747809971926499450e-01
  +2.00864177646089166196e-02+j4.06313699451609777746e-01
  +2.20450391064432073274e-02+j4.05735033565122416022e-01
  +2.40013198336480743089e-02+j4.05150594198157243397e-01
  +2.59552401199325821768e-02+j4.04560381955592573977e-01
  +2.79067801542334584242e-02+j4.03964397483960735435e-01
  +2.98559201410468662286e-02+j4.03362641472237160034e-01
  +3.18026403007653293842e-02+j4.02755114652597834279e-01
  +3.37468944710396720477e-02+j4.02141810361303309040e-01
  +3.56886175460323570863e-02+j4.01522717140181339968e-01
  +3.76278618573399059599e-02+j4.00897856437210819980e-01
  +3.93678950618556872110e-02+j4.00349014109340650691e-01
  +4.07086886532269653927e-02+j3.99962623277291651203e-01
  +4.20500605723654330426e-02+j3.99574086620028634531e-01
  +4.33919989861452984337e-02+j3.99183386584777977202e-01
  +4.47344920312459093381e-02+j3.98790505663572214523e-01
  +4.60775278146920430622e-02+j3.98395426394235585565e-01
  +4.74210944135368545060e-02+j3.97998131358980433703e-01
  +4.87651798758106380660e-02+j3.97598603186469445880e-01
  +5.01097722198707712371e-02+j3.97196824549528593185e-01
  +5.14548594349506782653e-02+j3.96792778166134008089e-01
  +5.30775089556709336880e-02+j3.96211731222068430647e-01
  +5.52849468951724307142e-02+j3.95253492676478523915e-01
  +5.74873088299918955091e-02+j3.94286643998048025317e-01
  +5.96845797362918067952e-02+j3.93311205494788262982e-01
  +6.18767652730335890321e-02+j3.92327200510592499771e-01
  +6.40638348889737141434e-02+j3.91334646321136847558e-01
  +6.62457580843974491724e-02+j3.90333560276418412016e-01
  +6.84225044111829300286e-02+j3.89323959800385033247e-01
  +7.05940434725870480381e-02+j3.88305862389949574265e-01
  +7.27603449233738402979e-02+j3.87279285614840984575e-01
  +7.48603342336720961603e-02+j3.86377335278750566605e-01
  +7.68214187051377561666e-02+j3.85763612494626595417e-01
  +7.87803363412707818858e-02+j3.85142787433847333389e-01
  +8.07370614280869536294e-02+j3.84514868001755660831e-01
  +8.26915683137216944720e-02+j3.83879862123869375345e-01
  +8.46438314081605636119e-02+j3.83237777745561225551e-01
  +8.65938251829829058748e-02+j3.82588622831753044640e-01
  +8.85414800674741570008e-02+j3.81932403513329077338e-01
  +9.04867834801314219195e-02+j3.81269128871928264513e-01
  +9.24297417405453292094e-02+j3.80598808400481714020e-01
  +9.41768757288948127337e-02+j3.79854488014576940902e-01
  +9.54709498265319950194e-02+j3.78950822144887788934e-01
  +9.67627450238439656971e-02+j3.78045821826587413739e-01
  +9.80522543226803877658e-02+j3.77139478200852695799e-01
  +9.93394706994158022129e-02+j3.76231782437125406027e-01
  +1.00624387104551016314e-01+j3.75322725732206485816e-01
  +1.01906996463274113207e-01+j3.74412299311263296886e-01
  +1.03187291674955078369e-01+j3.73500494426743157028e-01
  +1.04465265614196486932e-01+j3.72587302360314343019e-01
  +1.05740911129941869695e-01+j3.71672714421024952269e-01
  +1.07134602301772824395e-01+j3.70755847396984639097e-01
  +1.08820288831868949853e-01+j3.69833086112102915610e-01
  +1.10503639764318498107e-01+j3.68905280554771175527e-01
  +1.12184601160780245133e-01+j3.67972435286481769356e-01
  +1.13863200867158564922e-01+j3.67034549468356896540e-01
  +1.15539417561654506050e-01+j3.66091625303234857736e-01
  +1.17213229941913577026e-01+j3.65143665042161225109e-01
  +1.18884616726001507425e-01+j3.64190670985890807554e-01
  +1.20553556652368637492e-01+j3.63232645484565630500e-01
  +1.22220028479514908337e-01+j3.62269590936862173614e-01
  +1.23847346437176417111e-01+j3.61286492353289689916e-01
  +1.25377041657511012485e-01+j3.60260342866525473671e-01
  +1.26902708986260798207e-01+j3.59230012360144401740e-01
  +1.28424337782525155305e-01+j3.58195507970902271566e-01
  +1.29941917419168745385e-01+j3.57156836834437385608e-01
  +1.31455437282602477511e-01+j3.56114006085086365339e-01
  +1.32964886772671153636e-01+j3.55067022855859892871e-01
  +1.34470255302531455088e-01+j3.54015894278424503305e-01
  +1.35971500529440486593e-01+j3.52960633332300766085e-01
  +1.37468620718067563446e-01+j3.51901245886135916052e-01
  +1.39021288420664884677e-01+j3.50935454445811922941e-01
  +1.40732454537617179824e-01+j3.50227902155032244647e-01
  +1.42441897131055428272e-01+j3.49513895816732700350e-01
  +1.44149586288440351156e-01+j3.48793438562706725747e-01
  +1.45855492127211355813e-01+j3.48066533594639293536e-01
  +1.47559584795320136719e-01+j3.47333184184573373621e-01
  +1.49261834471336313213e-01+j3.46593393674714422836e-01
  +1.50962211364109699652e-01+j3.45847165476581230870e-01
  +1.52660685712762062005e-01+j3.45094503070660751920e-01
  +1.54357227787759093696e-01+j3.44335410007680364775e-01
  +1.55935171134857886166e-01+j3.43447111087893830472e-01
  +1.57178057553077676900e-01+j3.42206070014390795198e-01
  +1.58416484224901787936e-01+j3.40962830996356491831e-01
  +1.59650445121804401838e-01+j3.39717405819805751133e-01
  +1.60879908575283836480e-01+j3.38469814324485640533e-01
  +1.62104874569232226822e-01+j3.37220066702376197743e-01
  +1.63325357350217581498e-01+j3.35968168456191595972e-01
  +1.64541351054497103634e-01+j3.34714131321672658803e-01
  +1.65752849859396839127e-01+j3.33457967022607770780e-01
  +1.66959847983032511065e-01+j3.32199687270547938667e-01
  +1.68281371263274581729e-01+j3.30992721265369438388e-01
  +1.69955467035899671080e-01+j3.29940780105217212892e-01
  +1.71625773843686629805e-01+j3.28882083057389418279e-01
  +1.73292263877056179622e-01+j3.27816640041466100808e-01
  +1.74954909354024995549e-01+j3.26744461042753508995e-01
  +1.76613682520880194149e-01+j3.25665556112962439883e-01
  +1.78268555652184634841e-01+j3.24579935369986971594e-01
  +1.79919501050891467164e-01+j3.23487608997847009284e-01
  +1.81566491048344241799e-01+j3.22388587246461966185e-01
  +1.83209498004964443929e-01+j3.21282880432308071139e-01
  +1.84684703148144668816e-01+j3.20107310426145708071e-01
  +1.85638255282946085245e-01+j3.18729075212812629214e-01
  +1.86588376556922813654e-01+j3.17350355870107514455e-01
  +1.87535064762526765270e-01+j3.15971155334276887494e-01
  +1.88478317700344732977e-01+j3.14591476539095971088e-01
  +1.89418133177460562555e-01+j3.13211322413857184976e-01
  +1.90354509006953748207e-01+j3.11830695882804376229e-01
  +1.91287443009471869182e-01+j3.10449599867043513068e-01
  +1.92216933011363222406e-01+j3.09068037282322460868e-01
  +1.93142976846238628719e-01+j3.07686011040919249471e-01
  +1.94124523480535493558e-01+j3.06376348761715822100e-01
  +1.95300522186224512211e-01+j3.05307492285938175680e-01
  +1.96474359995279623803e-01+j3.04234565686144042829e-01
  +1.97646021266906640745e-01+j3.03157572829537036441e-01
  +1.98815490381391207775e-01+j3.02076517593530324834e-01
  +1.99982751741580672133e-01+j3.00991403867498119595e-01
  +2.01147789772064100600e-01+j2.99902235551885609777e-01
  +2.02310575175742940468e-01+j2.98809024834391367964e-01
  +2.03471090620932659743e-01+j2.97711777009645128800e-01
  +2.04629336462439054278e-01+j2.96610486560023256519e-01
  +2.05771716631425072297e-01+j2.95437822618401402242e-01
  +2.06862001475035833797e-01+j2.94023820019632564637e-01
  +2.07947178797513593240e-01+j2.92607630806923257882e-01
  +2.09027242105682242723e-01+j2.91189264760417787503e-01
  +2.10102184922402707157e-01+j2.89768731666601442321e-01
  +2.11172000784691921149e-01+j2.88346041316324519510e-01
  +2.12236683245300233880e-01+j2.86921203506515343218e-01
  +2.13296225871988959222e-01+j2.85494228039437025757e-01
  +2.14350622246805289084e-01+j2.84065124721971484778e-01
  +2.15399865967663084465e-01+j2.82633903367297822928e-01
  +2.16482184498454521826e-01+j2.81239706485052032292e-01
  +2.17703727642589078828e-01+j2.79989652143408263019e-01
  +2.18921317260869413568e-01+j2.78736209435399895362e-01
  +2.20134940696367187307e-01+j2.77479387440756897210e-01
  +2.21344576938287573853e-01+j2.76219201877128062161e-01
  +2.22550207704824337673e-01+j2.74955666605243509437e-01
  +2.23751834785320236065e-01+j2.73688779485303401717e-01
  +2.24949445615061915937e-01+j2.72418549637429341370e-01
  +2.26143027653390532583e-01+j2.71144986193288639598e-01
  +2.27332568380817306997e-01+j2.69868098293350955341e-01
  +2.28507510973484179173e-01+j2.68540772603119426432e-01
  +2.29635523510931000013e-01+j2.67022024297934590376e-01
  +2.30758229439288198304e-01+j2.65500214777694032442e-01
  +2.31875621651718016869e-01+j2.63975361412650266768e-01
  +2.32987693087412850446e-01+j2.62447481548337580026e-01
  +2.34094436730632099453e-01+j2.60916592504889577331e-01
  +2.35195845611826603871e-01+j2.59382711578268865260e-01
  +2.36291912806921772239e-01+j2.57845856039785548131e-01
  +2.37382631435417629229e-01+j2.56306043134592709265e-01
  +2.38467994662930143912e-01+j2.54763290084156768245e-01
  +2.39526272725400696251e-01+j2.53306304342261867646e-01
  +2.40488832227821414111e-01+j2.52223787847253577699e-01
  +2.41449599106032586349e-01+j2.51137952798925145892e-01
  +2.42408572129411442608e-01+j2.50048787872805711174e-01
  +2.43365738367645606521e-01+j2.48956293753234442212e-01
  +2.44321083203796085570e-01+j2.47860472903359496666e-01
  +2.45274592027096560720e-01+j2.46761327799478291656e-01
  +2.46226250233315263616e-01+j2.45658860931430689245e-01
  +2.47176043225358771371e-01+j2.44553074803170816809e-01
  +2.48123956411547663681e-01+j2.43443971931389863128e-01
  +2.49070649422089035463e-01+j2.42284314659825056326e-01
  +2.50017225012325816635e-01+j2.40906662296280132951e-01
  +2.50959718175727874989e-01+j2.39526144575585631102e-01
  +2.51898119464607161966e-01+j2.38142769718141550372e-01
  +2.52832419443917988389e-01+j2.36756545943752866323e-01
  +2.53762608690697555325e-01+j2.35367481471267514515e-01
  +2.54688677794427609236e-01+j2.33975584518961277070e-01
  +2.55610617357613256750e-01+j2.32580863305083040959e-01
  +2.56528417994084434461e-01+j2.31183326046585591040e-01
  +2.57442069835338072092e-01+j2.29782981656700441286e-01
  +2.58324107658823798328e-01+j2.28389280793422799754e-01
  +2.59068622370292267476e-01+j2.27039465116292055180e-01
  +2.59809783301921226606e-01+j2.25688066777838342025e-01
  +2.60547583623766343397e-01+j2.24335090494587302556e-01
  +2.61282016512081882720e-01+j2.22980540991117553995e-01
  +2.62013075147679241894e-01+j2.21624422998837888876e-01
  +2.62740752716584868853e-01+j2.20266741256517156744e-01
  +2.63465042410466032674e-01+j2.18907500510614999589e-01
  +2.64185937426144323847e-01+j2.17546705514942262383e-01
  +2.64903430964876285270e-01+j2.16184361030158977979e-01
  +2.65575639477039215919e-01+j2.14801592594361351329e-01
  +2.66023830893704293921e-01+j2.13318517760745146594e-01
  +2.66466857025773440348e-01+j2.11834311379294287780e-01
  +2.66904709815487417579e-01+j2.10348984522248622087e-01
  +2.67337381229646953162e-01+j2.08862548287924193469e-01
  +2.67764863262647700992e-01+j2.07375013802753555003e-01
  +2.68187147934974834396e-01+j2.05886392220112013351e-01
  +2.68604227292853048326e-01+j2.04396694719972377152e-01
  +2.69016087522772118223e-01+j2.02905944113776270932e-01
  +2.69422725283974151544e-01+j2.01414143022801944705e-01
  +2.69910610575568088443e-01+j1.99940691128390107822e-01
  +2.70883485083958652773e-01+j1.98575518716858884227e-01
  +2.71852456547079679439e-01+j1.97208556400911172446e-01
  +2.72817520963703707970e-01+j1.95839820555825966375e-01
  +2.73778674378713338111e-01+j1.94469327519215251510e-01
  +2.74735912881173438560e-01+j1.93097093589963075821e-01
  +2.75689232603531786392e-01+j1.91723135027937224839e-01
  +2.76638629722806728140e-01+j1.90347468054974294782e-01
  +2.77584100458460825145e-01+j1.88970108853730445198e-01
  +2.78525641073591012642e-01+j1.87591073568663918580e-01
  +2.79415765014009720435e-01+j1.86165289946630285733e-01
  +2.80010029506315705206e-01+j1.84461670369227587196e-01
  +2.80599333582689514088e-01+j1.82757221808381026262e-01
  +2.81183672736217138421e-01+j1.81051955829842542434e-01
  +2.81763042480009107127e-01+j1.79345884010466888325e-01
  +2.82337438348758906770e-01+j1.77639017939139970403e-01
  +2.82906855318817263001e-01+j1.75931371045907641859e-01
  +2.83471286239425523945e-01+j1.74222963910125733245e-01
  +2.84030730220589278101e-01+j1.72513797328429252520e-01
  +2.84585182881033682545e-01+j1.70803882935359696571e-01
  +2.85159803087747243389e-01+j1.69149834134057874824e-01
  +2.85899284662522790157e-01+j1.67871988929096244147e-01
  +2.86636684730552371292e-01+j1.66590891291956005871e-01
  +2.87371990777012864537e-01+j1.65306547507335005465e-01
  +2.88105190319622561645e-01+j1.64018963863454131369e-01
  +2.88836270906771108713e-01+j1.62728146650958971353e-01
  +2.89565220118867983068e-01+j1.61434102163658887985e-01
  +2.90292025567536193797e-01+j1.60136836698042739346e-01
  +2.91016674894831461895e-01+j1.58836356552813945386e-01
  +2.91739155774566438772e-01+j1.57532668029604028259e-01
  +2.92412237152091136760e-01+j1.56198192810316716095e-01
  +2.92736326777426059120e-01+j1.54660236930061895100e-01
  +2.93056572930028791379e-01+j1.53122255266105539162e-01
  +2.93372973056154062732e-01+j1.51584252581467238130e-01
  +2.93685524598837344179e-01+j1.50046233641961512806e-01
  +2.93994224881675036976e-01+j1.48508204121131054398e-01
  +2.94299070278638774667e-01+j1.46970177585243361174e-01
  +2.94600059555462145955e-01+j1.45432149073240479797e-01
  +2.94897190145745446976e-01+j1.43894123363941722760e-01
  +2.95190459478993139086e-01+j1.42356105238708091631e-01
  +2.95490292349390226700e-01+j1.40821157858591561318e-01
  +2.95870219315375049263e-01+j1.39310615825823130853e-01
  +2.96245715830706357607e-01+j1.37799505346788309090e-01
  +2.96616779143151043652e-01+j1.36287834658699591461e-01
  +2.96983406502512259362e-01+j1.34775611998328159746e-01
  +2.97345595160002307278e-01+j1.33262845601754553737e-01
  +2.97703342369645018728e-01+j1.31749543705116822778e-01
  +2.98056645386828300559e-01+j1.30235714543967845414e-01
  +2.98405501468897105255e-01+j1.28721366353622468370e-01
  +2.98749907875537679125e-01+j1.27206507369401422558e-01
  +2.99106949668235422291e-01+j1.25680918377164246857e-01
  +2.99613159415431762334e-01+j1.24062350600215823282e-01
  +3.00114916866389580541e-01+j1.22442317832610836348e-01
  +3.00612217455766272955e-01+j1.20820831541275985899e-01
  +3.01105056636444823326e-01+j1.19197903187202636222e-01
  +3.01593430226919756443e-01+j1.17573549306243557711e-01
  +3.02077333703152373090e-01+j1.15947779534543410351e-01
  +3.02556762372145515716e-01+j1.14320602010450411701e-01
  +3.03031711756504340549e-01+j1.12692028169786878644e-01
  +3.03502177395476691046e-01+j1.11062069441976801754e-01
  +3.03955202519168909969e-01+j1.09450080123258186582e-01
  +3.04273666744551529728e-01+j1.08032065389033787861e-01
  +3.04589007714741510924e-01+j1.06612648276606714060e-01
  +3.04901217207933339370e-01+j1.05191835411505729692e-01
  +3.05210287011247027866e-01+j1.03769633426483889882e-01
  +3.05516208919308251968e-01+j1.02346048960970464892e-01
  +3.05818974736539017645e-01+j1.00921088662044008966e-01
  +3.06118576275735965186e-01+j9.94947591838785672103e-02
  +3.06415005357642267203e-01+j9.80670671876039123926e-02
  +3.06708253812244147074e-01+j9.66380193418580474285e-02
  +3.07007030061590246994e-01+j9.51964552398913282927e-02
  +3.07401657512101467162e-01+j9.36255891623646585575e-02
  +3.07791079164644931776e-01+j9.20539876683916374889e-02
  +3.08175295304455143519e-01+j9.04816623996824997977e-02
  +3.08554306217785734301e-01+j8.89086249812750667454e-02
  +3.08928113471689191893e-01+j8.73348913873147614240e-02
  +3.09296716715453001711e-01+j8.57604706804715455348e-02
  +3.09660115705042704448e-01+j8.41853725543857678293e-02
  +3.10018310730543644738e-01+j8.26096085681578690130e-02
  +3.10371302082251165899e-01+j8.10331902645186480383e-02
  +3.10696218164353554769e-01+j7.94663388715489277248e-02
  +3.10713442377118065352e-01+j7.80346771004751527112e-02
  +3.10727430297687401417e-01+j7.66029970077822391916e-02
  +3.10738177645343505162e-01+j7.51713052756958627354e-02
  +3.10745680148638681040e-01+j7.37396085929092198752e-02
  +3.10749933545946877000e-01+j7.23079136547774420363e-02
  +3.10750933585075828081e-01+j7.08762271631854651188e-02
  +3.10748676022716607825e-01+j6.94445558263696166579e-02
  +3.10743156625528094139e-01+j6.80129063592897070700e-02
  +3.10734371169577250349e-01+j6.65812854834409439952e-02
  +3.10737521602939603671e-01+j6.51434238308711971444e-02
  +3.10975011841364556986e-01+j6.36066630398073179498e-02
  +3.11208538941732226757e-01+j6.20685945492828045067e-02
  +3.11438097026468352357e-01+j6.05292287007029791712e-02
  +3.11663680231865858339e-01+j5.89885758346414476594e-02
  +3.11885283558592907305e-01+j5.74466477753107843118e-02
  +3.12102901915111197173e-01+j5.59034560497158189429e-02
  +3.12316527955409983797e-01+j5.43590082855077982860e-02
  +3.12526155868632415924e-01+j5.28133148192859586123e-02
  +3.12731779857649216936e-01+j5.12663859869893767662e-02
  +3.12930275154937487248e-01+j4.97243460033135534215e-02
  +3.13065918303678469847e-01+j4.82975206723439687284e-02
  +3.13198229772926273196e-01+j4.68702270116252081578e-02
  +3.13327204907722645100e-01+j4.54424712325969121229e-02
  +3.13452839056854060118e-01+j4.40142595528623184475e-02
  +3.13575127573868572828e-01+j4.25855981965049257276e-02
  +3.13694065816536360458e-01+j4.11564933939601029778e-02
  +3.13809649146332081404e-01+j3.97269513819055938852e-02
  +3.13921872929445733291e-01+j3.82969784035634905339e-02
  +3.14030732536411893996e-01+j3.68665807086260635672e-02
  +3.14126271386020117227e-01+j3.54295232875251678295e-02
  +3.13979585040893904857e-01+j3.38432286233144308252e-02
  +3.13829036900874491778e-01+j3.22580838481753701119e-02
  +3.13674628256960130734e-01+j3.06740945598085422430e-02
  +3.13516360396465298965e-01+j2.90912663546283936644e-02
  +3.13354234601701586715e-01+j2.75096048274717265569e-02
  +3.13188253500561508691e-01+j2.59291168808129975087e-02
  +3.13018418094890726877e-01+j2.43498077825994967138e-02
  +3.12844728614997180660e-01+j2.27716820988879548038e-02
  +3.12667186325997659146e-01+j2.11947454192259396311e-02
  +3.12492427117584459229e-01+j1.96290214810848975824e-02
  +3.12528652361771297485e-01+j1.83871007166135982946e-02
  +3.12562065219542828398e-01+j1.71444774542726836863e-02
  +3.12592660190273319287e-01+j1.59011585301417485150e-02
  +3.12620431782271002152e-01+j1.46571507852784194137e-02
  +3.12645374513712825948e-01+j1.34124610659403162294e-02
  +3.12667482912125038741e-01+j1.21670962234799451274e-02
  +3.12686751514054006584e-01+j1.09210631142933889404e-02
  +3.12703174865499089474e-01+j9.67436859992611836168e-03
  +3.12716747521577520530e-01+j8.42701954701816080551e-03
  +3.12727132403683660833e-01+j7.17514375112235890108e-03
  +3.12718047771137652724e-01+j5.73271509877731552662e-03
  +3.12705362656372720664e-01+j4.28959304355478517751e-03
  +3.12689071429750664599e-01+j2.84578720839976902560e-03
  +3.12669168474721426154e-01+j1.40130722150753222500e-03
  +3.12645648187352409586e-01-j4.38372837477522372452e-05
  +3.12618504977357491992e-01-j1.48963666859684490049e-03
  +3.12587733848959048455e-01-j2.93608105332096407103e-03
  +3.12553329939833035578e-01-j4.38316052671279196562e-03
  +3.12515286433028949276e-01-j5.83086595858896186012e-03
  +3.12471365321494665146e-01-j7.28042774653451900402e-03
  +3.12202661441289552879e-01-j8.85257610977534768748e-03
  +3.11929629776919736805e-01-j1.04240121628035135870e-02
  +3.11652270166311862187e-01-j1.19947278694574922808e-02
  +3.11370582446806209997e-01-j1.35647151865070179216e-02
  +3.11084566454883248987e-01-j1.51339660636522054665e-02
  +3.10794222025181421376e-01-j1.67024724436289559448e-02
  +3.10499548992280938187e-01-j1.82702262618775271297e-02
  +3.10200547189713904395e-01-j1.98372194466513093736e-02
  +3.09897216449710688480e-01-j2.14034439190041204937e-02
  +3.09589556604105642368e-01-j2.29688915926053519034e-02
</dep>
<dep S[1,2] frequency>
  -1.78282655485156730361e-07+j1.87766544302971168356e-08
  -2.65428785665403038698e-07+j2.95328375032470762862e-07
  -2.18596583181950649104e-07+j2.30016317846800434984e-07
  +1.01545568896288380449e-06-j4.07462346755840967021e-07
  -7.10975491856118943725e-07+j1.62730551313778579781e-07
  -2.16588792559078982810e-06-j1.30629536912275934720e-06
  +1.26842511155796530846e-06-j2.25577482800325575571e-07
  -5.51328283146301760255e-08+j1.17629392827224937418e-06
  +3.93774993081986825349e-07-j1.45361820204305267811e-06
  +2.31604552100796720005e-08-j2.96433292300344567459e-08
  -8.68479305145631008671e-08-j1.31754058236471440538e-08
  -1.90754732112314977724e-07+j5.64964896726840351969e-09
  +7.80470300292988302410e-08-j2.16146450237970809419e-08
  +3.37643647190101079132e-07-j7.73343871164244772162e-08
  +2.97868753838282073830e-07+j3.59503164147790598983e-08
  +2.65516139270500429645e-07+j1.52835220049108226412e-07
  +4.47127215087360268217e-08+j8.25091745906066235779e-08
  -1.77859671584693320906e-07+j2.48807753514507787840e-08
  -1.36206585171834874151e-07+j1.76532477915509180460e-08
  -9.14962917026097907684e-08+j8.91113578227648057903e-09
  -8.99354090797937915001e-08+j4.05118807327652716626e-08
  -8.84899979941457446556e-08+j7.22269293203780057908e-08
  -3.35327269583668611382e-07-j2.97256638822974283259e-07
  -5.91983274980077261679e-07-j6.63968254491989824655e-07
  -2.61870751443860854593e-07-j1.95698005972884495155e-07
  +8.69192327638460732554e-08+j2.78608812075131038101e-07
  +4.89133529078627067275e-08+j1.65726430312657181251e-07
  -7.73566008293324520139e-10+j4.02825434101442196006e-08
  +1.94154129782294137144e-07+j1.97297384940917245082e-07
  +3.96651581507088197785e-07+j3.57906613961673459171e-07
  +2.83525242529876545035e-07+j4.40289760330274355714e-07
  +1.61749235954332334924e-07+j5.22965917814973957086e-07
  +2.61364120111207454126e-07+j5.72456444896653087130e-07
  +3.69163697752820194436e-07+j6.19761894260118445213e-07
  +3.94303545762090179236e-07+j9.07726014338465295816e-07
  +4.20541769334787168926e-07+j1.20573871162102579494e-06
  +5.19950473987605809654e-07+j1.45062126065125353052e-06
  +6.25247146578905819788e-07+j1.69445855024173518432e-06
  +6.51810534655976132328e-07+j2.11623830636715405304e-06
  +6.79554296214898968710e-07+j2.54846982962719567482e-06
  +8.91710040025434991576e-07+j2.72078094729546233292e-06
  +1.11319435873028370652e-06+j2.87745541136270259380e-06
  +1.37546388585126299714e-06+j3.38223014448889774735e-06
  +1.64872247965970261324e-06+j3.89379371383628775587e-06
  +2.02558786518270887730e-06+j4.58224155530932543228e-06
  +2.41922606182045564385e-06+j5.26825452591817876345e-06
  +2.89575137096489066606e-06+j5.89320255331498700193e-06
  +3.38680947170508300106e-06+j6.50462358231307750391e-06
  +4.11225678425012495040e-06+j7.20616401525489269620e-06
  +4.86107770134471300943e-06+j7.89739793045424924925e-06
  +5.58735999544758735706e-06+j8.90813095415096895327e-06
  +6.29241832253974830817e-06+j9.94993861082044743992e-06
  +7.29471962663960183331e-06+j1.12119940504043716102e-05
  +8.28951416280679752725e-06+j1.25060242967937980185e-05
  +9.44059039043358256508e-06+j1.39656679194277865319e-05
  +1.05745889122159179694e-05+j1.54581154763441682126e-05
  +1.20267010958868119790e-05+j1.74506717763481218131e-05
  +1.34620111936481244911e-05+j1.95031904136319777913e-05
  +1.52224244329110015590e-05+j2.17381810991015937955e-05
  +1.69651005135739800761e-05+j2.40225830945021440611e-05
  +1.97862185047387403891e-05+j2.66914086127961485589e-05
  +2.27056488278157817852e-05+j2.94013818486068436819e-05
  +2.61269061357485717328e-05+j3.25215761418668630484e-05
  +2.96140467690478711917e-05+j3.56906657813894028332e-05
  +3.41486993015265965752e-05+j3.93405679807165968597e-05
  +3.87975342938014572326e-05+j4.30492342672674169353e-05
  +4.43386738003612106249e-05+j4.73005655825767013260e-05
  +4.99945792378073865583e-05+j5.16214788568855533369e-05
  +5.72955000307100677562e-05+j5.64323794723479852308e-05
  +6.47834912532585917386e-05+j6.13149131422568663017e-05
  +7.35430494386935603053e-05+j6.67144843865008247297e-05
  +8.23823384752242059582e-05+j7.21595026142563108953e-05
  +9.33335913890233733392e-05+j7.80249801623043447336e-05
  +1.04435227435971408438e-04+j8.39355821801098406785e-05
  +1.18297511014182110179e-04+j9.04497049588987250910e-05
  +1.32366034799549526233e-04+j9.70320053622405066362e-05
  +1.49536885417257334185e-04+j1.03909170211038661075e-04
  +1.66949146880523047361e-04+j1.10836376165713033698e-04
  +1.88492008606239077337e-04+j1.18154804816202215183e-04
  +2.10372684072126538146e-04+j1.25543878460404964180e-04
  +2.36775603048760608683e-04+j1.33102411886402332078e-04
  +2.63533356800464484918e-04+j1.40788018988789146065e-04
  +2.96502804700012165436e-04+j1.48130438461628773095e-04
  +3.29994393482525925475e-04+j1.55584387515160049806e-04
  +3.70966780401536604626e-04+j1.61895182465077289071e-04
  +4.12604896094237341524e-04+j1.68287100945013154982e-04
  +4.63570285919721826375e-04+j1.72628721772697600297e-04
  +5.15411754320200935810e-04+j1.77014330144730180861e-04
  +5.78634475331878963232e-04+j1.77923502432410858727e-04
  +6.42986853508991252487e-04+j1.78795788470979382647e-04
  +7.20939566236617900181e-04+j1.73331212900224696351e-04
  +8.00315297427886800791e-04+j1.67488216788160590269e-04
  +8.96622547241931154571e-04+j1.52636333064010284392e-04
  +9.94789554656220305004e-04+j1.37195701160869033787e-04
  +1.11264256180642717546e-03+j1.07474796839517053250e-04
  +1.23279929898015890716e-03+j7.66838190833534676452e-05
  +1.37652137583613490800e-03+j2.53109749095622316032e-05
  +1.52319789971127618998e-03-j2.77472892901672646328e-05
  +1.69563565637284347117e-03-j1.10962168520607922027e-04
  +1.87157747070932560345e-03-j1.96872584430160904069e-04
  +2.07810655717059018441e-03-j3.24790215727520413871e-04
  +2.28979504943167301578e-03-j4.56379401292078697681e-04
  +2.53112621874846668510e-03-j6.50228774475238263490e-04
  +2.77837488151161772845e-03-j8.50220223785983289511e-04
  +3.04897389367027532928e-03-j1.13847686918196319347e-03
  +3.32595923364816057483e-03-j1.43637671716303040939e-03
  +3.61086587559060001942e-03-j1.85438055094648904242e-03
  +3.90190167373270649712e-03-j2.28696293096944435266e-03
  +4.17246435873925170662e-03-j2.88268063626454093193e-03
  +4.44748648794539205159e-03-j3.50041287003063699909e-03
  +4.62676746023420962933e-03-j4.30364152571261621150e-03
  +4.80261915593951059511e-03-j5.13027773837003864960e-03
  +4.80100690461402173498e-03-j6.18095413903566905101e-03
  +4.78654516632155083850e-03-j7.26511360094920545516e-03
  +4.44990735167666209143e-03-j8.55170190471791699660e-03
  +4.07920540513321151083e-03-j9.87563604137326953025e-03
  +3.22606422341430989706e-03-j1.12961950549883352601e-02
  +2.30977308637238688133e-03-j1.27454058134012677972e-02
  +9.46600222345115541872e-04-j1.41518142473087554789e-02
  -7.94327741879839407425e-04-j1.54039189343041574287e-02
  -2.95971730430403742740e-03-j1.64254493840656212722e-02
  -5.45385323188898787222e-03-j1.71031071880082506664e-02
  -8.17904339596992741024e-03-j1.73347944115908314533e-02
  -1.10267745361306377522e-02-j1.70559487915692281623e-02
  -1.38646622754816390560e-02-j1.62425474064647468175e-02
  -1.65601025545942213968e-02-j1.49064217300082374473e-02
  -1.90272630375751261589e-02-j1.31256874872953035321e-02
  -2.11613651512819432587e-02-j1.09581353852098769414e-02
  -2.29106266214523478231e-02-j8.49714705910380521670e-03
  -2.42638253485106918095e-02-j5.83447468162029241057e-03
  -2.51814756484566928951e-02-j3.19314106328578116434e-03
  -2.57407956305681431819e-02-j5.35964583135401071053e-04
  -2.59666212387278660945e-02+j2.10382305602385688559e-03
  -2.58776226220501573416e-02+j4.68059546735460040023e-03
  -2.55455422346349859952e-02+j7.17978961572751130105e-03
  -2.49538119183585378746e-02+j9.56082350085364109094e-03
  -2.41466950001496295786e-02+j1.18111936001555097031e-02
  -2.31729094408886955592e-02+j1.39334620789955086761e-02
  -2.20324348912374970433e-02+j1.59050251697566182030e-02
  -2.07610547759139486834e-02+j1.77466456986124579420e-02
  -1.93795537961507814695e-02+j1.94631028640647983641e-02
  -1.78945591171612294890e-02+j2.10420391810174252367e-02
  -1.63161356150372319207e-02+j2.24866322130972545734e-02
  -1.46426165199963105590e-02+j2.37716368864067072175e-02
  -1.29179331366337576265e-02+j2.49331887690150792725e-02
  -1.11204746258880427662e-02+j2.59359137871411106480e-02
  -9.26727335861022433194e-03+j2.67661428615869299852e-02
  -7.39216754859884587342e-03+j2.74773815858773730325e-02
  -5.49443271994324699409e-03+j2.80560250805617153458e-02
  -3.57676165015165161559e-03+j2.84692721918799705738e-02
  -1.61551620368988505493e-03+j2.87545513473035779795e-02
  +3.47789524335546593181e-04+j2.88783700910873221412e-02
  +2.29462024111303343823e-03+j2.88635185882965134008e-02
  +4.21945777481420609273e-03+j2.87204082349756459336e-02
  +6.10670386767012303431e-03+j2.84556169478508425019e-02
  +7.95964232578085829906e-03+j2.80714431013767140577e-02
  +9.76949059285973225863e-03+j2.75734020909772954699e-02
  +1.15289338493430818661e-02+j2.69674174766995240760e-02
  +1.32322314959688099728e-02+j2.62592226797215416711e-02
  +1.48777097715657152105e-02+j2.54516062295701978035e-02
  +1.65138008575432121416e-02+j2.45661982395291682291e-02
  +1.80744445546397354552e-02+j2.35682950207217536964e-02
  +1.95778934479741775765e-02+j2.24996178996827098096e-02
  +2.09937865906981192821e-02+j2.13271934800461290815e-02
  +2.23448687384972810577e-02+j2.00958330337077974159e-02
  +2.35983930359980054181e-02+j1.87746440640790476784e-02
  +2.47610284727685300843e-02+j1.73839402140615398307e-02
  +2.58607262175429356010e-02+j1.59462650032554317803e-02
  +2.68501223397228441780e-02+j1.44412509744226875974e-02
  +2.77423602483781589489e-02+j1.28825889621662185991e-02
  +2.83924505274721315773e-02+j1.13377395226408033552e-02
  +2.89243998588570028208e-02+j9.78378902161095194423e-03
  +2.93412901401644728161e-02+j8.20789173840268462823e-03
  +2.96928346450937435952e-02+j6.62943056480878520342e-03
  +2.99644375385319482186e-02+j5.04801845752122623628e-03
  +3.01502340646008712421e-02+j3.47083745951108765468e-03
  +3.02241891147348278046e-02+j1.89300412039659742003e-03
  +3.02378545101664210348e-02+j3.25898850587097964338e-04
  +3.01484285982119189218e-02-j1.22201927857495213844e-03
  +3.00022321647148149104e-02-j2.75572854885406401740e-03
  +2.98701921305621932723e-02-j4.37305154469031127917e-03
  +2.96973882884071678501e-02-j6.00009856853397829241e-03
  +2.94148412825130239900e-02-j7.60843007900007060190e-03
  +2.90662064472282065386e-02-j9.20589880673419215518e-03
  +2.86106948000002074550e-02-j1.07744234419443821182e-02
  +2.80923766109606905250e-02-j1.23203139214989217110e-02
  +2.74977612701661627836e-02-j1.38379714422647501215e-02
  +2.67973834598862030443e-02-j1.53072839773734231672e-02
  +2.60363940067358766439e-02-j1.67519640764857737081e-02
  +2.52064823330159018533e-02-j1.81533947830630412734e-02
  +2.42770035492016963974e-02-j1.93633669394924733120e-02
  +2.32667361014874743419e-02-j2.04677432930589833782e-02
  +2.22228636392473623273e-02-j2.15340767812948231941e-02
  +2.11387553716094918344e-02-j2.25468122129620016092e-02
  +2.00098811980953632250e-02-j2.35026295318772650289e-02
  +1.88384496840722087674e-02-j2.44013273350894878411e-02
  +1.76437141794570130637e-02-j2.52645254983363543033e-02
  +1.64004554894219799210e-02-j2.60489240286959598814e-02
  +1.51246036987498552046e-02-j2.67624177986244791982e-02
  +1.38124831585149845242e-02-j2.74159135851877490409e-02
  +1.23956509029261412180e-02-j2.80966088708474309721e-02
  +1.09267432288602181489e-02-j2.87248306503413569635e-02
  +9.42255973033526497695e-03-j2.92778463509000448639e-02
  +7.89367820012988608003e-03-j2.97513539252433831250e-02
  +6.33504102392973798830e-03-j3.01458333236576184189e-02
  +4.75594445053939378354e-03-j3.04591666201732315378e-02
  +3.16453522834370722799e-03-j3.06920592767265972001e-02
  +1.55552852386719097852e-03-j3.08437557298916996407e-02
  -6.16466644579948230527e-05-j3.09114282984715334213e-02
  -1.68475372517841079888e-03-j3.08948317785736163710e-02
  -3.24778716122922726101e-03-j3.07902314607650211264e-02
  -4.79317259696503475408e-03-j3.05818388610475389022e-02
  -6.33651970971348468820e-03-j3.03159798460130719411e-02
  -7.86022897615295569607e-03-j2.99539286238133146967e-02
  -9.37398611171077165982e-03-j2.95347982167556838418e-02
  -1.08688008471887927187e-02-j2.90186109927930042940e-02
  -1.23369004772600505265e-02-j2.84209841190053123794e-02
  -1.37807961266869470618e-02-j2.77464195655793104123e-02
  -1.51944661013926011345e-02-j2.69965962113513924248e-02
  -1.65728737326907848981e-02-j2.61726968381337486702e-02
  -1.79544875109511718747e-02-j2.52595788331445858521e-02
  -1.93058071557582235089e-02-j2.42624511914398405255e-02
  -2.05891179703103638365e-02-j2.31682809743541627545e-02
  -2.18298526789073958632e-02-j2.20162817797675963716e-02
  -2.29984004135630228094e-02-j2.07775305103724515499e-02
  -2.41232474648846451082e-02-j1.94746298465190807725e-02
  -2.51634235572369274747e-02-j1.80928115728551212882e-02
  -2.61474329925557927301e-02-j1.66563780146113324387e-02
  -2.70376408764498553372e-02-j1.51472484363006313496e-02
  -2.78422675903257123287e-02-j1.35683994702496292517e-02
  -2.85433269018145092943e-02-j1.19904368919883080186e-02
  -2.91559091712062304347e-02-j1.03783603208567470899e-02
  -2.96828208975719355645e-02-j8.71425229708021331643e-03
  -3.01180331770965273308e-02-j7.00540891791492838919e-03
  -3.04578208770981025133e-02-j5.25007533281302094658e-03
  -3.06691361892257284560e-02-j3.44812314036205659964e-03
  -3.07653264738577160442e-02-j1.61557243257618365559e-03
  -3.07500682109052986268e-02+j2.42015151961746537200e-04
  -3.05917391662128453078e-02+j2.12411024032055058622e-03
  -3.03053897775838812501e-02+j4.01116254678951251328e-03
  -2.98711645671877364105e-02+j5.98234733729953796488e-03
  -2.92407626927226049762e-02+j7.94940127310859306897e-03
  -2.84525889815591716270e-02+j9.88723365600676154519e-03
  -2.75006658431811955301e-02+j1.17724251771863727689e-02
  -2.63823268561366591767e-02+j1.35821379082765210378e-02
  -2.50787200867103772517e-02+j1.52913944744753668020e-02
  -2.36208359817518566415e-02+j1.68822691248630765704e-02
  -2.20304282514416673033e-02+j1.83403468593938759335e-02
  -2.03017826520566629922e-02+j1.96380014096081273456e-02
  -1.84565006635267932211e-02+j2.07492018472578490518e-02
  -1.65241425958794520279e-02+j2.15808353349786347097e-02
  -1.45582210560544281219e-02+j2.22006254538964949152e-02
  -1.25805725677843142918e-02+j2.26190850669626825065e-02
  -1.05968304850986242555e-02+j2.28170265739591204834e-02
  -8.65086970915433968454e-03+j2.28094762872811523957e-02
  -6.77185268753089514293e-03+j2.26129444106788549118e-02
  -4.97993937259543287266e-03+j2.22423377224579069122e-02
  -3.29935330951464057467e-03+j2.17133842831958231989e-02
  -1.74013640381931412524e-03+j2.10278313935426917902e-02
  -3.20860723609898903109e-04+j2.02360200105821570749e-02
  +9.57036371471970456065e-04+j1.94044981174607382435e-02
  +2.08913898796014765175e-03+j1.85097509819080220661e-02
  +3.08100315330123381355e-03+j1.75520141758129938347e-02
  +3.93937377950212379296e-03+j1.65778625827453368613e-02
  +4.66922215304692213994e-03+j1.55964731296210374484e-02
  +5.27716616215708530374e-03+j1.46144795858870416710e-02
  +5.73373487944581379516e-03+j1.36575693818413532871e-02
  +6.15228987687975025639e-03+j1.27054551077777685281e-02
  +6.43831479180333003665e-03+j1.18037474583771138936e-02
  +6.67888079966900798101e-03+j1.09167204721168260850e-02
  +6.82841229527793303067e-03+j1.00901792445918254276e-02
  +6.94430731804433504922e-03+j9.28337361469086519428e-03
  +6.98106365674868931115e-03+j8.54225050356331207235e-03
  +6.98833271332799984416e-03+j7.82319191114242556973e-03
  +6.94357575930294127625e-03+j7.17362485331748869072e-03
  +6.87899045325387169247e-03+j6.54826167936048853663e-03
  +6.78069654106821205486e-03+j5.98940207558697462059e-03
  +6.66912899931690079242e-03+j5.45424329073966075720e-03
  +6.53398778601576614433e-03+j4.97501699822324935929e-03
  +6.38922611117190199920e-03+j4.51599329123867666846e-03
  +6.22995673727828012944e-03+j4.10691425339921711152e-03
  +6.06450713318318693212e-03+j3.71615717214568300544e-03
  +5.89412076893030666830e-03+j3.36931695592634482955e-03
  +5.72123801328250879139e-03+j3.03885834680687246662e-03
  +5.54771303959914006271e-03+j2.74621959227235165266e-03
  +5.37338755994938750693e-03+j2.46789853131949453099e-03
  +5.19966137696101834281e-03+j2.22024278966685782027e-03
  +5.02570500348420434733e-03+j1.98431501835388650334e-03
  +4.85830304600594342634e-03+j1.77668676610164195419e-03
  +4.69309724454086436146e-03+j1.58008215093712761114e-03
  +4.52885881863029308297e-03+j1.40609568287053204004e-03
  +4.36496718465163250494e-03+j1.24111782895397026842e-03
  +4.20827706305132529657e-03+j1.09546705281951821560e-03
  +4.05440761972630011462e-03+j9.57541967089014134547e-04
  +3.90645401038933453436e-03+j8.35406561913085523620e-04
  +3.76081665297659309410e-03+j7.19664334942366878262e-04
  +3.62282200866695207331e-03+j6.17670451884313239516e-04
  +3.48790810529249614355e-03+j5.21296715951879464923e-04
  +3.36031554887014595120e-03+j4.36244856819619126771e-04
  +3.23574451237161088424e-03+j3.55909186573249102480e-04
  +3.12535234756926121047e-03+j2.92232044584441027959e-04
  +3.02067436647228534582e-03+j2.35346060488437195573e-04
  +2.91552539746609386609e-03+j1.78008262583559639632e-04
  +2.80990252168801350752e-03+j1.20217723215282085852e-04
  +2.70380280595757319095e-03+j6.19735029463630755515e-05
  +2.61214367270797605952e-03+j1.91743100611806216503e-05
  +2.52659565814062313238e-03-j1.69934292978741097093e-05
  +2.44065528950429067381e-03-j5.34684124905664674319e-05
  +2.35432037788435664233e-03-j9.02509469946669403611e-05
  +2.26758872386535227650e-03-j1.27341345961077764565e-04
  +2.18923655155754898552e-03-j1.54929089072899467362e-04
  +2.11466943947305908297e-03-j1.78208413556312633957e-04
  +2.03999552265489957070e-03-j2.01562580777219115110e-04
  +1.96522220763478954603e-03-j2.24951980778527655704e-04
  +1.89034943036113230012e-03-j2.48376281129975712021e-04
  +1.82545867445517819364e-03-j2.65028794678196779819e-04
  +1.76511230195810467532e-03-j2.78585086017029792509e-04
  +1.70469319287467062536e-03-j2.92162957939035819628e-04
  +1.64419643292926980285e-03-j3.05764014492437017148e-04
  +1.58361251046754548770e-03-j3.19391156780338039255e-04
  +1.53186886741698961335e-03-j3.28611554366457011157e-04
  +1.48416548140705524192e-03-j3.35808920290889603971e-04
  +1.43630776279937417798e-03-j3.43066167892370360321e-04
  +1.38829479577786026046e-03-j3.50383221206020958015e-04
  +1.34012566012468772175e-03-j3.57760004692136317824e-04
  +1.29788595211011419800e-03-j3.62319739404617067752e-04
  +1.25842812742195451874e-03-j3.65540537345314863957e-04
  +1.21884222802738119429e-03-j3.68802800270729672256e-04
  +1.17912754072893805404e-03-j3.72106398305746327235e-04
  +1.13928334892284769536e-03-j3.75451201666961349463e-04
  +1.10454628842942040833e-03-j3.77306287275542163052e-04
  +1.07224207431350125955e-03-j3.78419314507891582644e-04
  +1.03979663679990550797e-03-j3.79535018478946472361e-04
  +1.00720554234618505512e-03-j3.80648325312676568712e-04
  +9.74473408486551230870e-04-j3.81764127398225960441e-04
  +9.45535787672530016884e-04-j3.81707466522886304169e-04
  +9.18455072188725037304e-04-j3.81058133260074182076e-04
  +8.91258599453267430848e-04-j3.80404813733376076946e-04
  +8.63946157664650959442e-04-j3.79747163426482519429e-04
  +8.36517534648740590866e-04-j3.79084836804820712788e-04
  +8.11692758833619455901e-04-j3.78020570834031806491e-04
  +7.88201322887548713574e-04-j3.76710629680828302124e-04
  +7.64656404774503688226e-04-j3.75350342426098099527e-04
  +7.41057986420753391464e-04-j3.73939525141069246169e-04
  +7.17406049701364519934e-04-j3.72477993411508888442e-04
  +6.96350278246443124205e-04-j3.70540428463067962692e-04
  +6.76642652177087159868e-04-j3.68334326406423754555e-04
  +6.56893649647606299793e-04-j3.66082706197969943735e-04
  +6.37103298125969849316e-04-j3.63783369815919271472e-04
  +6.17271695065282422279e-04-j3.61439781404398997270e-04
  +6.00205516917459280107e-04-j3.58117045115882899359e-04
  +5.84586255644897615294e-04-j3.54306227161414603096e-04
  +5.68902826770921726113e-04-j3.50521383387454447175e-04
  +5.53155075954230479769e-04-j3.46762328133051625587e-04
  +5.37342848565811048722e-04-j3.43028875396056529175e-04
  +5.23219201728627948851e-04-j3.39358717742566768326e-04
  +5.10001301390108235413e-04-j3.35730684222988880975e-04
  +4.96728533770597158008e-04-j3.32123136027997871173e-04
  +4.83400783955449805333e-04-j3.28535910529900851071e-04
  +4.70017936823810458108e-04-j3.24968844809073577427e-04
  +4.57634979263064195758e-04-j3.21396654484311903883e-04
  +4.45812498342406315303e-04-j3.17814227073980526059e-04
  +4.33963874420447771104e-04-j3.14232075085566463224e-04
  +4.22091416252531556087e-04-j3.10647629716401740222e-04
  +4.10193250664135601255e-04-j3.07062918392400196338e-04
  +3.99421569333225756192e-04-j3.03619850201783413914e-04
  +3.89287345813144817878e-04-j3.00257827802968705125e-04
  +3.79130445173134396093e-04-j2.96895705504902907013e-04
  +3.68950862566769851193e-04-j2.93533425793827886397e-04
  +3.58748593255766386103e-04-j2.90170931179591356109e-04
  +3.49700517736575714270e-04-j2.87126324432770811419e-04
  +3.41313277829857525565e-04-j2.84255353763630119746e-04
  +3.32892977466457109983e-04-j2.81370026005085805115e-04
  +3.24438948584531696925e-04-j2.78470474110230467504e-04
  +3.15951178422163949690e-04-j2.75556579632060545237e-04
  +3.08226756227458677934e-04-j2.72727178969745334171e-04
  +3.00949507485893485818e-04-j2.69943436923569183954e-04
  +2.93643350890736233496e-04-j2.67146270733052140171e-04
  +2.86308281259026577506e-04-j2.64335578418864653762e-04
  +2.78946723059865530660e-04-j2.61511644205262563587e-04
  +2.72019996988597282609e-04-j2.58472644810810473978e-04
  +2.65366716246081819734e-04-j2.55308565530851900530e-04
  +2.58708664857727537942e-04-j2.52145386890975751071e-04
  +2.52045838696407791153e-04-j2.48983101481923814295e-04
  +2.45378233638255045020e-04-j2.45821701896835212529e-04
  +2.39324809034372089486e-04-j2.42804146218399992526e-04
  +2.33653492447823764354e-04-j2.39876638636550142559e-04
  +2.27978703785699197970e-04-j2.36950559489766161706e-04
  +2.22301214542002244538e-04-j2.34026587106478530746e-04
  +2.16619328470913860302e-04-j2.31103299298049776793e-04
  +2.11608503354527747531e-04-j2.28492231205717040909e-04
  +2.07011420807258857872e-04-j2.26077170683239715276e-04
  +2.02394277098773099762e-04-j2.23658577601607634925e-04
  +1.97757057805457236261e-04-j2.21236381332610407063e-04
  +1.93099748437429235507e-04-j2.18810510976698887730e-04
  +1.88788964129388422367e-04-j2.16484295165998626717e-04
  +1.84699274709472158196e-04-j2.14223719385871441516e-04
  +1.80591826213472549101e-04-j2.11959856670653721015e-04
  +1.76466445624271601415e-04-j2.09692146707216942395e-04
  +1.72323122225566849504e-04-j2.07420525817892932542e-04
  +1.68456601521990083185e-04-j2.05154585793887580874e-04
  +1.64776658659899783582e-04-j2.02890692748646618094e-04
  +1.61089407004181417579e-04-j2.00622324389542968943e-04
  +1.57394845825187685564e-04-j1.98349470257861928589e-04
  +1.53692933689946164546e-04-j1.96072296701591669826e-04
  +1.50272611976508518308e-04-j1.93882266305347604127e-04
  +1.47042080495727873601e-04-j1.91748960428069696420e-04
  +1.43805067259911151375e-04-j1.89611383717176425548e-04
  +1.40561571759742481988e-04-j1.87469526860094997441e-04
  +1.37311593452585535688e-04-j1.85323380564362399925e-04
  +1.34443845467534971649e-04-j1.83358872376272323849e-04
  +1.31833782201819005352e-04-j1.81522558552383369169e-04
  +1.29210578173997791629e-04-j1.79686439009751051411e-04
  +1.26574055743035714322e-04-j1.77850679113383298860e-04
  +1.23923631124068167001e-04-j1.76015891600894095609e-04
  +1.21396954698429430236e-04-j1.74233041856906080988e-04
  +1.18954762149485435987e-04-j1.72486898240730725761e-04
  +1.16500393477676533792e-04-j1.70740694528685033179e-04
  +1.14033852226872727963e-04-j1.68994396785124046138e-04
  +1.11555142028228436988e-04-j1.67247971009280176936e-04
  +1.09062474493162162221e-04-j1.65690273590027309239e-04
  +1.06564704071682891289e-04-j1.64257253117472114485e-04
  +1.04065280135745452553e-04-j1.62809404108787698483e-04
  +1.01563473422444601251e-04-j1.61347022144264231301e-04
  +9.90601671587834956521e-05-j1.59869745544131324150e-04
  +9.67267787435928399912e-05-j1.58503490103384224062e-04
  +9.45185154774099892507e-05-j1.57216662320977420934e-04
  +9.23090671950574473718e-05-j1.55916804952285032934e-04
  +9.00984551773698121241e-05-j1.54603915046010924415e-04
  +8.78867006885042666197e-05-j1.53277989659461588972e-04
  +8.60535260007875337515e-05-j1.51810264855387809730e-04
  +8.45004003249375949857e-05-j1.50244558293982042327e-04
  +8.29397425837061550271e-05-j1.48681020920644185995e-04
  +8.13719568284566532749e-05-j1.47119645915781959442e-04
  +7.97971797374217320592e-05-j1.45560420560648544125e-04
  +7.82716309064611582202e-05-j1.44077718614386417629e-04
  +7.67826238325012655570e-05-j1.42654250070660420678e-04
  +7.52870601334586502136e-05-j1.41232849870680970180e-04
  +7.37849325534594319446e-05-j1.39813502645105928188e-04
  +7.22762338356212056438e-05-j1.38396193038843747479e-04
  +7.08790160201773960852e-05-j1.37092900134929139870e-04
  +6.95679801745986649188e-05-j1.35876938500186959183e-04
  +6.82505083576277814337e-05-j1.34659728338936849961e-04
  +6.69269296088085261821e-05-j1.33441356200509773835e-04
  +6.55972602327304813797e-05-j1.32221787712500987375e-04
  +6.43138643225749296510e-05-j1.30976372135701391941e-04
  +6.30664425663974111862e-05-j1.29709842323006687911e-04
  +6.18131784056016246424e-05-j1.28441814318472731981e-04
  +6.05540898329959376514e-05-j1.27172255955816594815e-04
  +5.92891950555136934618e-05-j1.25901134886940334811e-04
  +5.80772393820003601209e-05-j1.24816121463088914364e-04
  +5.69094589747794202196e-05-j1.23880040980616835423e-04
  +5.57385895312102806840e-05-j1.22938950717611035664e-04
  +5.45647502696292418102e-05-j1.21992942286078395395e-04
  +5.33879543317308300865e-05-j1.21042022842052831634e-04
  +5.22192857393886144591e-05-j1.20090922155722913743e-04
  +5.10569190452028087062e-05-j1.19138877605233788233e-04
  +4.98916478605575396837e-05-j1.18181967713949242246e-04
  +4.87234851855914316804e-05-j1.17220199561137464151e-04
  +4.75524439368427324719e-05-j1.16253580323735206093e-04
  +4.64567448443664051489e-05-j1.15348444097570099957e-04
  +4.54249096257410944332e-05-j1.14496415995059291513e-04
  +4.43906052843523097370e-05-j1.13641673579487588464e-04
  +4.33538818296220695926e-05-j1.12784275368837618890e-04
  +4.23147444394146419891e-05-j1.11924216604298619264e-04
  +4.14065255488065843935e-05-j1.11044989193633013898e-04
  +4.06119888656678048699e-05-j1.10148767150861339663e-04
  +3.98156430949834249972e-05-j1.09249856388020242029e-04
  +3.90174934582629895016e-05-j1.08348253264417562444e-04
  +3.82175451759967643186e-05-j1.07443954147835131008e-04
  +3.74331784574473115873e-05-j1.06561449195237062447e-04
  +3.66628528247036472847e-05-j1.05699490815680475966e-04
  +3.58913447555068090161e-05-j1.04836909571435867093e-04
  +3.51186832293361422385e-05-j1.03973773019957644605e-04
  +3.43448691067862015556e-05-j1.03110076803583736605e-04
  +3.35877350600008724537e-05-j1.02174073205118048327e-04
  +3.28455424660744013817e-05-j1.01172625379528774697e-04
  +3.21021907865418504877e-05-j1.00170471159235878467e-04
  +3.13576813988678023272e-05-j9.91676060212248148152e-05
  +3.06120156845465817615e-05-j9.81640254408132242707e-05
  +2.98683065389879823768e-05-j9.73525330187521815506e-05
  +2.91263104059373483337e-05-j9.67165266251417154487e-05
  +2.83831536972694492874e-05-j9.60778844551220240601e-05
  +2.76388554597105446839e-05-j9.54366976510094170783e-05
  +2.68934194524532885445e-05-j9.47929631134199722486e-05
  +2.61889012526798404829e-05-j9.41067428651958946990e-05
  +2.55229708020191878456e-05-j9.33803670139552957239e-05
  +2.48561746973164855365e-05-j9.26513412689243249891e-05
  +2.41885170053461200134e-05-j9.19196629599526810004e-05
  +2.35200017931452273539e-05-j9.11853294134589554111e-05
  +2.29616193734895651017e-05-j9.04897768235601835480e-05
  +2.25090466976249513526e-05-j8.98310172911745966800e-05
  +2.20559561556752196378e-05-j8.91691849523091912156e-05
  +2.16023561561722431275e-05-j8.85042892719975824280e-05
  +2.11482535452631011043e-05-j8.78363680117046508738e-05
  +2.06248749800030374243e-05-j8.72206635656753434061e-05
  +2.00333285094628976632e-05-j8.66561130213337114893e-05
  +1.94407751218797404137e-05-j8.60887243983201168405e-05
  +1.88472230678977419245e-05-j8.55184977287991922876e-05
  +1.82526805952483557550e-05-j8.49454330808335723521e-05
  +1.76945537167744009182e-05-j8.43821959429232293067e-05
  +1.71722759172979790856e-05-j8.38304584874225903026e-05
  +1.66483595680037764985e-05-j8.32781428595638574704e-05
  +1.61228150993963401203e-05-j8.27252043752522682679e-05
  +1.55956371324442618330e-05-j8.21716654838326553264e-05
  +1.51796460994408162124e-05-j8.16262944804805760718e-05
  +1.48772140829394049514e-05-j8.10891378334050447804e-05
  +1.45735748787208659424e-05-j8.05512413580214544848e-05
  +1.42687295144662861158e-05-j8.00126023967829744753e-05
  +1.39626790155113520526e-05-j7.94732182931567741240e-05
  +1.36382355022537680658e-05-j7.89489222538239859622e-05
  +1.32948053360720130938e-05-j7.84392816899874290850e-05
  +1.29502737985183387923e-05-j7.79274879232247602405e-05
  +1.26046470868360557262e-05-j7.74135392260827430921e-05
  +1.22579426568698559636e-05-j7.68974068949683270575e-05
  +1.19101614459486927013e-05-j7.63791024005894947759e-05
  +1.15613036698826390661e-05-j7.58586386185211201082e-05
  +1.12113755719831997772e-05-j7.53360139027360977467e-05
  +1.08603834065430501570e-05-j7.48112266267496870721e-05
  +1.05083334387511024438e-05-j7.42842751834321349128e-05
  +1.01391765487257381486e-05-j7.37686266539733302532e-05
  +9.75194638746670032373e-06-j7.32662693103351811332e-05
  +9.36412216980099935720e-06-j7.27629536291379965885e-05
  +8.97570603875604760907e-06-j7.22586790086477548508e-05
  +8.58670013585008867285e-06-j7.17534448523982201426e-05
  +8.19711276094211362423e-06-j7.12472405517944302284e-05
  +7.80695164122646292145e-06-j7.07400567317399421282e-05
  +7.41620707887299438317e-06-j7.02319122061075516716e-05
  +7.02488121087752665406e-06-j6.97228063995465380167e-05
  +6.63297617262451847525e-06-j6.92127387417173492098e-05
  +6.32204658180298562634e-06-j6.87662364787173168790e-05
  +6.10190043821981952849e-06-j6.83915599299935009258e-05
  +5.88059428437025598195e-06-j6.80161371997997193624e-05
  +5.65812994547529282045e-06-j6.76399664557289162373e-05
  +5.43450924751815080414e-06-j6.72630458698187766150e-05
  +5.20973401719384890114e-06-j6.68853736186439244184e-05
  +4.98380608190340804111e-06-j6.65069478831992351702e-05
  +4.75674068909506105268e-06-j6.61277507684415548610e-05
  +4.52852981186206668575e-06-j6.57477924191508512853e-05
  +4.29917159645455360876e-06-j6.53670754638258072597e-05
  +4.05191236687378084856e-06-j6.49551909112166083512e-05
  +3.78480517705334083663e-06-j6.45061658555556708718e-05
  +3.51782847056464079570e-06-j6.40553530320303355109e-05
  +3.25098456435776659695e-06-j6.36027530078397355245e-05
  +2.98427577062037449463e-06-j6.31483663475354095682e-05
  +2.71770439678441063844e-06-j6.26921936130554811710e-05
  +2.45127274561122856735e-06-j6.22342353635073033047e-05
  +2.18498311515602610782e-06-j6.17744921553077270399e-05
  +1.91883779883396773025e-06-j6.13129645420367749105e-05
  +1.65285406664603998263e-06-j6.08496394981134262284e-05
  +1.44554654226866807758e-06-j6.04419582164626579125e-05
  +1.30892610744799807674e-06-j6.01035911812637771478e-05
  +1.17126286053956874145e-06-j5.97648687237913679498e-05
  +1.03255824468427811966e-06-j5.94257895671232520265e-05
  +8.92813707866302535778e-07-j5.90863524414599443628e-05
  +7.52030702899130711446e-07-j5.87465560840358706155e-05
  +6.10210687312365329556e-07-j5.84063992392934561008e-05
  +4.67355123361486783031e-07-j5.80658806587287896150e-05
  +3.23465477945754612297e-07-j5.77249991009822085259e-05
  +1.78543222562986216168e-07-j5.73837533318311565915e-05
  -8.75584292865484039009e-09-j5.70388598741266799707e-05
  -2.48465240943876916252e-07-j5.66889481103032425780e-05
  -4.87625966857792764557e-07-j5.63380133119277540167e-05
  -7.26238070661230827753e-07-j5.59860580833169941498e-05
  -9.64300275062005634747e-07-j5.56330840719997086227e-05
  -1.20181130893887082003e-06-j5.52790929248324919439e-05
  -1.43876990730813628465e-06-j5.49240862879522926537e-05
  -1.67517481127577134181e-06-j5.45680658066904631970e-05
  -1.91102476800598138271e-06-j5.42110331255234287242e-05
  -2.14631853075857198214e-06-j5.38529898881779427937e-05
  -2.37821673902845077744e-06-j5.34974825320267115963e-05
  -2.60598243643803413036e-06-j5.31456787224253627655e-05
  -2.83344238620831427258e-06-j5.27928964873323862145e-05
  -3.06058882866159381953e-06-j5.24391327679621420746e-05
  -3.28742224680220720270e-06-j5.20843889476930681898e-05
  -3.51394663770148263672e-06-j5.17286682059178538960e-05
  -3.74016087283430854202e-06-j5.13719709848477014739e-05
  -3.96606382457004987224e-06-j5.10142977247513227106e-05
  -4.19165436622946618715e-06-j5.06556488640748855414e-05
  -4.41693137201803660716e-06-j5.02960248393589709395e-05
  -4.56284308883554314261e-06-j4.99691766856183409323e-05
  -4.60010085618958031303e-06-j4.96880272554891009662e-05
  -4.63794072043915651591e-06-j4.94061081001477238935e-05
  -4.67636105307641580721e-06-j4.91234189148985218171e-05
  -4.71536022710374928238e-06-j4.88399594009165108821e-05
  -4.75493661710360414368e-06-j4.85557292652768338124e-05
  -4.79507907541472899027e-06-j4.82707244965202214647e-05
  -4.83579517803754432734e-06-j4.79849484189583182117e-05
  -4.87708373591823733266e-06-j4.76984009269261762334e-05
  -4.91894313037806383664e-06-j4.74110817517200283395e-05
  -5.01590291061791507130e-06-j4.71172137429449908131e-05
  -5.19157223228874892235e-06-j4.68142531158015077672e-05
  -5.36752856491405329142e-06-j4.65104897746901446817e-05
  -5.54377029636587927483e-06-j4.62059236199358183738e-05
  -5.72029581552180941536e-06-j4.59005545547502762462e-05
  -5.89710351219999281622e-06-j4.55943824851138979222e-05
  -6.07419177723477163072e-06-j4.52874073198569494217e-05
  -6.25155900247596447246e-06-j4.49796289706340366474e-05
  -6.42920297705913253243e-06-j4.46710471916790852784e-05
  -6.60711490918488738818e-06-j4.43616600304288824746e-05
  -6.72791173534178488632e-06-j4.40818211250440446540e-05
  -6.76283565870938610867e-06-j4.38469473612270298365e-05
  -6.79773893644934075448e-06-j4.36117231323466253835e-05
  -6.83262134747268256343e-06-j4.33761486596843950599e-05
  -6.86748267228356771229e-06-j4.31402241637925666054e-05
  -6.90232269297412654867e-06-j4.29039498644891257196e-05
  -6.93714119321353432488e-06-j4.26673259808494202716e-05
  -6.97193795824777911094e-06-j4.24303527311950065700e-05
  -7.00671277488449482256e-06-j4.21930303330924567407e-05
  -7.04146543149208115400e-06-j4.19553590033416832247e-05
  -7.10075578764866426469e-06-j4.17184961755436272551e-05
  -7.19830426508052899338e-06-j4.14828346882447577398e-05
  -7.29572073545285581289e-06-j4.12464538691567874826e-05
  -7.39300947517443791121e-06-j4.10093549175079467666e-05
  -7.49016969534950586554e-06-j4.07715381565911552620e-05
  -7.58719991646001097195e-06-j4.05330037948961054931e-05
  -7.68409865773190120248e-06-j4.02937520433064558147e-05
  -7.78086443709467961700e-06-j4.00537831150542329348e-05
  -7.87749577124989375330e-06-j3.98130972258160887385e-05
  -7.97399117561094038361e-06-j3.95716945936176465516e-05
  -8.05812300773228381027e-06-j3.93318932224880464738e-05
  -8.12245041544336750456e-06-j3.90954832529302303548e-05
  -8.18700111424668325148e-06-j3.88588382946469619778e-05
  -8.25177501534186845294e-06-j3.86219583674523070957e-05
  -8.31677203118667209990e-06-j3.83848434919705489682e-05
  -8.38198944361067379758e-06-j3.81474935157604430180e-05
  -8.44742655605025953331e-06-j3.79099084357169765244e-05
  -8.51308658875178146208e-06-j3.76720884993079943148e-05
  -8.57896945929466646407e-06-j3.74340337307634972615e-05
  -8.64507508651365271760e-06-j3.71957441550678741086e-05
  -8.72269875219647867635e-06-j3.69633227403173321305e-05
  -8.81958728942979993965e-06-j3.67408995327860241607e-05
  -8.91646480488982579970e-06-j3.65180343560933673018e-05
  -9.01333089259878241059e-06-j3.62947273125663422643e-05
  -9.11018514762131565766e-06-j3.60709785036392722286e-05
  -9.20702716605220917979e-06-j3.58467880298293740862e-05
  -9.30385654500896605481e-06-j3.56221559907382356652e-05
  -9.40067288262316059317e-06-j3.53970824850434944786e-05
  -9.49747577802697220809e-06-j3.51715676104858611796e-05
  -9.59426144021462764134e-06-j3.49456115937845054648e-05
  -9.67410442291952583612e-06-j3.47265087794951772342e-05
  -9.72380996280692964798e-06-j3.45198763195556838999e-05
  -9.77338634571103101923e-06-j3.43127504434357318073e-05
  -9.82283287977644518636e-06-j3.41051317857586427321e-05
  -9.87214887549728059872e-06-j3.38970209818763155334e-05
  -9.92133364574447267168e-06-j3.36884186678763276781e-05
  -9.97038650576072022370e-06-j3.34793254805700564512e-05
  -1.00193067731206783159e-05-j3.32697420574484164016e-05
  -1.00680937677581090463e-05-j3.30596690366887033686e-05
  -1.01167468119492356580e-05-j3.28491070571443352188e-05
  -1.01473416668394481646e-05-j3.26464818541054432530e-05
  -1.01446078378048216778e-05-j3.24589647346151447373e-05
  -1.01418003970974719929e-05-j3.22709209172815275125e-05
  -1.01389162596710104302e-05-j3.20823513628351779186e-05
  -1.01359560324046926331e-05-j3.18932565637449884984e-05
  -1.01329206963882821358e-05-j3.17036369615711387856e-05
  -1.01298097457701520758e-05-j3.15134931880001111447e-05
  -1.01266226781090030312e-05-j3.13228258747282609564e-05
  -1.01233589943642949361e-05-j3.11316356534298462055e-05
  -1.01200181989369097446e-05-j3.09399231558035329786e-05
  -1.01333024487508815980e-05-j3.07503239223510887144e-05
  -1.01789052067290993885e-05-j3.05654249937864903831e-05
  -1.02244636708886178534e-05-j3.03801758245225884828e-05
  -1.02699774327342642868e-05-j3.01945766227002470412e-05
  -1.03154460845849950884e-05-j3.00086275962568727721e-05
  -1.03608692195940212659e-05-j2.98223289529508807751e-05
  -1.04062464317695556603e-05-j2.96356809003752097930e-05
  -1.04515764215931474565e-05-j2.94486838372084712445e-05
  -1.04968572636464740861e-05-j2.92613383062368519487e-05
  -1.05420910047591111577e-05-j2.90736439962708215440e-05
  -1.05753818990972538731e-05-j2.88880717021012183932e-05
  -1.05847576319847393384e-05-j2.87071619753171494726e-05
  -1.05944575659964470936e-05-j2.85259072045694274291e-05
  -1.06044811662717132825e-05-j2.83443070056761996722e-05
  -1.06148278992291868726e-05-j2.81623609950088887562e-05
  -1.06254972325982562716e-05-j2.79800687895066359863e-05
  -1.06364886353800316016e-05-j2.77974300066384695388e-05
  -1.06478015779100471604e-05-j2.76144442644402418737e-05
  -1.06594355317929890620e-05-j2.74311111814575498791e-05
  -1.06713899699337610175e-05-j2.72474303767597109138e-05
  -1.06810673047791391090e-05-j2.70601062990927191819e-05
  -1.06850176982180421762e-05-j2.68654579797182778357e-05
  -1.06884739588391572401e-05-j2.66704868015335932172e-05
  -1.06914361512057800777e-05-j2.64751935426565105486e-05
  -1.06939049680944658053e-05-j2.62795787853141166038e-05
  -1.06958799784359038593e-05-j2.60836434542579620813e-05
  -1.06973607525809343618e-05-j2.58873884750813519173e-05
  -1.06983468622932924368e-05-j2.56908147742113831765e-05
  -1.06988378807181087486e-05-j2.54939232788984723363e-05
  -1.06988333823905661790e-05-j2.52967149171981237499e-05
  -1.07175592471030277608e-05-j2.51148273479305019775e-05
  -1.07788154882849294925e-05-j2.49672664250412694367e-05
  -1.08400249894115507471e-05-j2.48192196687566453059e-05
  -1.09011875691279807807e-05-j2.46706874374188374886e-05
  -1.09623030482913523320e-05-j2.45216700870684349773e-05
  -1.10233712499676855774e-05-j2.43721679714223782211e-05
  -1.10843919994113746869e-05-j2.42221814418794682280e-05
  -1.11453638565785889523e-05-j2.40717113688031481803e-05
  -1.12062870291590592654e-05-j2.39207579577854346066e-05
  -1.12671622614124471222e-05-j2.37693211818195696743e-05
  -1.13030052648796814773e-05-j2.36129235110025783228e-05
  -1.12807180183241207344e-05-j2.34458263840894103026e-05
  -1.12585836971700907000e-05-j2.32785798193079768853e-05
  -1.12366019133104424164e-05-j2.31111836951727944516e-05
  -1.12147722783741338111e-05-j2.29436378906916879823e-05
  -1.11930944037006713249e-05-j2.27759422853461805517e-05
  -1.11715679003620785580e-05-j2.26080967591190557799e-05
  -1.11501923791410512908e-05-j2.24401011924562549026e-05
  -1.11289674505802886823e-05-j2.22719554663088624999e-05
  -1.11078927249313900787e-05-j2.21036594620958370472e-05
  -1.10957181572562359661e-05-j2.19382417191518684619e-05
  -1.11049508592684003039e-05-j2.17799484928859064434e-05
  -1.11141224946262763535e-05-j2.16213044021516397238e-05
  -1.11232317568857669911e-05-j2.14623101671761418131e-05
  -1.11322795171787419951e-05-j2.13029653961207753011e-05
  -1.11412653320124162124e-05-j2.11432703640391948992e-05
  -1.11501887586429052827e-05-j2.09832253461512668999e-05
  -1.11590493551093746178e-05-j2.08228306178822969669e-05
  -1.11678466802322724912e-05-j2.06620864548432976553e-05
  -1.11765802935872041543e-05-j2.05009931328202988558e-05
  -1.11706400465102509911e-05-j2.03314162875371757600e-05
  -1.11270198259924987469e-05-j2.01406942997217668296e-05
  -1.10831790799384888487e-05-j1.99497676194997176154e-05
  -1.10391177759085738113e-05-j1.97586362965336946747e-05
  -1.09948358808020867197e-05-j1.95673003793400409960e-05
  -1.09503333608504124997e-05-j1.93757599152869125264e-05
  -1.09056101816053784839e-05-j1.91840149506098398609e-05
  -1.08606663079461882238e-05-j1.89920655303956041236e-05
  -1.08155009306497410003e-05-j1.87999121777281482824e-05
  -1.07701142393963259755e-05-j1.86075548000478386060e-05
  -1.07338316918073192958e-05-j1.84440026014243367688e-05
  -1.07225756366836798625e-05-j1.83585103006174185755e-05
  -1.07112087293821277371e-05-j1.82727171338985399404e-05
  -1.06997306199916397083e-05-j1.81866234261507114399e-05
  -1.06881409593368322089e-05-j1.81002295024257234355e-05
  -1.06764393989952289301e-05-j1.80135356879495264271e-05
  -1.06646255912923344772e-05-j1.79265423081182093405e-05
  -1.06526991892810616339e-05-j1.78392496884882755892e-05
  -1.06406598467325698535e-05-j1.77516581547711712415e-05
  -1.06285072181762570728e-05-j1.76637680328477049093e-05
  -1.06088923362546879006e-05-j1.75599748448322033308e-05
  -1.05682669092743398108e-05-j1.74116400490684192877e-05
  -1.05275124895641335681e-05-j1.72631821445006783942e-05
  -1.04866293174997850593e-05-j1.71146014054793100243e-05
  -1.04456170376594171200e-05-j1.69658985321109365661e-05
  -1.04044760347207930262e-05-j1.68170736970228005169e-05
  -1.03632070203356772462e-05-j1.66681268355988105364e-05
  -1.03218102372377898668e-05-j1.65190582171749354896e-05
  -1.02802859287372162376e-05-j1.63698681098315229295e-05
  -1.02386343386955092852e-05-j1.62205567804169821381e-05
  -1.02050466814063174180e-05-j1.60872727999007316790e-05
  -1.01958424564392752287e-05-j1.60021903031078501108e-05
  -1.01864634172222686136e-05-j1.59168944228166180154e-05
  -1.01769092722447566197e-05-j1.58313855053193356477e-05
  -1.01671797302875454406e-05-j1.57456638974083813504e-05
  -1.01572745004284533727e-05-j1.56597299464097472824e-05
  -1.01471932920521075986e-05-j1.55735840001545486181e-05
  -1.01369358148342097027e-05-j1.54872264070055763372e-05
  -1.01265017787529231825e-05-j1.54006575158296127987e-05
  -1.01158908940917076206e-05-j1.53138776760291887011e-05
  -1.00985429041658089801e-05-j1.52034958223586257926e-05
  -1.00603976492810503004e-05-j1.50189910406067595681e-05
  -1.00222785343136893462e-05-j1.48343769859812237791e-05
  -9.98418568947156031049e-06-j1.46496537127839115402e-05
  -9.94611924513529888374e-06-j1.44648212751197892758e-05
  -9.90807933180837408632e-06-j1.42798797268584414248e-05
  -9.87006608009408454771e-06-j1.40948291216447515258e-05
  -9.83207962074914519884e-06-j1.39096695129106183767e-05
  -9.79412008462187250169e-06-j1.37244009538550541490e-05
  -9.75618760269597097047e-06-j1.35390234974721246163e-05
  -9.71915784263915603935e-06-j1.33838588080079413131e-05
  -9.68500259489140678869e-06-j1.33299415280080010002e-05
  -9.65074435573141617992e-06-j1.32758774171283017222e-05
  -9.61638305210043088428e-06-j1.32216665639622488231e-05
  -9.58191861092091377037e-06-j1.31673090563308603252e-05
  -9.54735095913205660749e-06-j1.31128049813159757028e-05
  -9.51268002367497901193e-06-j1.30581544252443384390e-05
  -9.47790544384592997687e-06-j1.30033577502699808825e-05
  -9.44302710653067452337e-06-j1.29484150789464511538e-05
  -9.40804526983554226846e-06-j1.28933261765965068109e-05
  -9.37683304941052857891e-06-j1.28190601819365593381e-05
  -9.35921383595441258758e-06-j1.26772897003873524633e-05
  -9.34146147881591091134e-06-j1.25354198539451331220e-05
  -9.32357591391279505357e-06-j1.23934507671530806997e-05
  -9.30555707704208858290e-06-j1.22513825643854897646e-05
  -9.28740490382110855786e-06-j1.21092153698493269146e-05
  -9.26911932972621050797e-06-j1.19669493076046171658e-05
  -9.25070029008433843305e-06-j1.18245845015376794054e-05
  -9.23214772003813382206e-06-j1.16821210753869151575e-05
  -9.21346155460014067952e-06-j1.15395591527268166001e-05
  -9.18925632075323865625e-06-j1.14126042761344898338e-05
  -9.14468390976619535627e-06-j1.13445574629843114114e-05
  -9.09997822158649471264e-06-j1.12764105646283848761e-05
  -9.05513922594660697763e-06-j1.12081637151938065257e-05
  -9.01016672466073285019e-06-j1.11398172383182706270e-05
  -8.96506057213519964649e-06-j1.10713713974781415228e-05
  -8.91982102531691659129e-06-j1.10028260004234235185e-05
  -8.87444805370710208380e-06-j1.09341811797503397728e-05
  -8.82894162676853786213e-06-j1.08654370677017194405e-05
  -8.78330171385615634735e-06-j1.07965937961290590663e-05
  -8.73305274540561218540e-06-j1.07165057533390687962e-05
  -8.66470168388263087213e-06-j1.05917809398348538425e-05
  -8.59606936824277362752e-06-j1.04669397314691062472e-05
  -8.52715610275108324573e-06-j1.03419823727364123980e-05
  -8.45796219154140389363e-06-j1.02169091062565867790e-05
  -8.38848793857537963401e-06-j1.00917201728057987376e-05
  -8.31873364768950371761e-06-j9.96641581130708571550e-06
  -8.24869962256864541544e-06-j9.84099625884469690455e-06
  -8.17838616669732021327e-06-j9.71546175067746620299e-06
  -8.10779358343387126313e-06-j9.58981252023049604593e-06
  -8.03441287279930666345e-06-j9.46566276511108094932e-06
  -7.95012270695331558124e-06-j9.34815883675224052862e-06
  -7.86564331782789765617e-06-j9.23035292043614072094e-06
  -7.78097461986974365958e-06-j9.11224477729069819859e-06
  -7.69611629715371279355e-06-j8.99383445723752596114e-06
  -7.61106799998006574508e-06-j8.87512205103893005891e-06
  -7.52582937787903232506e-06-j8.75610764860463552917e-06
  -7.44040007962628421916e-06-j8.63679133898332284291e-06
  -7.35477975324230394828e-06-j8.51717321037075603303e-06
  -7.26896804596831896841e-06-j8.39725335009893220225e-06
  -7.20454451194949810935e-06-j8.29449486951388289917e-06
  -7.23824618439445756048e-06-j8.27103332531422440676e-06
  -7.27197379457651901812e-06-j8.24751043246136271122e-06
  -7.30572733601681301906e-06-j8.22392618959718720776e-06
  -7.33950680239621458469e-06-j8.20028059512806978065e-06
  -7.37331218753601647027e-06-j8.17657364723256602668e-06
  -7.40714348540590398015e-06-j8.15280534387540823955e-06
  -7.44100069014629207355e-06-j8.12897568278106104117e-06
  -7.47488379602122694463e-06-j8.10508466146024875957e-06
  -7.50879278753329045242e-06-j8.08113229187734057382e-06
  -7.52676898215432263863e-06-j8.04399404330242133064e-06
  -7.46687547626374404730e-06-j7.94276301110483067415e-06
  -7.40688026772076136948e-06-j7.84142193689187059244e-06
  -7.34678325235652837427e-06-j7.73997086233761799460e-06
  -7.28658432582735683089e-06-j7.63840982895037358348e-06
  -7.22628338358951473742e-06-j7.53673887807165134538e-06
  -7.16588032090119821349e-06-j7.43495805089079918576e-06
  -7.10537503283818382209e-06-j7.33306738842314717326e-06
  -7.04476741428249103361e-06-j7.23106693152849064565e-06
  -6.98405735990347814449e-06-j7.12895672090444438933e-06
  -6.91544079514423675598e-06-j7.03055868967209823719e-06
  -6.80577414095976448039e-06-j6.95216154682248441089e-06
  -6.69596107609116761029e-06-j6.87377482934432334886e-06
  -6.58600162612662538554e-06-j6.79539889185924852127e-06
  -6.47589581724659890514e-06-j6.71703408927040649236e-06
  -6.36564367628045443272e-06-j6.63868077674620913448e-06
  -6.25524523067376623072e-06-j6.56033930972463740248e-06
  -6.14470050849669795136e-06-j6.48201004390086110013e-06
  -6.03400941567428154388e-06-j6.40369353296106648274e-06
  -5.92317207482907120872e-06-j6.32538997941982489271e-06
  -5.81422425308523179268e-06-j6.24621628731310648457e-06
  -5.71659222555230666496e-06-j6.16196904006298025333e-06
  -5.61870974672199953193e-06-j6.07758406178364242207e-06
  -5.52057720038695303887e-06-j5.99306142853373632201e-06
  -5.42219497047084582797e-06-j5.90840121401497766340e-06
  -5.32356344098652962905e-06-j5.82360348959404271386e-06
  -5.22468299603058791984e-06-j5.73866832431162646872e-06
  -5.12555401979929656784e-06-j5.65359578489342866835e-06
  -5.02617689656076915182e-06-j5.56838593575666832860e-06
  -4.92655201066388384211e-06-j5.48303883903623757702e-06
  -4.83097752579649101389e-06-j5.39446869618533983952e-06
  -4.76156469390676486981e-06-j5.28688717638309119942e-06
  -4.69197282274535258992e-06-j5.17927344994549654984e-06
  -4.62220185069540062092e-06-j5.07162777760899311278e-06
  -4.55225171635388294782e-06-j4.96395042044007635658e-06
  -4.48212235853310203630e-06-j4.85624163984543982738e-06
  -4.41181370261667788320e-06-j4.74850172086971038395e-06
  -4.34132562332797849775e-06-j4.64073103696284164539e-06
  -4.27065814276589357404e-06-j4.53292971036921724733e-06
  -4.19981120065497413272e-06-j4.42509800379380100404e-06
  -4.13376371872112914244e-06-j4.32545165656552186027e-06
  -4.10088009429450656813e-06-j4.28063561426432505466e-06
  -4.06792456858799737459e-06-j4.23568871666965672421e-06
  -4.03489713037685138788e-06-j4.19061102531608032436e-06
  -4.00179776877996647703e-06-j4.14540260104226075802e-06
  -3.96862647322769283170e-06-j4.10006350401431537983e-06
  -3.93538323348226424392e-06-j4.05459379371170496839e-06
  -3.90206803962627168372e-06-j4.00899352893192882988e-06
  -3.86868088205362122245e-06-j3.96326276779161492943e-06
  -3.83522175148164914499e-06-j3.91740156772706961554e-06
  -3.79971653746132799606e-06-j3.88126135716015520323e-06
  -3.74970237418500872663e-06-j3.91725213007762925127e-06
  -3.69965786886020555192e-06-j3.95329119969041979784e-06
  -3.64958300237288648662e-06-j3.98937861207325755036e-06
  -3.59947775562116896247e-06-j4.02551441346350608323e-06
  -3.54934210384716423362e-06-j4.06169866002131073080e-06
  -3.49917597129697744722e-06-j4.09793149258325383215e-06
  -3.44897939846188362261e-06-j4.13421285229786907093e-06
  -3.39875236625134408028e-06-j4.17054278608244607382e-06
  -3.34849485558309395856e-06-j4.20692134101355477802e-06
  -3.28907258611745240826e-06-j4.23634088682641603253e-06
  -3.15571834615728848562e-06-j4.20918929832957989243e-06
  -3.02218939995923667778e-06-j4.18211337389910712170e-06
  -2.88848570901102339061e-06-j4.15511317642673326804e-06
  -2.75460723436204183253e-06-j4.12818876917894327788e-06
  -2.62055393662898393657e-06-j4.10134021578365698548e-06
  -2.48632577600034361103e-06-j4.07456758023338854580e-06
  -2.35192271223639344608e-06-j4.04787092689079450034e-06
  -2.21734470466851598124e-06-j4.02125032048702290991e-06
  -2.08259171220746989992e-06-j3.99470582612601458791e-06
  -1.95647542689538480196e-06-j3.97200226769287391345e-06
  -1.90945741835360280184e-06-j3.98320736286665918736e-06
  -1.86236591971142560548e-06-j3.99446552063439623971e-06
  -1.81520098193795056547e-06-j4.00577675760272758425e-06
  -1.76796265580001690737e-06-j4.01714109035768234093e-06
  -1.72065095269726677993e-06-j4.02855857335385248878e-06
  -1.67326593570812835694e-06-j4.04002920852608404898e-06
  -1.62580768020050738886e-06-j4.05155298745720479566e-06
  -1.57827623616762334655e-06-j4.06312992661537667307e-06
  -1.53067165341749935851e-06-j4.07476004244214785025e-06
  -1.48325710961304158137e-06-j4.07733171182012891310e-06
  -1.43842071168308794396e-06-j3.98781271986778466107e-06
  -1.39349944489332263507e-06-j3.89813355795405859587e-06
  -1.34849318310935495023e-06-j3.80829424532637853353e-06
  -1.30340180005189395275e-06-j3.71829480091463276722e-06
  -1.25822516928591407527e-06-j3.62813524332867894326e-06
  -1.21296316423470845519e-06-j3.53781559086558153418e-06
  -1.16761565817061773552e-06-j3.44733586150322224569e-06
  -1.12218252420340644348e-06-j3.35669607291585450618e-06
  -1.07666363530036287065e-06-j3.26589624245646654671e-06
  -1.02531159276563336424e-06-j3.17546004761067511920e-06
  -9.07738875896162760222e-07-j3.09098274521757789530e-06
  -7.89871129412733675436e-07-j3.00653679778469164224e-06
  -6.71708420297826323444e-07-j2.92212217787206300821e-06
  -5.53250814361481205625e-07-j2.83773885785288274976e-06
  -4.34498349070798957185e-07-j2.75338682729254860152e-06
  -3.15451104137812859636e-07-j2.66906604432956999154e-06
  -1.96109153641869125094e-07-j2.58477647268131857625e-06
  -7.64725587030555680081e-08-j2.50051808404781965341e-06
  +4.34586207431238192447e-08-j2.41629084998477045929e-06
  +1.58612974325422783027e-07-j2.34260560059011918336e-06
  +2.06624427405601910393e-07-j2.40847438632297656936e-06
  +2.54681165570613689898e-07-j2.47442816887659998987e-06
  +3.02783123825430498551e-07-j2.54046699049282872688e-06
  +3.50930237159378453109e-07-j2.60659089345575587741e-06
  +3.99122440539862801759e-07-j2.67279992006657359261e-06
  +4.47359668908809618121e-07-j2.73909411266391584453e-06
  +4.95641857189678598771e-07-j2.80547351361406757222e-06
  +5.43968940279168281350e-07-j2.87193816531231400530e-06
  +5.92340853056010681778e-07-j2.93848811019676381810e-06
  +6.38898637003739083860e-07-j2.99550304658464055076e-06
  +6.56427348413693085820e-07-j2.90190799082256945538e-06
  +6.74034581107665513173e-07-j2.80813991092638044162e-06
  +6.91720412530129561009e-07-j2.71419885192727360193e-06
  +7.09484920144333227335e-07-j2.62008485846406821574e-06
  +7.27328193004476461589e-07-j2.52579797709481453127e-06
  +7.45250316830949341166e-07-j2.43133825256774265022e-06
  +7.63251347515148151686e-07-j2.33670572372765309059e-06
  +7.81331362609664867640e-07-j2.24190043370180984997e-06
  +7.99490439690462584841e-07-j2.14692242524319085422e-06
  +8.18132908458738322036e-07-j2.05333508787796723328e-06
  +8.44513939128435054596e-07-j1.98929654756905370115e-06
  +8.70948819371017322891e-07-j1.92517891233529498302e-06
  +8.97437628433230875588e-07-j1.86098218470113852343e-06
  +9.23980445720980963847e-07-j1.79670636711370845856e-06
  +9.50577350793895448590e-07-j1.73235146197867809673e-06
  +9.77228423373063399387e-07-j1.66791747163641429428e-06
  +1.00393374333826296738e-06-j1.60340439836780461871e-06
  +1.03069339072311106285e-06-j1.53881224440535792725e-06
  +1.05750744572246028223e-06-j1.47414101190989550240e-06
  +1.08535675922156854094e-06-j1.41321401596779463909e-06
  +1.13675670200871419258e-06-j1.44394359895047856651e-06
  +1.18817681601753853862e-06-j1.47473204485528138130e-06
  +1.23961713509637261813e-06-j1.50557936773128445837e-06
  +1.29107769310388931896e-06-j1.53648558182214216975e-06
  +1.34255852390941169770e-06-j1.56745070159584429298e-06
  +1.39405967187415838489e-06-j1.59847474023765275677e-06
  +1.44558116932295646746e-06-j1.62955771258226670067e-06
  +1.49712304221625637737e-06-j1.66069963474408052332e-06
  +1.54868532446294459788e-06-j1.69190052201601785996e-06
  +1.60163154542754096068e-06-j1.72472604783247808245e-06
  +1.69870638499265951778e-06-j1.80822277398601562396e-06
  +1.79593222471197972065e-06-j1.89185907130715841246e-06
  +1.89330900088701245558e-06-j1.97563506106861877924e-06
  +1.99083664999769631096e-06-j2.05955086468395136474e-06
  +2.08851510872411973721e-06-j2.14360660372190418597e-06
  +2.18634431391768169252e-06-j2.22780239988878955157e-06
  +2.28432420262189477201e-06-j2.31213837503687244084e-06
  +2.38245471206255179049e-06-j2.39661465116700265863e-06
  +2.48073577964054844882e-06-j2.48123135043065914934e-06
  +2.57654282388184921590e-06-j2.56134501313545672602e-06
  +2.54393970378966386469e-06-j2.41408257385040338853e-06
  +2.51130989505150679868e-06-j2.26654233574582200460e-06
  +2.47865359035079030716e-06-j2.11872426645312734170e-06
  +2.44597098234645462706e-06-j1.97062833338280722235e-06
  +2.41326226368971801943e-06-j1.82225450371026500368e-06
  +2.38052762700971447881e-06-j1.67360274441099876155e-06
  +2.34776726945802878313e-06-j1.52467302130934305674e-06
  +2.31498138815125689688e-06-j1.37546529925757616918e-06
  +2.28217016531018094730e-06-j1.22597954624335078353e-06
  +2.25121694568882931483e-06-j1.07727134607397146311e-06
  +2.40661909775276039672e-06-j1.03289150436173323809e-06
  +2.56226690439427374590e-06-j9.88641311615138813212e-07
  +2.71816051212826830338e-06-j9.44520935813329658673e-07
  +2.87430006786294115986e-06-j9.00530545934241814513e-07
  +3.03068571887338384475e-06-j8.56670311946515349568e-07
  +3.18731761283354850253e-06-j8.12940404817912280771e-07
  +3.34419589779366980604e-06-j7.69340996518896875543e-07
  +3.50132072218428793946e-06-j7.25872260024799820971e-07
  +3.65869223480931012792e-06-j6.82534369297126006613e-07
  +3.81631058484181655385e-06-j6.39327499323489798611e-07
</dep>
<dep S[2,3] frequency>
  +5.69357820557228642197e-09+j6.34155121987290653387e-09
  -5.11828392542375536361e-09-j1.03092506782245803486e-09
  -2.19983443944118714698e-09+j1.99606033573095818147e-09
  +1.68650823428723945206e-09+j5.73465350948927280396e-10
  +6.73248529601043856008e-10-j3.72273656067112718772e-10
  -4.10192093310082243531e-10-j2.47893654188973403761e-10
  -3.58416042185750765068e-10+j6.15036359630266598571e-10
  -7.43054767078996318259e-10-j9.96499166852921923973e-11
  -1.51374415155561614233e-10-j4.48236005527413339866e-10
  -8.86994141955657618030e-11-j1.58050655524233205998e-11
  -3.12720698071714151268e-11-j8.34222386477584304081e-12
  +5.12075155519178139571e-12-j9.60109234707797800428e-12
  -9.27425641819799654601e-12-j5.63109310523756724670e-11
  -2.18941228556118728145e-11-j8.48834119483330456879e-11
  -4.24801061489795271332e-12-j4.19122799803576253967e-11
  +9.85620082535537143168e-12-j1.17277692434973888015e-11
  -5.10809781032235168110e-12-j9.46158290111365956934e-12
  -1.59687271126062708008e-11-j7.42461650052673746831e-12
  -8.60362987495753155873e-12-j1.96778552851169939615e-13
  -2.67071079966877888325e-12+j5.02511570082663842162e-12
  -8.74842521480335870877e-13+j1.21460926520639197453e-12
  +5.01891513522082075497e-13-j1.90917907045418453587e-12
  -7.66793483601128975891e-12-j2.26523005620566023541e-11
  -1.41688356515168743054e-11-j3.94647229429621982828e-11
  -7.48646916269372831258e-12-j2.01351825957511501538e-11
  -1.89284054299207026900e-12-j3.57965191805830827609e-12
  -4.82057387028941738892e-12-j3.82090329519746357219e-12
  -7.36278435966417479725e-12-j4.35417812938942873022e-12
  -7.91329253624707779619e-12-j7.10639371454923626410e-12
  -8.25275237861302687659e-12-j9.43385518149510617367e-12
  -1.14584389420475457655e-11-j8.53694268993900515431e-12
  -1.42421792899934073132e-11-j7.70318956113585857242e-12
  -1.21726102169461724229e-11-j7.62916592872354985685e-12
  -1.02114047163428765349e-11-j7.54975353039860055942e-12
  -1.40270424320842544254e-11-j9.03972935878279283168e-12
  -1.74535701478404442763e-11-j1.04141395913155984291e-11
  -1.85063593418852963392e-11-j1.03969225699566531097e-11
  -1.93055618552704598729e-11-j1.03406766372383055773e-11
  -2.20164720330040259397e-11-j1.25526780318187537778e-11
  -2.43846794440626582536e-11-j1.46051150565766329901e-11
  -2.71015694688979089195e-11-j1.57665449354685902296e-11
  -2.94840311448222825328e-11-j1.67827951047955282424e-11
  -3.16789470591994362174e-11-j1.90580605898758828575e-11
  -3.35677750478491948422e-11-j2.11537579312197517076e-11
  -3.74741776928360912870e-11-j2.25791146577904473546e-11
  -4.10054219281216458157e-11-j2.38613637187933861330e-11
  -4.46355602579426284663e-11-j2.48997853330052154624e-11
  -4.78513520344292862815e-11-j2.58496863838725757490e-11
  -5.29251889176346149651e-11-j2.85639106444895489224e-11
  -5.75191798082041360118e-11-j3.11455036095338375416e-11
  -6.17690693710239240454e-11-j3.29545151075875133072e-11
  -6.55355338196232065993e-11-j3.45987482070084395465e-11
  -7.11141115701204226830e-11-j3.67958573771447520865e-11
  -7.61998567605062751593e-11-j3.88780417482123411297e-11
  -8.33623566678988429890e-11-j4.11941100899382005838e-11
  -8.99289011374618811178e-11-j4.33950956457016313335e-11
  -9.77649089320584253382e-11-j4.53537165147764446072e-11
  -1.04924698307005223824e-10-j4.72182584244315054669e-11
  -1.14017683710054549806e-10-j4.93110931488820604191e-11
  -1.22384037176286734375e-10-j5.13476152043525619075e-11
  -1.32858180201584538952e-10-j5.39892099269383243767e-11
  -1.42578061192396470910e-10-j5.65418241593932569121e-11
  -1.54866905054442850978e-10-j5.83417901768510355785e-11
  -1.66318141384142321203e-10-j6.00569467573597755043e-11
  -1.80061110019402688472e-10-j6.18581242408380261618e-11
  -1.92867306306479061307e-10-j6.36427346100673773438e-11
  -2.08569228287899000814e-10-j6.49198608909364537102e-11
  -2.23265969398436474901e-10-j6.62027405654340094402e-11
  -2.40764822146989900267e-10-j6.63752592445543368279e-11
  -2.57161954292912252102e-10-j6.66061780200084203001e-11
  -2.78511734707135181841e-10-j6.62785196296902533970e-11
  -2.98690805692527497094e-10-j6.60661796582035969576e-11
  -3.22401163475916322099e-10-j6.47100230697653134294e-11
  -3.44727065186387379924e-10-j6.35138358345507589400e-11
  -3.72293159957295071921e-10-j6.05719568400948749876e-11
  -3.98399856636064573878e-10-j5.78780866360237789556e-11
  -4.29236167921568046481e-10-j5.24802412578344776544e-11
  -4.58429571046152986569e-10-j4.74279939712782567513e-11
  -4.94295838266599306426e-10-j3.95946973193954754980e-11
  -5.28418045543769921558e-10-j3.22815215198114603631e-11
  -5.68876465302458771146e-10-j2.04764212535755629386e-11
  -6.07344524590935393935e-10-j9.28016026610323839130e-12
  -6.54129593371671854313e-10+j7.30778141827977770897e-12
  -6.98805818230048122300e-10+j2.30517924831104304594e-11
  -7.51155585735205777968e-10+j4.58208928052481910355e-11
  -8.01115223619380289919e-10+j6.75058428662204987503e-11
  -8.61536871954101307362e-10+j9.83476231669248596498e-11
  -9.19468012657334526836e-10+j1.27802508276814971856e-10
  -9.86853630121648281020e-10+j1.68937913379951291679e-10
  -1.05141611041949939013e-09+j2.08330364133608690407e-10
  -1.12670624288701970538e-09+j2.63280574297915640267e-10
  -1.19896585773918801080e-09+j3.16133109233406202465e-10
  -1.28302955107114070653e-09+j3.88509107393654031519e-10
  -1.36389947940898232118e-09+j4.58220326413915998466e-10
  -1.45560027829015173201e-09+j5.53108341516354115960e-10
  -1.54386310306106461368e-09+j6.44705019199021558097e-10
  -1.64245863417882404841e-09+j7.68865798290290009049e-10
  -1.73754821742273247215e-09+j8.89014112202346482365e-10
  -1.83920267566071800253e-09+j1.04956978220046108633e-09
  -1.93722342114660260014e-09+j1.20518496047211823373e-09
  -2.03676783128159418423e-09+j1.41353112616127051258e-09
  -2.13261482610046912189e-09+j1.61609374263857386994e-09
  -2.22119435027049839989e-09+j1.88335735093183961995e-09
  -2.30629183732253405649e-09+j2.14359937868484905192e-09
  -2.36649863117023923813e-09+j2.48292028196401706285e-09
  -2.42339476692432430746e-09+j2.81400187273071868386e-09
  -2.43178564441153820399e-09+j3.23828130467006581009e-09
  -2.43743344117957852602e-09+j3.65305689867446627278e-09
  -2.35367323459553001928e-09+j4.16957394803914946037e-09
  -2.26730579916000098916e-09+j4.67514492726366573839e-09
  -2.03924084339600872020e-09+j5.28035416754441429946e-09
  -1.80883071669687544279e-09+j5.87308211379368628359e-09
  -1.36573274043042219357e-09+j6.54026841482315568102e-09
  -9.19511176994048759042e-10+j7.19253526916069776112e-09
  -1.86899448576931400138e-10+j7.84207392525780655474e-09
  +5.49728808389892726898e-10+j8.47073704464822078640e-09
  +1.62190059029674163054e-09+j8.96686988865352222297e-09
  +2.69655912920979528510e-09+j9.43182369138855159862e-09
  +4.00190915977889283203e-09+j9.69435293189283093487e-09
  +5.44268669198197178244e-09+j9.71549557260868210008e-09
  +6.95262395557623165970e-09+j9.46194963829667509376e-09
  +8.47247640512284138701e-09+j8.92064839498662344240e-09
  +9.92321220764173642848e-09+j8.07935844141077161410e-09
  +1.12283066955838628858e-08+j6.95540280472205012472e-09
  +1.23174024863736399986e-08+j5.59336469916219141575e-09
  +1.31369042511411094132e-08+j4.05326841325145358675e-09
  +1.36808129661898992144e-08+j2.41527700727582176515e-09
  +1.39298351726904303166e-08+j7.37541679010872991801e-10
  +1.39011343373714886924e-08-j9.10825641309501834521e-10
  +1.36313047554993234932e-08-j2.48395871687211893672e-09
  +1.31519493887699111184e-08-j3.94565033870007303454e-09
  +1.25042514656451060885e-08-j5.27154252500444956452e-09
  +1.17208310257732226495e-08-j6.44833441561528064271e-09
  +1.08442177836397481832e-08-j7.47116053729027088044e-09
  +9.88815642059759382130e-09-j8.33661650773287709559e-09
  +8.88737300096584442880e-09-j9.05133588737779525706e-09
  +7.86330433616893225224e-09-j9.62432502931940032470e-09
  +6.83834575795922858889e-09-j1.00735374843236514329e-08
  +5.81805738989971574762e-09-j1.03981304177175900673e-08
  +4.81876365307059776908e-09-j1.06182071039082027670e-08
  +3.84566712269213251883e-09-j1.07313183664479372402e-08
  +2.90758700067751609612e-09-j1.07552304868731598842e-08
  +2.00782312358689133977e-09-j1.07016625721928054589e-08
  +1.14957092832001044314e-09-j1.05676987901588807196e-08
  +3.39388757373059157612e-10-j1.03794554198339260396e-08
  -4.21310584298328418179e-10-j1.01266467055380620445e-08
  -1.13142946135719386429e-09-j9.82300329137803251258e-09
  -1.78662613405611817255e-09-j9.46827589003091297517e-09
  -2.39021407744717518868e-09-j9.08604016080529142427e-09
  -2.93840751070070000445e-09-j8.66618363685002471060e-09
  -3.43777046280278176243e-09-j8.23053061871499640660e-09
  -3.88302342156502120254e-09-j7.76946425404079371195e-09
  -4.27766813415488015567e-09-j7.29207489696778493915e-09
  -4.62615218708597942450e-09-j6.81252908709696096708e-09
  -4.92375779015096939789e-09-j6.32148585476791803565e-09
  -5.17493678439402812941e-09-j5.82703747971061222150e-09
  -5.38148524507241843027e-09-j5.33472078927803506858e-09
  -5.54685966485118986609e-09-j4.84634082037286569130e-09
  -5.66708837921211288688e-09-j4.36108659236706726909e-09
  -5.75472635384924084451e-09-j3.88876430453673022668e-09
  -5.80940361264683937735e-09-j3.42799412009832615136e-09
  -5.82545553442979537571e-09-j2.97826344815193155768e-09
  -5.81549766660172096851e-09-j2.54631196799115999074e-09
  -5.77309037225382579822e-09-j2.12852198305804385357e-09
  -5.70903512169374426669e-09-j1.73121294624584158675e-09
  -5.61704484818335190232e-09-j1.35122925054660804701e-09
  -5.50252363842921981412e-09-j9.91292482982754435896e-10
  -5.37394954971178245913e-09-j6.52491054809304297338e-10
  -5.22393043795432988945e-09-j3.35221579387409697896e-10
  -5.05792655495360032161e-09-j3.86257731643270569070e-11
  -4.87879796900926013786e-09+j2.34934081216143644999e-10
  -4.68852028424210174562e-09+j4.87261130830999704450e-10
  -4.48479207120452520548e-09+j7.16712934503426463394e-10
  -4.27724526615562776069e-09+j9.24340991781844233301e-10
  -4.06474396070625882963e-09+j1.11137627774091837443e-09
  -3.84820769295236656831e-09+j1.27705981298928981770e-09
  -3.62567894093712415351e-09+j1.42083356616466244719e-09
  -3.40465280790336528872e-09+j1.54608912032456705266e-09
  -3.18148573110879150704e-09+j1.65073526203873055691e-09
  -2.96234134596728807504e-09+j1.73776369771771867719e-09
  -2.74337620535116054709e-09+j1.80592260640958113977e-09
  -2.53004418203078309177e-09+j1.85849156159043420620e-09
  -2.31992604941572289049e-09+j1.89304986125014906816e-09
  -2.11725236965001317703e-09+j1.91352043780139831105e-09
  -1.91969644761769750631e-09+j1.91798615907214092675e-09
  -1.73117715726591100505e-09+j1.90986490756625143107e-09
  -1.55109645355584106097e-09+j1.88932835873220246785e-09
  -1.37832773710368043721e-09+j1.85519242897961579432e-09
  -1.21564062627082109257e-09+j1.81172386072436666909e-09
  -1.06314470368670879398e-09+j1.75845128435302823021e-09
  -9.20862996061878910631e-10+j1.69623382401915158753e-09
  -7.89035057846815689178e-10+j1.62601130331308691702e-09
  -6.67701754700941680821e-10+j1.54882549418866941640e-09
  -5.56787591310322968019e-10+j1.46408181609025288894e-09
  -4.57250810935756016756e-10+j1.37530592547306544378e-09
  -3.69103404085752907032e-10+j1.28381897884600262687e-09
  -2.91614921093407592461e-10+j1.18796165047483249358e-09
  -2.25071478586979736237e-10+j1.08935064637008804033e-09
  -1.69479610228266862159e-10+j9.89088076393133193472e-10
  -1.24681059628178741643e-10+j8.88009563247039614273e-10
  -9.04911641786378756029e-11+j7.86927272926754151561e-10
  -6.66048042139280888578e-11+j6.86631436001163597585e-10
  -5.28933277463622740030e-11+j5.87889420412274701127e-10
  -4.89640739802994118258e-11+j4.91849942830111047168e-10
  -5.44857596758421406270e-11+j3.98276961358286862294e-10
  -6.90482902749128093594e-11+j3.08171287660923106480e-10
  -9.22726392345663591947e-11+j2.22285863026792029709e-10
  -1.23746812352296204124e-10+j1.41178319734304401398e-10
  -1.62797575321013103771e-10+j6.53803795548730945519e-11
  -2.09168784286200313164e-10-j4.44225819575459190308e-12
  -2.62293325168961417492e-10-j6.78508408224917106780e-11
  -3.21622277051882072748e-10-j1.24451611122189465758e-10
  -3.86229287205152400635e-10-j1.73624989376135123781e-10
  -4.56011585945319931805e-10-j2.15268712286426256959e-10
  -5.29804896512418231098e-10-j2.48742710753852226623e-10
  -6.07058049368567822041e-10-j2.73881063688935714886e-10
  -6.87270066329344308041e-10-j2.90399551669265066976e-10
  -7.69723374425444839990e-10-j2.98141358547733500636e-10
  -8.53662781050181995828e-10-j2.97110636199319974468e-10
  -9.38466989212293272174e-10-j2.86884367442865045223e-10
  -1.02355659155384765330e-09-j2.67872548850509922291e-10
  -1.10835957793084872260e-09-j2.40042700993425420666e-10
  -1.19113747703172898777e-09-j2.02984827401956535437e-10
  -1.27291194643759935355e-09-j1.56986188391669802354e-10
  -1.35133759376615707799e-09-j1.02105478130430469567e-10
  -1.42732328695656570811e-09-j3.83992584194889919675e-11
  -1.49838901388084292127e-09+j3.39849352386515723959e-11
  -1.56562327678944418962e-09+j1.15103781102584742642e-10
  -1.62636050016494654583e-09+j2.04129462794187825597e-10
  -1.68032775864492189861e-09+j3.01015009400033713482e-10
  -1.72713314793024354183e-09+j4.05551769425794882587e-10
  -1.76597260069416485668e-09+j5.17453008908844934831e-10
  -1.79622159167469609276e-09+j6.35768109672190313645e-10
  -1.81694565572344719783e-09+j7.60438189830180041816e-10
  -1.82741639073055591835e-09+j8.90746987767571753744e-10
  -1.82532263030993546690e-09+j1.02490367681562606197e-09
  -1.81103695573816001901e-09+j1.16267030478363466908e-09
  -1.78423026834925573930e-09+j1.30362607674483406854e-09
  -1.74296019482829352485e-09+j1.44526151907182082054e-09
  -1.68773029181876024075e-09+j1.58722085272186601982e-09
  -1.61846020207870950575e-09+j1.72875921413339932229e-09
  -1.53211274258588570972e-09+j1.86539932840023011394e-09
  -1.43085709028261930725e-09+j1.99734252614550414491e-09
  -1.31438559508535983749e-09+j2.12240139888547758761e-09
  -1.18279104387371357552e-09+j2.23825090755014240614e-09
  -1.03635569955688596446e-09+j2.34085858568790234380e-09
  -8.77148135928484264690e-10+j2.42979056115267055330e-09
  -7.06894163092779970591e-10+j2.50419619921548466554e-09
  -5.27070748320815035011e-10+j2.56048398875391281485e-09
  -3.40509959971604826668e-10+j2.59672569813958711326e-09
  -1.49659129362139372989e-10+j2.61208783100622289892e-09
  +4.19444981988352697376e-11+j2.60409131264847649486e-09
  +2.31090835425270895418e-10+j2.57673353143550025888e-09
  +4.14617814681768106273e-10+j2.52790516011407540110e-09
  +5.89866808201203845319e-10+j2.45951751759883025377e-09
  +7.53830042335849837789e-10+j2.37407150992067809180e-09
  +9.04617979065474837958e-10+j2.27351096048365506426e-09
  +1.04038263366233307363e-09+j2.16012751198537237135e-09
  +1.15979128077877948131e-09+j2.03632565523605162005e-09
  +1.26173892173116388529e-09+j1.90477848348836618957e-09
  +1.34625573611556160996e-09+j1.76790297831302439201e-09
  +1.41439031363737087066e-09+j1.62941957615393661359e-09
  +1.46736583725295836076e-09+j1.49134597063082185431e-09
  +1.50425726485872980495e-09+j1.35453272133037794056e-09
  +1.52820154735099961842e-09+j1.22217101574280695154e-09
  +1.53989592470309693060e-09+j1.09510176843221863049e-09
  +1.53763937724831959153e-09+j9.77421880740133316733e-10
  +1.53103012072289831743e-09+j8.59723753898464342969e-10
  +1.51322453870025423837e-09+j7.54130199828774463173e-10
  +1.49051842163407413555e-09+j6.50958612841565794221e-10
  +1.46182338863029398753e-09+j5.59976347206184389434e-10
  +1.43002235093855935972e-09+j4.71907875451449454877e-10
  +1.39346776804055485703e-09+j3.94822294691660490839e-10
  +1.35416764736643039343e-09+j3.20588054624859733486e-10
  +1.31325212748088820387e-09+j2.56361198915916684863e-10
  +1.27079314937141995590e-09+j1.94949726040252178637e-10
  +1.22857098285434516040e-09+j1.42141200618849392505e-10
  +1.18556298960129963784e-09+j9.18854450661608582383e-11
  +1.14271646007709024305e-09+j4.90236011080616282088e-11
  +1.09910285382773789533e-09+j8.47002103229158182952e-12
  +1.05758076074772935248e-09-j2.60159017918450142276e-11
  +1.01614731315107202251e-09-j5.85319088787828339671e-11
  +9.76317409093186334370e-10-j8.60067567190292131139e-11
  +9.36456108769047230282e-10-j1.11782938082425979600e-10
  +8.98465174027864683718e-10-j1.33251788416610501109e-10
  +8.60624910424939250614e-10-j1.53203769505438757477e-10
  +8.25378135975797012459e-10-j1.69893894039361344072e-10
  +7.90661952832306782306e-10-j1.85414165038344890799e-10
  +7.57859920434008496894e-10-j1.98049118157642658019e-10
  +7.25377293597193785044e-10-j2.09596923227532073087e-10
  +6.95122859549986445873e-10-j2.19095762874707975223e-10
  +6.65367038060213483223e-10-j2.27802440543562653841e-10
  +6.37638122224546005975e-10-j2.34703532652822337005e-10
  +6.10389716664291911527e-10-j2.40880116068957693886e-10
  +5.84975079726091013798e-10-j2.45733913732912387162e-10
  +5.60013966722568775586e-10-j2.50035766588797546919e-10
  +5.36637173765038317684e-10-j2.53016286797486803414e-10
  +5.13652633667293158939e-10-j2.55422972569636085478e-10
  +4.92042753991441176420e-10-j2.56957248155222172182e-10
  +4.70781274441518560886e-10-j2.58093160079751067028e-10
  +4.52349726556658900250e-10-j2.58133523628371128294e-10
  +4.34950299748996618317e-10-j2.57671160938276963880e-10
  +4.17202328757572708843e-10-j2.57154107431828667212e-10
  +3.99108361969012266471e-10-j2.56582373634197566881e-10
  +3.80670901429783722751e-10-j2.55955970792200075769e-10
  +3.65405631011433600277e-10-j2.54453212490568926716e-10
  +3.51405014313537546397e-10-j2.52521405898433253411e-10
  +3.37146574100952501789e-10-j2.50519554947598069038e-10
  +3.22632246890844638632e-10-j2.48447865774825877303e-10
  +3.07863935699009662130e-10-j2.46306540953954203297e-10
  +2.95567834325720845506e-10-j2.43917617389602466276e-10
  +2.84291428285184040359e-10-j2.41370640887536437579e-10
  +2.72821395849191893739e-10-j2.38745710819051541652e-10
  +2.61164677612447302473e-10-j2.36040375383125667515e-10
  +2.49323025666865571343e-10-j2.33254719572916290501e-10
  +2.39392125846477281051e-10-j2.30393710060098446891e-10
  +2.30273820167128797341e-10-j2.27458660320417416428e-10
  +2.21016051029220676657e-10-j2.24448248674289208520e-10
  +2.11619535937406834823e-10-j2.21362247773158335400e-10
  +2.02084410522406886439e-10-j2.18199969143220308123e-10
  +1.94159807476814541232e-10-j2.15114573006197926215e-10
  +1.86943669192329800955e-10-j2.12037901191903519544e-10
  +1.79622378720273346117e-10-j2.08901477799590665666e-10
  +1.72196743467950416629e-10-j2.05705656389533883742e-10
  +1.64667556757133662259e-10-j2.02450784429428872755e-10
  +1.58282386302672174161e-10-j1.99373662457927303053e-10
  +1.52411198257255600684e-10-j1.96354766962307490748e-10
  +1.46459940755097891979e-10-j1.93282894877371457509e-10
  +1.40429222226793902057e-10-j1.90158370230595280091e-10
  +1.34319640698583217901e-10-j1.86981511468341323158e-10
  +1.29100376228076348004e-10-j1.84043242338177092363e-10
  +1.24293079404928993359e-10-j1.81197960362440963314e-10
  +1.19425463595875057054e-10-j1.78303529286154430454e-10
  +1.14498305884673958745e-10-j1.75359249610548164151e-10
  +1.09511893050103679421e-10-j1.72366463424370255210e-10
  +1.05257944366643563179e-10-j1.69604942176815010486e-10
  +1.01353202641983847465e-10-j1.66940334721461391706e-10
  +9.74027311107126456063e-11-j1.64233387469650205519e-10
  +9.34069448038789836851e-11-j1.61484326470973011739e-10
  +8.93662538954870672025e-11-j1.58693374221769493345e-10
  +8.58587765710813387300e-11-j1.56102015834403129608e-10
  +8.26110626436632834630e-11-j1.53597017597091893475e-10
  +7.93282622578923911109e-11-j1.51055343086683435614e-10
  +7.60107047299962451484e-11-j1.48477204857120908149e-10
  +7.26587152974051498908e-11-j1.45862812583934423053e-10
  +6.97951270034761929767e-11-j1.43494348374112196733e-10
  +6.71780551687294025303e-11-j1.41242030323035242387e-10
  +6.45347454397497653001e-11-j1.38958648031645551150e-10
  +6.18657324793951028013e-11-j1.36644208145385502242e-10
  +5.91707886705358595023e-11-j1.34299227953581943566e-10
  +5.68128821172329268878e-11-j1.32099664508771757586e-10
  +5.46278968833203429252e-11-j1.29966710154288227629e-10
  +5.24220469330756445753e-11-j1.27806663769251204549e-10
  +5.01955286477906723847e-11-j1.25619688638185613062e-10
  +4.79485361816672233537e-11-j1.23405945807370201119e-10
  +4.59951314367738749151e-11-j1.21402932327623623941e-10
  +4.41970785088901140109e-11-j1.19506605075620962439e-10
  +4.23829323014534495792e-11-j1.17587473244052207735e-10
  +4.05528468879503794829e-11-j1.15645676746234767336e-10
  +3.87069746850586007453e-11-j1.13681353617421827370e-10
  +3.70613156138513293227e-11-j1.11856808594852081696e-10
  +3.55242846673469472264e-11-j1.10102662653626525012e-10
  +3.39756119037509203102e-11-j1.08328455348453977611e-10
  +3.24159908748524480134e-11-j1.06534429255321597440e-10
  +3.08451048508641632992e-11-j1.04720641215765490417e-10
  +2.94552348081317830235e-11-j1.03069673337282983129e-10
  +2.81660156222434313872e-11-j1.01505727301345389022e-10
  +2.68676918495851176796e-11-j9.99247553295584244810e-11
  +2.55603744734043369174e-11-j9.83268727317649946613e-11
  +2.42441734075804257336e-11-j9.67121936640471159250e-11
  +2.31041170782248175729e-11-j9.52334023347884957311e-11
  +2.20645387011591373853e-11-j9.38293218196342984149e-11
  +2.10169325515390572248e-11-j9.24107591296929367319e-11
  +1.99612796201358283514e-11-j9.09777268550744332944e-11
  +1.88976526301464966975e-11-j8.95303082137264453001e-11
  +1.79651347978918136380e-11-j8.81736349300108547703e-11
  +1.71091760571122319387e-11-j8.68666684430250456421e-11
  +1.62469303566219288821e-11-j8.55468692272638020258e-11
  +1.53784562103362519476e-11-j8.42143118883286466857e-11
  +1.45039643524558305897e-11-j8.28694541955655191317e-11
  +1.36812961796105586139e-11-j8.16053479335926538955e-11
  +1.28893725053695022551e-11-j8.03867508965765981909e-11
  +1.20932105544583538973e-11-j7.91570370573124527596e-11
  +1.12928688172679355373e-11-j7.79162865282992698578e-11
  +1.04884051327203966944e-11-j7.66645786913854374962e-11
  +9.79068423699206310347e-12-j7.55198440996597171460e-11
  +9.15885455361154012220e-12-j7.44389359062400953718e-11
  +8.52391342499093305727e-12-j7.33487601283279396952e-11
  +7.88586932783111997188e-12-j7.22495566018063865819e-11
  +7.24483061401439593293e-12-j7.11410260289044277655e-11
  +6.68227159151778795989e-12-j7.01214328236797115377e-11
  +6.16828603769180765217e-12-j6.91559842815647634084e-11
  +5.65086719609581669420e-12-j6.81822819668121984292e-11
  +5.13004313391019892539e-12-j6.72003717919934468043e-11
  +4.60584173181472210257e-12-j6.62102990195281264868e-11
  +4.13716833553847333239e-12-j6.52816343228673527467e-11
  +3.70373022470716083715e-12-j6.43910169319132732946e-11
  +3.26750510963489160849e-12-j6.34931460611740634740e-11
  +2.82857578799740781633e-12-j6.25879964587876427553e-11
  +2.38696519726464895109e-12-j6.16756075971594858072e-11
  +1.97838168675358224711e-12-j6.08136860864307609224e-11
  +1.59183749631644758338e-12-j5.99838397262231368295e-11
  +1.20385799538816994701e-12-j5.91479868917216492431e-11
  +8.14463304092026878358e-13-j5.83061741142976634937e-11
  +4.23643766784845859465e-13-j5.74584558884741412450e-11
  +7.84420495349507584996e-14-j5.66761404840236041905e-11
  -2.35760123035257949014e-13-j5.59368273562202642612e-11
  -5.50991742478714431551e-13-j5.51923447935677613789e-11
  -8.67237482375943980496e-13-j5.44427325544031571770e-11
  -1.18448215399491465780e-12-j5.36880300160068667391e-11
  -1.47817124784061842025e-12-j5.29673966780571912460e-11
  -1.75579777455734667326e-12-j5.22686328418890175269e-11
  -2.03435014304412129684e-12-j5.15645902870497680452e-11
  -2.31385487903649827627e-12-j5.08552889894381513321e-11
  -2.59443730684907612732e-12-j5.01407235847760494963e-11
  -2.85118293348877306218e-12-j4.94802617919471213482e-11
  -3.09118550388717908747e-12-j4.88570650550579221905e-11
  -3.33188178049720359804e-12-j4.82293212421965382814e-11
  -3.57325684344341089668e-12-j4.75970570560729805856e-11
  -3.81529588248337188829e-12-j4.69602989677863525111e-11
  -4.03572368666604624207e-12-j4.63665420179954802260e-11
  -4.24062753602559949838e-12-j4.58032451575666091738e-11
  -4.44606988375440319235e-12-j4.52362934918160556627e-11
  -4.65214557184476559114e-12-j4.46656227803026639907e-11
  -4.85872482863272812581e-12-j4.40913577455385916360e-11
  -5.04655047216845697238e-12-j4.35430034237538622119e-11
  -5.22057694405988456487e-12-j4.30130532950652959908e-11
  -5.39496550813936979400e-12-j4.24798483574157546076e-11
  -5.56970883802736342442e-12-j4.19434110581450494809e-11
  -5.74479966790831013063e-12-j4.14037636339560566974e-11
  -5.89898027474192422301e-12-j4.08874690207485718546e-11
  -6.03743240000929550838e-12-j4.03882523248949680743e-11
  -6.17616515022874810789e-12-j3.98861504566931350526e-11
  -6.31514343476457314146e-12-j3.93812460228500947485e-11
  -6.45435219217149999387e-12-j3.88735809628496285986e-11
  -6.57821597231505242353e-12-j3.84137785357107246142e-11
  -6.69028394424333740193e-12-j3.79904015841675517148e-11
  -6.80249751848554062979e-12-j3.75646734453122694141e-11
  -6.91485331526531089120e-12-j3.71366109027862017247e-11
  -7.02734799676336787171e-12-j3.67062305762212234478e-11
  -7.13859454926373855264e-12-j3.62952939239115110667e-11
  -7.24909051093116760982e-12-j3.58981655735005462896e-11
  -7.35996848920942783183e-12-j3.54975123913192035915e-11
  -7.47121043556686020725e-12-j3.50933958322204110003e-11
  -7.58280380214628421630e-12-j3.46858213983796276212e-11
  -7.68036241422226594846e-12-j3.43154331423156467246e-11
  -7.76667037327243559155e-12-j3.39744742587758527103e-11
  -7.85319343596038054829e-12-j3.36305434748885977814e-11
  -7.93992116288648380639e-12-j3.32836458713250359548e-11
  -8.02684295443378849393e-12-j3.29337865068156269184e-11
  -8.12013905465988606284e-12-j3.25662039570829195567e-11
  -8.21812728639025995334e-12-j3.21845623468172780782e-11
  -8.31559813425341380246e-12-j3.18012246576506229031e-11
  -8.41255379959761288896e-12-j3.14162309423527962790e-11
  -8.50899182452750570902e-12-j3.10295989834887669483e-11
  -8.59458175361191294057e-12-j3.06590340553791785332e-11
  -8.67104396766089337938e-12-j3.03016808189019516784e-11
  -8.74697966469578300694e-12-j2.99428450893358903929e-11
  -8.82238720336517422766e-12-j2.95825429836322967102e-11
  -8.89726501565427278662e-12-j2.92207905053141873318e-11
  -8.95942045893872580891e-12-j2.88925635868729246757e-11
  -9.01096778970026151248e-12-j2.85926072161880967262e-11
  -9.06236233656752622827e-12-j2.82912247035937695500e-11
  -9.11360869119514911044e-12-j2.79884373180267320396e-11
  -9.16470529920613374905e-12-j2.76842550165583744343e-11
  -9.19322892199185408449e-12-j2.73874735350595953006e-11
  -9.20205542352032035180e-12-j2.70969912375995661545e-11
  -9.21060060753851929224e-12-j2.68052141897085603561e-11
  -9.21886402606870044857e-12-j2.65121517262482426681e-11
  -9.22684522830205217419e-12-j2.62178131085700551348e-11
  -9.26059478981777801045e-12-j2.59391749994143352108e-11
  -9.31728593694256332071e-12-j2.56743257559858647224e-11
  -9.37392051016384161715e-12-j2.54082720269006505122e-11
  -9.43050563844907976877e-12-j2.51410306618583565811e-11
  -9.48703991076720311353e-12-j2.48726091897616213639e-11
  -9.52738163530399488908e-12-j2.46052741476581581830e-11
  -9.55302665802597942000e-12-j2.43388351608220860938e-11
  -9.57852451469336152627e-12-j2.40712667139264596385e-11
  -9.60387447482878584096e-12-j2.38025761018062735822e-11
  -9.62907578724700066415e-12-j2.35327705662619023397e-11
  -9.65103994241731248194e-12-j2.32851724708924638629e-11
  -9.67001623298751072155e-12-j2.30580736669660497169e-11
  -9.68884085861627255463e-12-j2.28300358154570765144e-11
  -9.70752634407896347501e-12-j2.26010738156790704961e-11
  -9.72607242850699716052e-12-j2.23711937540059729635e-11
  -9.74089609636501497328e-12-j2.21351260746004610292e-11
  -9.75219787057299557206e-12-j2.18931739321558109850e-11
  -9.76333992733575149160e-12-j2.16502949502963777032e-11
  -9.77432210826315576484e-12-j2.14064952293881501209e-11
  -9.78514429212069845007e-12-j2.11617807998285974964e-11
  -9.79963616735697255903e-12-j2.09444111556831535576e-11
  -9.81753748005294015303e-12-j2.07532969649768977277e-11
  -9.83513564762748923836e-12-j2.05613735145008017421e-11
  -9.85243097959198695779e-12-j2.03686472971358557335e-11
  -9.86942799584981185462e-12-j2.01751264289253616052e-11
  -9.87311490551899642867e-12-j1.99716888998563281235e-11
  -9.86370945623486686810e-12-j1.97585259844127058104e-11
  -9.85391752806657730779e-12-j1.95445685520655703211e-11
  -9.84373889995708030144e-12-j1.93298228659003522519e-11
  -9.83317335426986725407e-12-j1.91142951569298625728e-11
  -9.82286203103958327766e-12-j1.89174760413381875331e-11
  -9.81295727273052645479e-12-j1.87394665553488232260e-11
  -9.80287067602404454718e-12-j1.85608703973722508410e-11
  -9.79259629305620042063e-12-j1.83816904946073661275e-11
  -9.78213882966740405404e-12-j1.82019319182900519025e-11
  -9.77861674422002410522e-12-j1.80241182859876625807e-11
  -9.78218817834060091221e-12-j1.78483053134963104002e-11
  -9.78561838254217701729e-12-j1.76719342632790298997e-11
  -9.78890769798784804486e-12-j1.74950091106916863286e-11
  -9.79205647741272566647e-12-j1.73175337900753636149e-11
  -9.79161934007399931995e-12-j1.71555345980207857389e-11
  -9.78739213122423722095e-12-j1.70096137661102661431e-11
  -9.78292977164709575441e-12-j1.68631235624070683783e-11
  -9.77823198299208534499e-12-j1.67160677162491971066e-11
  -9.77329397898834797895e-12-j1.65684497780778372964e-11
  -9.76811766982896648530e-12-j1.64202735527022644589e-11
  -9.76270521730100087774e-12-j1.62715427999317878454e-11
  -9.75705636106398572788e-12-j1.61222611653068833947e-11
  -9.75117081658174414357e-12-j1.59724322910776899768e-11
  -9.74504832073098447648e-12-j1.58220597890710862030e-11
  -9.73928817479339099344e-12-j1.56711779242860008472e-11
  -9.73395978068571694524e-12-j1.55198455330557364866e-11
  -9.72842233927899488392e-12-j1.53680514445722691857e-11
  -9.72267609759096258015e-12-j1.52157990710647489432e-11
  -9.71672126725765222110e-12-j1.50630918246718981146e-11
  -9.71055630250895598746e-12-j1.49099332998627045265e-11
  -9.70417985302993862199e-12-j1.47563270787732711194e-11
  -9.69759560937032710284e-12-j1.46022760738304017646e-11
  -9.69080380373584293326e-12-j1.44477835967139726268e-11
  -9.68380466242194559422e-12-j1.42928529418134521606e-11
  -9.67363882943786447122e-12-j1.41533151034078727662e-11
  -9.65995847359968328425e-12-j1.40312211218166991197e-11
  -9.64610359404971819045e-12-j1.39087809943296714521e-11
  -9.63207462395787805678e-12-j1.37859972913815418674e-11
  -9.61787201261874610156e-12-j1.36628725529764755229e-11
  -9.60349618566770471711e-12-j1.35394093166021796693e-11
  -9.58894758826616763243e-12-j1.34156100871632260901e-11
  -9.57422363439583960922e-12-j1.32914781809882056031e-11
  -9.55932701783032370908e-12-j1.31670154687757986846e-11
  -9.54425899676494488421e-12-j1.30422241891827964986e-11
  -9.52830656912643670618e-12-j1.29254775927386606254e-11
  -9.51136988413639204362e-12-j1.28182522561653776895e-11
  -9.49429366616374693700e-12-j1.27107553510860400758e-11
  -9.47707848416287368903e-12-j1.26029888613692602071e-11
  -9.45972489877133791285e-12-j1.24949547586368198695e-11
  -9.44223347068238966336e-12-j1.23866549961521787342e-11
  -9.42460475117779408482e-12-j1.22780915162300125490e-11
  -9.40683928734011778599e-12-j1.21692662464745398329e-11
  -9.38893764617790376964e-12-j1.20601810812361875693e-11
  -9.37089759376168353227e-12-j1.19508391069767348000e-11
  -9.35407075728272224973e-12-j1.18386758740549964752e-11
  -9.33869455817688984191e-12-j1.17231082573605522931e-11
  -9.32310179311931492295e-12-j1.16072602606145182416e-11
  -9.30729284731874013541e-12-j1.14911343041306921759e-11
  -9.29126809709992695073e-12-j1.13747328038657869321e-11
  -9.27502792457347603504e-12-j1.12580581598508764830e-11
  -9.25857273033991105044e-12-j1.11411127455511116092e-11
  -9.24190289746288851598e-12-j1.10238989376354929342e-11
  -9.22501881753186560751e-12-j1.09064190947137635320e-11
  -9.20792089928697507983e-12-j1.07886755498490172074e-11
  -9.18949542743384784304e-12-j1.06759800976812204593e-11
  -9.16947707444147390713e-12-j1.05697952188130066087e-11
  -9.14929801394749686874e-12-j1.04633854014315698192e-11
  -9.12895897443136434360e-12-j1.03567523278976221671e-11
  -9.10846046931939895625e-12-j1.02498977936671675501e-11
  -9.08780301905509518478e-12-j1.01428235741745567857e-11
  -9.06698714035003654759e-12-j1.00355314343522507882e-11
  -9.04601335023732455863e-12-j9.92802312515989316938e-12
  -9.02488215874286674446e-12-j9.82030039036412003070e-12
  -9.00359408130723676027e-12-j9.71236495530678656653e-12
  -8.98102657806482674584e-12-j9.61739785069082037951e-12
  -8.95684776915957746271e-12-j9.53969166846072757907e-12
  -8.93255643644826047073e-12-j9.46182025630325794334e-12
  -8.90815223013088202386e-12-j9.38378541911387578724e-12
  -8.88363585922052849637e-12-j9.30558814391972396443e-12
  -8.85900845162542136077e-12-j9.22722908350484399155e-12
  -8.83427049627136541566e-12-j9.14870936411475645526e-12
  -8.80942246930481630056e-12-j9.07003011241654355537e-12
  -8.78446484276415023388e-12-j8.99119244733905163537e-12
  -8.75939809289947084771e-12-j8.91219747205160930696e-12
  -8.73608505185542645362e-12-j8.83291188465332219390e-12
  -8.71520211443848067086e-12-j8.75329222937726070051e-12
  -8.69417049797280143814e-12-j8.67352765725110397922e-12
  -8.67299070313576918643e-12-j8.59361949577679061233e-12
  -8.65166322155936824942e-12-j8.51356907269436118276e-12
  -8.63018854995931060533e-12-j8.43337770185100245644e-12
  -8.60856615817322233270e-12-j8.35304766773210972970e-12
  -8.58679753866025603031e-12-j8.27257932314335705773e-12
  -8.56488323139113304740e-12-j8.19197391514499696389e-12
  -8.54282373129100529493e-12-j8.11123272493330202012e-12
  -8.51847601920086451935e-12-j8.03256141535185729229e-12
  -8.49091510968481270025e-12-j7.95691725515070667035e-12
  -8.46322510699806559244e-12-j7.88113191909139825989e-12
  -8.43540645234754167907e-12-j7.80520649811218039449e-12
  -8.40745958189828681461e-12-j7.72914207973959497125e-12
  -8.37938493123867595080e-12-j7.65293974344226857358e-12
  -8.35118293637640644878e-12-j7.57660055950125194192e-12
  -8.32285402441504328027e-12-j7.50012559935196675118e-12
  -8.29439857329952654922e-12-j7.42351598376201722306e-12
  -8.26581635499296348096e-12-j7.34677353628323491732e-12
  -8.24245130427601346929e-12-j7.27556886546442590434e-12
  -8.22698429310447479665e-12-j7.21275465422125109405e-12
  -8.21142453963253498707e-12-j7.14985343012676792710e-12
  -8.19577247734111635548e-12-j7.08686600432613944359e-12
  -8.18002853400749986428e-12-j7.02379318665252652803e-12
  -8.16419314027912002715e-12-j6.96063577580858328537e-12
  -8.14826672604507091298e-12-j6.89739456353285188748e-12
  -8.13224971305446106614e-12-j6.83407034341055603156e-12
  -8.11614252964565516712e-12-j6.77066389356554617166e-12
  -8.09994559766896213837e-12-j6.70717599216128534280e-12
  -8.08122051689932057151e-12-j6.64614855540316948924e-12
  -8.05859902615298057632e-12-j6.58898194020835893054e-12
  -8.03588959541880656322e-12-j6.53169747356613560460e-12
  -8.01309291867062015277e-12-j6.47429523041571793556e-12
  -7.99020929214385469578e-12-j6.41677584418393284202e-12
  -7.96723895821907021776e-12-j6.35914001888740337713e-12
  -7.94418215300705619501e-12-j6.30138846013255576509e-12
  -7.92103911586150876539e-12-j6.24352186329810115651e-12
  -7.89781008152812544084e-12-j6.18554092335028161319e-12
  -7.87449528269618910963e-12-j6.12744633177652934886e-12
  -7.84896077735222797466e-12-j6.07060938924907398014e-12
  -7.81985122646436570045e-12-j6.01594090420082788112e-12
  -7.79063763528136736355e-12-j5.96123044702290497310e-12
  -7.76132059439843854601e-12-j5.90647864160903394253e-12
  -7.73190068878057514379e-12-j5.85168611117846896700e-12
  -7.70237832592594507396e-12-j5.79685377648079874062e-12
  -7.67275405030160539132e-12-j5.74198231460005754656e-12
  -7.64302865978727939020e-12-j5.68707195446140169820e-12
  -7.61320273124252192613e-12-j5.63212329847844601851e-12
  -7.58327684166521442505e-12-j5.57713694106497441320e-12
  -7.55129204561779118623e-12-j5.52419785904427144584e-12
  -7.51588939593638058109e-12-j5.47475358676204455199e-12
  -7.48040613427555487689e-12-j5.42525559365618197545e-12
  -7.44484270956344335589e-12-j5.37570435248734451355e-12
  -7.40919956949139649734e-12-j5.32610033019798951961e-12
  -7.37347715438424159631e-12-j5.27644399650082645222e-12
  -7.33767590918058837575e-12-j5.22673580726107825526e-12
  -7.30179626885257677132e-12-j5.17697622488429029784e-12
  -7.26583867168370257592e-12-j5.12716569980332629272e-12
  -7.22980335955548791308e-12-j5.07730507358385496275e-12
  -7.19677262733307961875e-12-j5.02575793240970681592e-12
  -7.16912424244152858595e-12-j4.97124716665718501491e-12
  -7.14138326363185679389e-12-j4.91667413909189440362e-12
  -7.11355006900627286828e-12-j4.86203944489569809176e-12
  -7.08562503887755695942e-12-j4.80734367056710324381e-12
  -7.05760855094482627975e-12-j4.75258740091028132668e-12
  -7.02950098317191603253e-12-j4.69777121484298946671e-12
  -7.00130270849195976963e-12-j4.64289569335434682608e-12
  -6.97301410050349483778e-12-j4.58796141108665143617e-12
  -6.94463553406895178565e-12-j4.53296893535052716646e-12
  -6.91715268678670152030e-12-j4.48258860971643444057e-12
  -6.89141464248795510110e-12-j4.44082924207111773539e-12
  -6.86559812419554249507e-12-j4.39904128325650866947e-12
  -6.83970342858612440059e-12-j4.35722544530851853691e-12
  -6.81373101666596193628e-12-j4.31538200914744635377e-12
  -6.78768136734649199391e-12-j4.27351120464647738697e-12
  -6.76155489010650588281e-12-j4.23161343321604124573e-12
  -6.73535199353884974112e-12-j4.18968909230156774588e-12
  -6.70907308197020589262e-12-j4.14773858086114558864e-12
  -6.68271855974284465352e-12-j4.10576229252489217556e-12
  -6.65782942139664230498e-12-j4.06117848496431560006e-12
  -6.63586049543307267374e-12-j4.01154828540933980369e-12
  -6.61383047594233701059e-12-j3.96186871634412562741e-12
  -6.59173963790862776195e-12-j3.91214019122687359560e-12
  -6.56958825541416638653e-12-j3.86236312015274493518e-12
  -6.54737659766760711961e-12-j3.81253791666640558613e-12
  -6.52510494173336513109e-12-j3.76266497599744621783e-12
  -6.50277352490475809213e-12-j3.71274480927779076843e-12
  -6.48038256207861020883e-12-j3.66277800007745076855e-12
  -6.45793240888848694381e-12-j3.61276465136094990676e-12
  -6.43559981802328129948e-12-j3.56941234002531937266e-12
  -6.41357722741033951464e-12-j3.53962785216608058228e-12
  -6.39151258261042591753e-12-j3.50982235011664360012e-12
  -6.36940613589823563821e-12-j3.47999604806767767139e-12
  -6.34725814768847760401e-12-j3.45014914094955409202e-12
  -6.32506886854889351191e-12-j3.42028183724335458630e-12
  -6.30283854911482122456e-12-j3.39039434101768989713e-12
  -6.28056744088539407618e-12-j3.36048685034423815001e-12
  -6.25825579320730108589e-12-j3.33055956294135583441e-12
  -6.23590385391407640215e-12-j3.30061267500428245497e-12
  -6.21225822847467658247e-12-j3.26709183995130997826e-12
  -6.18589756113625213596e-12-j3.22599020139815473688e-12
  -6.15947429888942911180e-12-j3.18484062626373966612e-12
  -6.13298867630274377579e-12-j3.14364341519906213970e-12
  -6.10644095060343403503e-12-j3.10239877598694752651e-12
  -6.07983134732580295738e-12-j3.06110705199157261284e-12
  -6.05316008690929618635e-12-j3.01976859268705873798e-12
  -6.02642738779967314347e-12-j2.97838374778282256311e-12
  -5.99963347308688102797e-12-j2.93695285380835524233e-12
  -5.97277856067798111863e-12-j2.89547625385489909880e-12
  -5.94354615207391330304e-12-j2.85865812334880612010e-12
  -5.90911794678932530749e-12-j2.83227795329764331106e-12
  -5.87465060724549809538e-12-j2.80589616919721753979e-12
  -5.84014444506929464684e-12-j2.77951285745676237608e-12
  -5.80559976673166747991e-12-j2.75312810953381042009e-12
  -5.77101688122596995668e-12-j2.72674200585611854242e-12
  -5.73639609252688910419e-12-j2.70035463169398025495e-12
  -5.70173767757903380502e-12-j2.67396623186482320545e-12
  -5.66704194526116140250e-12-j2.64757683704660334880e-12
  -5.63230921194868473656e-12-j2.62118641144638274467e-12
  -5.60221840586575645227e-12-j2.59135657850156864283e-12
  -5.58298626323723571351e-12-j2.55349022446712563094e-12
  -5.56370845923621616575e-12-j2.51558624812530181438e-12
  -5.54438514927625088468e-12-j2.47764494076805444185e-12
  -5.52501649452039435488e-12-j2.43966657815646051760e-12
  -5.50560265483720621535e-12-j2.40165143585238909380e-12
  -5.48614378354794999802e-12-j2.36359980147681873217e-12
  -5.46664004027595052407e-12-j2.32551194541694782500e-12
  -5.44709158166811462750e-12-j2.28738814185136316063e-12
  -5.42749855970544625790e-12-j2.24922867324887332683e-12
  -5.40408635089026501033e-12-j2.21529691119725626590e-12
  -5.37139828331918334642e-12-j2.19176791115715312202e-12
  -5.33866167573018878937e-12-j2.16822777667285956574e-12
  -5.30587678066638446109e-12-j2.14467676728576395499e-12
  -5.27304386729249032036e-12-j2.12111487257688791385e-12
  -5.24016319265008180866e-12-j2.09754224405955240113e-12
  -5.20723501137285926414e-12-j2.07395903513173023756e-12
  -5.17425957687340491582e-12-j2.05036539812028380402e-12
  -5.14123714231268622131e-12-j2.02676148185178922964e-12
  -5.10816795724061690530e-12-j2.00314744021056760799e-12
  -5.07828722716881119885e-12-j1.98151495389974192259e-12
  -5.05668203480355294561e-12-j1.96498927031299358584e-12
  -5.03505403260005381896e-12-j1.94845797440995042219e-12
  -5.01340337821152060318e-12-j1.93192112195923918988e-12
  -4.99173022462857157516e-12-j1.91537877737190644173e-12
  -4.97003472591644814201e-12-j1.89883099890905627905e-12
  -4.94831703745873423807e-12-j1.88227783794742584715e-12
  -4.92657730927884869323e-12-j1.86571935650673101555e-12
  -4.90481568878471047692e-12-j1.84915571516338355841e-12
  -4.88303232805544137657e-12-j1.83258693638757517909e-12
  -4.86205045155572167867e-12-j1.81394882331564952812e-12
  -4.84326155411573588039e-12-j1.78972571787732106194e-12
  -4.82443895357994821686e-12-j1.76548725299330673996e-12
  -4.80558280494366210420e-12-j1.74123357530026018782e-12
  -4.78669326276231312752e-12-j1.71696482996207771484e-12
  -4.76777048262302496625e-12-j1.69268115648813337739e-12
  -4.74881461559195354498e-12-j1.66838270430767889979e-12
  -4.72982581518012683701e-12-j1.64406961333834135063e-12
  -4.71080423405269582099e-12-j1.61974202311775403055e-12
  -4.69175002247982148740e-12-j1.59540007734083155974e-12
  -4.66916402943411275005e-12-j1.57247254016470914406e-12
  -4.63659452428859874696e-12-j1.55360801511873360416e-12
  -4.60398486634648670024e-12-j1.53475565674038818190e-12
  -4.57133533805492259756e-12-j1.51591551585062098744e-12
  -4.53864622543591781550e-12-j1.49708771763891542213e-12
  -4.50591781131432968890e-12-j1.47827228009198755735e-12
  -4.47315037147306786264e-12-j1.45946918896690018251e-12
  -4.44034418863157503447e-12-j1.44067847507888447959e-12
  -4.40749953964005082944e-12-j1.42190018236144532286e-12
  -4.37461670242650636400e-12-j1.40313434664005756779e-12
  -4.34536766800767785843e-12-j1.38001922853356650596e-12
  -4.32708459351578207512e-12-j1.34382150600510474256e-12
  -4.30876903662158818651e-12-j1.30759292236009766250e-12
  -4.29042110257076065565e-12-j1.27133367614228967193e-12
  -4.27204089216887813725e-12-j1.23504397791572182122e-12
  -4.25362850980639242944e-12-j1.19872402342497467171e-12
  -4.23518405502800528623e-12-j1.16237402247953011069e-12
  -4.21670762892268711707e-12-j1.12599417711097998681e-12
  -4.19819933343782712899e-12-j1.08958468325360690072e-12
  -4.17965926666702529160e-12-j1.05314574864819177784e-12
  -4.15755080512296444782e-12-j1.02432629645582412569e-12
  -4.12422772137872968428e-12-j1.01969660625059215990e-12
  -4.09087622680999706951e-12-j1.01508574497994308838e-12
  -4.05749654758618605424e-12-j1.01049367871087840805e-12
  -4.02408891101640860681e-12-j1.00592036368501279252e-12
  -3.99065354083147737618e-12-j1.00136576542707510940e-12
  -3.95719066057762337345e-12-j9.96829845142050272409e-13
  -3.92370049241006354982e-12-j9.92312564487827400791e-13
  -3.89018325873779693801e-12-j9.87813879216400927477e-13
  -3.85663917795220956676e-12-j9.83333755963178716127e-13
  -3.82505727979717449141e-12-j9.77225680192867618161e-13
  -3.80010608647856786898e-12-j9.65620635719548099639e-13
  -3.77514093583122586275e-12-j9.54016971388373418987e-13
  -3.75016194079568562563e-12-j9.42414694791178763491e-13
  -3.72516921677086751443e-12-j9.30813800167804493985e-13
  -3.70016287582996618896e-12-j9.19214291246656149937e-13
  -3.67514303064141434690e-12-j9.07616165714856969034e-13
  -3.65010979723018286078e-12-j8.96019470620462916588e-13
  -3.62506328794082323268e-12-j8.84424206014974669512e-13
  -3.60000360527908773899e-12-j8.72830322747588518343e-13
  -3.57324402370845494418e-12-j8.60980955346515994124e-13
  -3.54049057263739962700e-12-j8.48221352005478055621e-13
  -3.50771121838849733515e-12-j8.35459733114764391021e-13
  -3.47490610983771511984e-12-j8.22696145304197461938e-13
  -3.44207539719244316075e-12-j8.09930625715258714065e-13
  -3.40921922794594502936e-12-j7.97163219162445913405e-13
  -3.37633775079976777819e-12-j7.84393961425275308233e-13
  -3.34343111180128346282e-12-j7.71622895764901458113e-13
  -3.31049945645357242950e-12-j7.58850064048419278985e-13
  -3.27754293099739655271e-12-j7.46075501013951285104e-13
  -3.24488301250879639242e-12-j7.33348561553881254589e-13
  -3.21340810069447613437e-12-j7.20806860111959602845e-13
  -3.18191253392339055475e-12-j7.08266206931488581705e-13
  -3.15039645104723928778e-12-j6.95726609712051832153e-13
  -3.11885999102077784754e-12-j6.83188117284165135789e-13
  -3.08730329245779693026e-12-j6.70650760731102038894e-13
  -3.05572648241381013805e-12-j6.58114510178447322334e-13
  -3.02412969563836648483e-12-j6.45579375578762688625e-13
  -2.99251306348168838839e-12-j6.33045378579875394787e-13
  -2.96087671886725822916e-12-j6.20512529531628097493e-13
  -2.93158356975788378630e-12-j6.07369470385470429538e-13
  -2.91171191528230379274e-12-j5.91787954699842102616e-13
  -2.89182369398139489311e-12-j5.76212283768232457225e-13
  -2.87191903413267858327e-12-j5.60642466545390833568e-13
  -2.85199806459118817492e-12-j5.45078505388451892774e-13
  -2.83206091159480962431e-12-j5.29520412529682864638e-13
  -2.81210770263698969896e-12-j5.13968189988161851231e-13
  -2.79213856388902833531e-12-j4.98421842926599522846e-13
  -2.77215362066174316353e-12-j4.82881377541559631818e-13
  -2.75215299814305329277e-12-j4.67346796759168553452e-13
  -2.72880998766431122402e-12-j4.55022269438663514835e-13
  -2.69128683640171066702e-12-j4.56341887401881588003e-13
  -2.65374935271299418744e-12-j4.57659505446912848842e-13
  -2.61619760999086548397e-12-j4.58975070144887844047e-13
  -2.57863168984610116443e-12-j4.60288564552932052725e-13
  -2.54105167307724665573e-12-j4.61599984175481717029e-13
  -2.50345764158132627460e-12-j4.62909314008511673735e-13
  -2.46584967415029230033e-12-j4.64216551792386935501e-13
  -2.42822785057454682463e-12-j4.65521685496472211140e-13
  -2.39059224908720649820e-12-j4.66824707370359406948e-13
  -2.35974084757275429576e-12-j4.68391958034941564933e-13
  -2.35981332187446142171e-12-j4.71171048774644206799e-13
  -2.35988415504849795968e-12-j4.73951519397639690613e-13
  -2.35995335727594586845e-12-j4.76733361288380787482e-13
  -2.36002093738303675314e-12-j4.79516572318459483782e-13
  -2.36008690500164705495e-12-j4.82301146105875440822e-13
  -2.36015126952653389531e-12-j4.85087077198618637263e-13
  -2.36021404034187714672e-12-j4.87874359917872529568e-13
  -2.36027522679332896748e-12-j4.90662988578553711709e-13
  -2.36033483777789983505e-12-j4.93452962898641254626e-13
  -2.35600111640987342985e-12-j4.93351625087774992477e-13
  -2.33024246330638778640e-12-j4.79143051397733246171e-13
  -2.30447032430869911087e-12-j4.64931622546938891560e-13
  -2.27868478215676188373e-12-j4.50717361972061126491e-13
  -2.25288591931724311651e-12-j4.36500291653019726163e-13
  -2.22707381806744846838e-12-j4.22280431656499939194e-13
  -2.20124856041731887202e-12-j4.08057800351478122165e-13
  -2.17541022643719162521e-12-j3.93832423450951766761e-13
  -2.14955889720754543832e-12-j3.79604318292910098122e-13
  -2.12369465243031608277e-12-j3.65373506734824765779e-13
  -2.09627241306487155514e-12-j3.55473047315607962607e-13
  -2.06072596727982392770e-12-j3.68300050429371446611e-13
  -2.02515134573514570058e-12-j3.81139466298233661326e-13
  -1.98954870748448143774e-12-j3.93991273682935350965e-13
  -1.95391821022071674348e-12-j4.06855456652955146026e-13
  -1.91826001125417143945e-12-j4.19731998829301197915e-13
  -1.88257426811368845131e-12-j4.32620880928363291329e-13
  -1.84686113725629910008e-12-j4.45522086845608751154e-13
  -1.81112077904075175018e-12-j4.58435621699843001246e-13
  -1.77535334540475786667e-12-j4.71361451545406081159e-13
  -1.74437473715776560967e-12-j4.78954886922721422460e-13
  -1.74063247695248010734e-12-j4.56303872622907889801e-13
  -1.73687399216691235289e-12-j4.33654902220855874016e-13
  -1.73309940187015339462e-12-j4.11008019706531132200e-13
  -1.72930882442181928837e-12-j3.88363270144537546301e-13
  -1.72550237776533549626e-12-j3.65720698850864255329e-13
  -1.72168018001443358836e-12-j3.43080348750852956910e-13
  -1.71784234919809789604e-12-j3.20442261055573709779e-13
  -1.71398900213924020063e-12-j2.97806481416702953467e-13
  -1.71012025638190555457e-12-j2.75173049852363630423e-13
  -1.70374440814367561016e-12-j2.56604461088310906353e-13
  -1.68206484451713708750e-12-j2.62965133361853350599e-13
  -1.66037116886082785420e-12-j2.69329599848589643409e-13
  -1.63866345759185293788e-12-j2.75697852715014118307e-13
  -1.61694178690815226823e-12-j2.82069883744632799647e-13
  -1.59520623326502941119e-12-j2.88445681723976034639e-13
  -1.57345687293043475514e-12-j2.94825242624680399575e-13
  -1.55169378472053136425e-12-j3.01208573964578507231e-13
  -1.52991703927083770069e-12-j3.07595647516608148542e-13
  -1.50812671132193453882e-12-j3.13986455761349901245e-13
  -1.48582917065529650651e-12-j3.18215067661209192470e-13
  -1.46022163381911488423e-12-j3.07971148670986930516e-13
  -1.43460722745922926325e-12-j2.97734636503133852582e-13
  -1.40898602894688256362e-12-j2.87505482249929357395e-13
  -1.38335811520921178542e-12-j2.77283636276912323986e-13
  -1.35772356164916803110e-12-j2.67069053733103817178e-13
  -1.33208244395880566228e-12-j2.56861685587637024927e-13
  -1.30643483711480634729e-12-j2.46661483589443252919e-13
  -1.28078081553420126415e-12-j2.36468399539601223476e-13
  -1.25512045309926931773e-12-j2.26282385159368850270e-13
  -1.22991516501379532656e-12-j2.19276582920253524684e-13
  -1.20808314250984909835e-12-j2.35520109525894932217e-13
  -1.18624520107216458520e-12-j2.51768304039099429017e-13
  -1.16440136806258902939e-12-j2.68021131339796352091e-13
  -1.14255167038048059307e-12-j2.84278557429049281387e-13
  -1.12069613487392859821e-12-j3.00540549549924954282e-13
  -1.09883478985922817026e-12-j3.16807084586263486717e-13
  -1.07696765885072942007e-12-j3.33078116252386962840e-13
  -1.05509476789375904102e-12-j3.49353610582378080006e-13
  -1.03321614260532835322e-12-j3.65633534444414659108e-13
  -1.01208612230315307234e-12-j3.80746856896359224481e-13
  -9.97047398964832931780e-13-j3.86399143755726408114e-13
  -9.82004364389626608190e-13-j3.92052895358003805100e-13
  -9.66957039349555309354e-13-j3.97708098526594421762e-13
  -9.51905444643132438929e-13-j4.03364739610390398501e-13
  -9.36849600870085722597e-13-j4.09022805083096059748e-13
  -9.21789528414879834888e-13-j4.14682281564827809072e-13
  -9.06725247681851374030e-13-j4.20343155328818629704e-13
  -8.91656778428441612475e-13-j4.26005413753313728077e-13
  -8.76584140368806608289e-13-j4.31669043949926555831e-13
  -8.59860974263571855268e-13-j4.36013041928569916975e-13
  -8.28329109854064354181e-13-j4.28483288523325903454e-13
  -7.96786584932937188370e-13-j4.20955978861124007584e-13
  -7.65233471992034390771e-13-j4.13431093417316390644e-13
  -7.33669843355401681469e-13-j4.05908612083934403062e-13
  -7.02095770788248748070e-13-j3.98388519445151080782e-13
  -6.70511325394313418468e-13-j3.90870793617248955438e-13
  -6.38916578172656197029e-13-j3.83355411262353446547e-13
  -6.07311599793725044627e-13-j3.75842351948596987969e-13
  -5.75696459945938634433e-13-j3.68331596097792849442e-13
  -5.47601746363861762199e-13-j3.60513897707542568035e-13
  -5.55161241413318005875e-13-j3.49572470956888092171e-13
  -5.62721743723271672195e-13-j3.38628151227459777730e-13
  -5.70283253259653158706e-13-j3.27680958250811435751e-13
  -5.77845769822161871573e-13-j3.16730911954835041713e-13
  -5.85409293443393593887e-13-j3.05778031806290281257e-13
  -5.92973823625049554768e-13-j2.94822338244812362487e-13
  -6.00539360952368721377e-13-j2.83863849568497896429e-13
  -6.08105905191979027353e-13-j2.72902585640579476878e-13
  -6.15673456266150536716e-13-j2.61938566067711186219e-13
  -6.20316614119806835118e-13-j2.52416107331626218530e-13
  -5.91352493581777318069e-13-j2.59485450539709991796e-13
  -5.62384300144896083958e-13-j2.66557888869568069119e-13
  -5.33412048470187232528e-13-j2.73633385617826047786e-13
  -5.04435753636703995450e-13-j2.80711902709865101986e-13
  -4.75455429759930318202e-13-j2.87793406506740954549e-13
  -4.46471090660708654414e-13-j2.94877858002227512024e-13
  -4.17482750290338200263e-13-j3.01965218716229120910e-13
  -3.88490421919872614361e-13-j3.09055452295417361135e-13
  -3.59494118879120117489e-13-j3.16148522039557875041e-13
  -3.32111743764718637368e-13-j3.23003743971767381984e-13
  -3.26198098613721808820e-13-j3.26667251638130621064e-13
  -3.20282320421018029495e-13-j3.30332133680780782051e-13
  -3.14364418810980600524e-13-j3.33998381882475468557e-13
  -3.08444404061952400974e-13-j3.37665987356504732298e-13
  -3.02522286702310027358e-13-j3.41334940993965411847e-13
  -2.96598076064319539323e-13-j3.45005234755072968654e-13
  -2.90671782383040621031e-13-j3.48676859768458615473e-13
  -2.84743415366441848196e-13-j3.52349807608651322606e-13
  -2.78812985072916028508e-13-j3.56024069551186934072e-13
  -2.72263558552378451114e-13-j3.59458460921221228153e-13
  -2.56055935429792905953e-13-j3.59119540290298839644e-13
  -2.39844394968016260383e-13-j3.58781528688822881036e-13
  -2.23628958203477873723e-13-j3.58444412539614053160e-13
  -2.07409646217803559261e-13-j3.58108178103140130917e-13
  -1.91186479624218616850e-13-j3.57772812350529924543e-13
  -1.74959479110707091368e-13-j3.57438301904844093699e-13
  -1.58728665857295917022e-13-j3.57104631703031241917e-13
  -1.42494060299577699013e-13-j3.56771788054421213812e-13
  -1.26255682987682269102e-13-j3.56439757180387806821e-13
  -1.09928310619081648729e-13-j3.56125737132086665014e-13
  -9.19787409132044579247e-14-j3.56138458576155729938e-13
  -7.40244208503919887177e-14-j3.56150583711052188542e-13
  -5.60653709372646957658e-14-j3.56162108928045825122e-13
  -3.81016117444955289379e-14-j3.56173030618043623687e-13
  -2.01331630538239734561e-14-j3.56183345282645025595e-13
  -2.16004495432045094513e-15-j3.56193049363291419202e-13
  +1.58177224611864173532e-14-j3.56202139354983430705e-13
  +3.38001192839664013138e-14-j3.56210611820154930118e-13
  +5.17871267304227703289e-14-j3.56218463252896059316e-13
  +6.94010879858222819646e-14-j3.56623939841639867997e-13
  +7.79641332996154149407e-14-j3.66578075537878422665e-13
  +8.65285912597028861142e-14-j3.76533984034409028940e-13
  +9.50944631732610291703e-14-j3.86491653746729221113e-13
  +1.03661750926704955315e-13-j3.96451073058557328710e-13
  +1.12230455840403605089e-13-j4.06412230605676797572e-13
  +1.20800580828077033007e-13-j4.16375115373077859641e-13
  +1.29372127203865195061e-13-j4.26339716095347312391e-13
  +1.37945096132907393623e-13-j4.36306021267340986465e-13
  +1.46519488773681587631e-13-j4.46274020047327447722e-13
  +1.54515399349154313408e-13-j4.56571811169304469857e-13
  +1.43779332971404240954e-13-j4.77470766310587952842e-13
  +1.33040134287157027162e-13-j4.98374368276473252335e-13
  +1.22297828419213514998e-13-j5.19282601566003422897e-13
  +1.11552440867911840365e-13-j5.40195450725741187351e-13
  +1.00803996889534283439e-13-j5.61112900525399212165e-13
  +9.00525208616020905607e-14-j5.82034936037678384642e-13
  +7.92980376460736423177e-14-j6.02961542360936125508e-13
  +6.85405717150401304107e-14-j6.23892704790548787961e-13
  +5.77801478490917477087e-14-j6.44828408726637903385e-13
  +4.75683598020063428457e-14-j6.65055832589255204365e-13
  +6.43571399115471222717e-14-j6.50391390999641543256e-13
  +8.11511304566365764076e-14-j6.35722707216837304391e-13
  +9.79503024418787930186e-14-j6.21049791874369522407e-13
  +1.14754627311076755764e-13-j6.06372655442949894683e-13
  +1.31564075517280886221e-13-j5.91691308504989187706e-13
  +1.48378619094123927026e-13-j5.77005761286828519185e-13
  +1.65198230089459447910e-13-j5.62316024259871360713e-13
  +1.82022880712071192864e-13-j5.47622107788931106168e-13
  +1.98852541609795307510e-13-j5.32924021377159464570e-13
  +2.15812575774097178667e-13-j5.18313256800726796179e-13
  +2.45178886970053730395e-13-j5.12745245485842748390e-13
  +2.74550364889827362950e-13-j5.07171846264569187338e-13
  +3.03927002759226917939e-13-j5.01593073146242853607e-13
  +3.33308793762351649174e-13-j4.96008940337440957634e-13
  +3.62695732133059095408e-13-j4.90419461512052955141e-13
  +3.92087811604110635394e-13-j4.84824650794041897758e-13
  +4.21485025837073973549e-13-j4.79224522611108185506e-13
  +4.50887369601947114996e-13-j4.73619090676937729054e-13
  +4.80294837132986598026e-13-j4.68008369363939680196e-13
  +5.09707423313958104732e-13-j4.62392372653200017049e-13
</dep>
<dep S[2,1] frequency>
  +3.22345439223682629810e-04+j1.82837999567281631573e-04
  -8.83317422312955222163e-04+j1.53719667600927213853e-05
  -6.87002088659759580641e-04+j8.87902841938663085590e-04
  +1.17616011659531943291e-03+j2.07164877683724225552e-04
  +6.43770378264595859001e-04-j4.84347070975027927525e-04
  -6.62304682538523373930e-04-j2.89934004526009225702e-04
  -5.72138035459435548291e-04+j1.34439612476167915864e-03
  -2.00878570637367560858e-03-j2.41657057275265578760e-05
  -6.89023594292607942727e-04-j1.44916563646702565606e-03
  -3.76719501946286370458e-04-j2.28742651615662557520e-05
  -1.62384478485900894023e-04-j2.40268222507350290458e-05
  +2.42317340552132634037e-05-j6.10929256623990034510e-05
  -1.09755413092319921800e-04-j3.89486845862519381802e-04
  -2.56211586443253174893e-04-j6.74213459039406967470e-04
  -8.34822212586859178571e-05-j3.89327705255926434166e-04
  +9.16035483913970276617e-05-j1.37102298400986432041e-04
  -7.43540789079525732495e-05-j1.07585309969041950802e-04
  -2.27718765100398635656e-04-j7.68580176257820747504e-05
  -1.30486087721531912728e-04+j1.13774958709671561598e-05
  -3.54953277594358484830e-05+j8.92730717822737935511e-05
  -1.36384001161077846682e-05+j2.43086938710879789621e-05
  +5.67834133841514539898e-06-j3.99629704548132310793e-05
  -2.30412864157674091231e-04-j4.82579502521578238960e-04
  -4.59870947232914365713e-04-j9.12046326061261339833e-04
  -2.63191032061425042674e-04-j5.03492860925772861558e-04
  -6.69270008995326911184e-05-j9.46308838792323718612e-05
  -1.63220874120759091913e-04-j9.72830192187530505945e-05
  -2.62206119387104657006e-04-j1.10131069136391781388e-04
  -3.15110965625829632288e-04-j2.11681937886959767705e-04
  -3.63984687534398259484e-04-j3.11585034972825707447e-04
  -5.14155100838576176701e-04-j2.76278598020921926318e-04
  -6.63699559644035990899e-04-j2.38806594370169473053e-04
  -6.11909984783940265676e-04-j2.63200594538978596519e-04
  -5.55013864011394907581e-04-j2.88745663879371860117e-04
  -7.98932339860980856965e-04-j3.49325643350272354876e-04
  -1.04675103107977943671e-03-j4.11199568837636829366e-04
  -1.16888735190207038173e-03-j4.19756589073149333647e-04
  -1.28383970435261697378e-03-j4.27115432946212130946e-04
  -1.55428994122312367707e-03-j5.56941588004953788693e-04
  -1.82371806140714108786e-03-j6.90513782290421373154e-04
  -2.12817149269118027072e-03-j7.67727020316256547443e-04
  -2.42980573502536234889e-03-j8.42616101597646878323e-04
  -2.75773137499247568416e-03-j1.02202846455344098335e-03
  -3.08197596647237113607e-03-j1.20459259463321722086e-03
  -3.59033829959801327469e-03-j1.30848642157265653875e-03
  -4.10010681456338295370e-03-j1.40956409156975078292e-03
  -4.65024101762378551383e-03-j1.48882684830572661373e-03
  -5.19530228456000203047e-03-j1.56820963253459489360e-03
  -6.00200520339241698486e-03-j1.78844798679725141763e-03
  -6.81100325525632859652e-03-j2.01605691815604252601e-03
  -7.61773956182984490759e-03-j2.17905726705003429874e-03
  -8.41520141636672991403e-03-j2.34041809718686742020e-03
  -9.49158215235648868024e-03-j2.52476162155918296137e-03
  -1.05708259838988780088e-02-j2.71308672152738164854e-03
  -1.19899870054219950116e-02-j2.87513747567999912794e-03
  -1.34130393481471966999e-02-j3.04017439840436340739e-03
  -1.50887852222579155886e-02-j3.13022163134916986404e-03
  -1.67625454237604575025e-02-j3.22266096741923024904e-03
  -1.88281288217496366177e-02-j3.27288750106961151554e-03
  -2.08977370680929301627e-02-j3.32958699264823904454e-03
  -2.34480139945972866633e-02-j3.37905698013074313329e-03
  -2.60131553186787115028e-02-j3.42831757748532665528e-03
  -2.91255013842619189801e-02-j3.22006530444587674850e-03
  -3.22554120602307967114e-02-j2.99809763694909711326e-03
  -3.59739946970449100960e-02-j2.64432979671540236907e-03
  -3.97117178862819997232e-02-j2.28573373071117372235e-03
  -4.41786322369076556171e-02-j1.62659905011168590822e-03
  -4.86728797418123429463e-02-j9.52743855197081806335e-04
  -5.39087827520291149042e-02+j1.85079392736221684870e-04
  -5.91720692119241317708e-02+j1.34709912614939955958e-03
  -6.57329988729099395917e-02+j3.02976408044168445816e-03
  -7.23543699996100908578e-02+j4.74515511520115854105e-03
  -8.00365828005854540450e-02+j7.10857157823305794986e-03
  -8.77600014277042511646e-02+j9.51261747774256177790e-03
  -9.70082546888132030150e-02+j1.29200681124110178244e-02
  -1.06330782122293993064e-01+j1.63921291195794696649e-02
  -1.17094748445245810942e-01+j2.11998668174467191916e-02
  -1.27923358395891612060e-01+j2.60960302622965101271e-02
  -1.40829867908823819223e-01+j3.26722124359146784411e-02
  -1.53850760355970728188e-01+j3.93608054897572612330e-02
  -1.68874007014205046451e-01+j4.83646623245930704083e-02
  -1.83999553400227222610e-01+j5.75338643462210488910e-02
  -2.01770108851780927139e-01+j6.97744756164866974935e-02
  -2.19695354279611176906e-01+j8.22403586450172335853e-02
  -2.40068407402224182068e-01+j9.85685936959760505838e-02
  -2.60580468989794200585e-01+j1.15185212267327058422e-01
  -2.84390830999666888168e-01+j1.37125744424799272947e-01
  -3.08416923068097315053e-01+j1.59479454807992082621e-01
  -3.35259496091728115275e-01+j1.88483926863927397921e-01
  -3.62276926989152092684e-01+j2.18018799574577121225e-01
  -3.92191396474201148248e-01+j2.56437530756282616728e-01
  -4.22271356155907995333e-01+j2.95589433012097224651e-01
  -4.55192576681011429329e-01+j3.46293131671490839185e-01
  -4.88285261985840712828e-01+j3.97979259394470430422e-01
  -5.22955977057489085347e-01+j4.64527350380013359654e-01
  -5.57699215722252117367e-01+j5.32382350178738583679e-01
  -5.92411812986667785097e-01+j6.19645555613374532378e-01
  -6.27076645591706283156e-01+j7.08695162766557307243e-01
  -6.58175969062547383537e-01+j8.21851405476975771514e-01
  -6.88908480158702540841e-01+j9.37309622552708221477e-01
  -7.10322155018265677384e-01+j1.08368453773021444775e+00
  -7.30759533606315625498e-01+j1.23308936206490882270e+00
  -7.33617423277407310067e-01+j1.42051479307155448240e+00
  -7.34693479518496284086e-01+j1.61187708052783551516e+00
  -7.03301005268811896265e-01+j1.84806988499838809048e+00
  -6.68542764687088286735e-01+j2.08920807574442024546e+00
  -5.80996366750203829810e-01+j2.38087855770421263912e+00
  -4.87751266320510135088e-01+j2.67864143407429633470e+00
  -3.09918098405157493858e-01+j3.02513150331388791514e+00
  -1.22361460316785561342e-01+j3.37822994109690677433e+00
  +1.89164509231747740570e-01+j3.76797615518592365902e+00
  +5.16018017843655640853e-01+j4.16410974302084113674e+00
  +1.01783647660159815018e+00+j4.56104169894017719145e+00
  +1.54346427752952752854e+00+j4.96070639525503942480e+00
  +2.28612823946338394876e+00+j5.28369842999936611960e+00
  +3.06153328442750893856e+00+j5.59892722781011631383e+00
  +4.06508241477621279358e+00+j5.71904501476276116989e+00
  +5.10674019614239504961e+00+j5.81206463738791345719e+00
  +6.29393351895800812201e+00+j5.67166243676813586205e+00
  +7.54803274526646816867e+00+j5.28492702817867154863e+00
  +8.80418929431668040309e+00+j4.63178532174193779980e+00
  +1.00081447625077721852e+01+j3.70848066774227058673e+00
  +1.10842751194524780090e+01+j2.51955591938103484750e+00
  +1.19639286691647264149e+01+j1.09462414324650669784e+00
  +1.25895867305230879651e+01-j5.12102354042797358602e-01
  +1.29207511148589393457e+01-j2.23415034630299391694e+00
  +1.29653430781171508102e+01-j4.00132265156444510978e+00
  +1.27123324127130938876e+01-j5.75036692987564546087e+00
  +1.21895762736774067037e+01-j7.41941436291677014481e+00
  +1.14364421464801342410e+01-j8.97239722445965348641e+00
  +1.04904711367707950131e+01-j1.03733601120881697710e+01
  +9.39206618780631607990e+00-j1.16094466161031419915e+01
  +8.17337359056699241933e+00-j1.26706203097343230723e+01
  +6.87555145219948915525e+00-j1.35599328187726460015e+01
  +5.51326308653172869612e+00-j1.42673578033818806432e+01
  +4.11910358268990695052e+00-j1.48062665173727765477e+01
  +2.71326597782922185331e+00-j1.51860901364947515901e+01
  +1.31249581193811448721e+00-j1.54289468721758709080e+01
  -7.29397908705241709848e-02-j1.55281637423888820848e+01
  -1.43215111013831242204e+00-j1.55084771667641376780e+01
  -2.75274146932226360107e+00-j1.53629302648041612400e+01
  -4.03065892594314512110e+00-j1.51100735123552851746e+01
  -5.26443895726853750006e+00-j1.47604914045736546058e+01
  -6.44197119535125661827e+00-j1.43070384416744751377e+01
  -7.56753602887094167784e+00-j1.37821033639763506073e+01
  -8.62514000971096095327e+00-j1.31694337267467780350e+01
  -9.61733478225749216506e+00-j1.24838768434628928361e+01
  -1.05302457196897982783e+01-j1.17253414657745249627e+01
  -1.13811586928528676310e+01-j1.09212268823332596668e+01
  -1.21493889390032201447e+01-j1.00586613035324354826e+01
  -1.28536377288126004714e+01-j9.16276657061143318117e+00
  -1.34735197111606055387e+01-j8.22386516293235203534e+00
  -1.40165228619309640834e+01-j7.25171704983625531327e+00
  -1.44974272914416282276e+01-j6.26462710949840761998e+00
  -1.48930716750021741035e+01-j5.25332637627390219848e+00
  -1.52125615333379951011e+01-j4.22727221630190985735e+00
  -1.54588546698090976150e+01-j3.19537093519710335698e+00
  -1.56342510134670877875e+01-j2.15883720062484130153e+00
  -1.57246439918340534803e+01-j1.12302153914623126241e+00
  -1.57589316422239722471e+01-j9.31831128676717385106e-02
  -1.57291019272743177737e+01+j9.25536514042520797041e-01
  -1.56201670189131061051e+01+j1.92720467095215663988e+00
  -1.54614391788080762780e+01+j2.91276920868723676605e+00
  -1.52305994275463092436e+01+j3.87714127872357305904e+00
  -1.49548761305143873557e+01+j4.81873446730410748273e+00
  -1.46124545335037900884e+01+j5.73091392525005360881e+00
  -1.42151456021802360397e+01+j6.61144344797151717330e+00
  -1.37810406971246255381e+01+j7.46714115726362326342e+00
  -1.32907453410247651249e+01+j8.28028095604641301009e+00
  -1.27524905808815809394e+01+j9.05696941018674550605e+00
  -1.21730695042183167942e+01+j9.79352897497151353434e+00
  -1.15534141509242260781e+01+j1.04909492595663529357e+01
  -1.08886784969375636223e+01+j1.11341255465921555867e+01
  -1.02013932155724713624e+01+j1.17394932916130088074e+01
  -9.48514516266611629192e+00+j1.23032138859042028400e+01
  -8.74338426540787416741e+00+j1.28195155322757496918e+01
  -7.97078967451350361983e+00+j1.32758326951885337053e+01
  -7.18212105588357907493e+00+j1.36945429272343179861e+01
  -6.37102740659743549401e+00+j1.40540437068673931265e+01
  -5.55070941544843687865e+00+j1.43743452195065959387e+01
  -4.71777647530141486243e+00+j1.46324067928877497025e+01
  -3.87884635473941496997e+00+j1.48518036967316202634e+01
  -3.03252723110595256983e+00+j1.50108841305225499951e+01
  -2.18462868255980824372e+00+j1.51320855552346600348e+01
  -1.33429971868201979746e+00+j1.51937916711791984881e+01
  -4.88591512000955963124e-01+j1.52179098707349496067e+01
  +3.52656347909388767636e-01+j1.51977672361703852744e+01
  +1.18643040643036457027e+00+j1.51166850172307700717e+01
  +2.01353164189446509624e+00+j1.50004718863311889976e+01
  +2.82729530703506881650e+00+j1.48421465181751965901e+01
  +3.62806662505398369589e+00+j1.46385006901762615428e+01
  +4.41263292446398214253e+00+j1.43917661862676986573e+01
  +5.18039407398760154422e+00+j1.41029545632456265736e+01
  +5.92122663300194229663e+00+j1.37608856163333221900e+01
  +6.64397028619145402217e+00+j1.33893041797824956518e+01
  +7.35199106716417372098e+00+j1.29946706765595259014e+01
  +8.03045491736300398600e+00+j1.25539095934990641013e+01
  +8.67987167350846533509e+00+j1.20753865262396864466e+01
  +9.29994823249163360401e+00+j1.15637343911698557974e+01
  +9.88954936934905504131e+00+j1.10205776185541637346e+01
  +1.04451982798328320001e+01+j1.04494720306614912175e+01
  +1.09684866939720802037e+01+j9.85001354290750263942e+00
  +1.14568716714239045018e+01+j9.22613556341463159072e+00
  +1.19219964639881901292e+01+j8.58483433335703871592e+00
  +1.23426756428122175180e+01+j7.91508895985888383251e+00
  +1.27239394346310614736e+01+j7.22198063455528327381e+00
  +1.30682349102179422573e+01+j6.51028006698858252577e+00
  +1.33735937229012229466e+01+j5.78327166423915617344e+00
  +1.36275730400905317197e+01+j5.03460446909259573545e+00
  +1.38499510013485682691e+01+j4.27765227177307405526e+00
  +1.40347770887212313085e+01+j3.51127820289732017756e+00
  +1.41796490484598880499e+01+j2.73756203431485634070e+00
  +1.42700322633706626618e+01+j1.95333394494034373601e+00
  +1.43276195912912367447e+01+j1.16721284080863130228e+00
  +1.43332269061606289995e+01+j3.77112489939102568659e-01
  +1.42930852348027279675e+01-j4.11870686070781588661e-01
  +1.42106377530655159092e+01-j1.19983241296433873480e+00
  +1.40852246227336497242e+01-j1.98321251826146749409e+00
  +1.39174206141382370561e+01-j2.75711290895891680819e+00
  +1.37062802459725059379e+01-j3.52440809625005657679e+00
  +1.34530311267718545309e+01-j4.27807315229800799727e+00
  +1.31580892716021082833e+01-j5.01651362386747301514e+00
  +1.28098513070683068804e+01-j5.73461572089847138045e+00
  +1.24285584647915392509e+01-j6.43873751270542804548e+00
  +1.19997924616365025940e+01-j7.11646886963819635952e+00
  +1.15383295282331133080e+01-j7.77612199384943547642e+00
  +1.10308958060809487733e+01-j8.40518615967654625365e+00
  +1.04912882073647413250e+01-j9.01333780931769545930e+00
  +9.90969875022022606004e+00-j9.58388020911853111272e+00
  +9.28995801551550215436e+00-j1.01193263200009742064e+01
  +8.63502617509096914716e+00-j1.06181568788714333351e+01
  +7.94595407604599124340e+00-j1.10798770013746725738e+01
  +7.22729221921186404387e+00-j1.15005316471969223358e+01
  +6.47749401254333090350e+00-j1.18796656891165977044e+01
  +5.69905766772769428741e+00-j1.22142469476708281917e+01
  +4.89063073129714709353e+00-j1.24898593852892645373e+01
  +4.05821216564560494078e+00-j1.27118808515485781641e+01
  +3.20437694215665880293e+00-j1.28815006972243661920e+01
  +2.33205408466323849126e+00-j1.29843753140910305177e+01
  +1.44675889767055498858e+00-j1.30260616455310831441e+01
  +5.53495614950428538314e-01-j1.30086724257658445936e+01
  -3.44178277107191399331e-01-j1.29074470159101597488e+01
  -1.23779871544797215321e+00-j1.27365580020422104468e+01
  -2.12098774920584487447e+00-j1.24916186606552859217e+01
  -2.98593565097513335971e+00-j1.21695354045229748863e+01
  -3.81929165068894294066e+00-j1.17620322188497805627e+01
  -4.61386884556080811848e+00-j1.12800346925983543400e+01
  -5.36307988915340594360e+00-j1.07310937451313872515e+01
  -6.05343587267327443158e+00-j1.01122797333361269523e+01
  -6.67308114402418084410e+00-j9.43054885394304243107e+00
  -7.21444111427542900117e+00-j8.69527993888630490460e+00
  -7.66447652035369841883e+00-j7.91258247372422918176e+00
  -8.03020356720616490520e+00-j7.10693252955291221440e+00
  -8.30100253405391796946e+00-j6.28281452797619444084e+00
  -8.47959933456741410396e+00-j5.45474066691166292742e+00
  -8.56926523359815028869e+00-j4.63875922983600386118e+00
  -8.57477693739000379480e+00-j3.84521962844254083791e+00
  -8.50170518137347919208e+00-j3.08457129234008720076e+00
  -8.35700044369188432825e+00-j2.36548467839862963658e+00
  -8.14850231041651973385e+00-j1.69611051238401366881e+00
  -7.88565453425406559518e+00-j1.08162458213023304765e+00
  -7.58361990240201766511e+00-j5.25610743599290053396e-01
  -7.25263490923592968329e+00-j2.70458660653214340297e-02
  -6.89424511735880507501e+00+j4.12282980899128903562e-01
  -6.52509192955174466277e+00+j7.94932776570640986513e-01
  -6.14959148312195935659e+00+j1.12310547080964195921e+00
  -5.77408352117319090269e+00+j1.38589955175249901487e+00
  -5.39858829791937644416e+00+j1.62931911983221278106e+00
  -5.03589663113881247369e+00+j1.81198589174936541824e+00
  -4.67751896677328371510e+00+j1.97160028249676400058e+00
  -4.34304400024877601538e+00+j2.08566648103235552369e+00
  -4.01720789872093853035e+00+j2.18213097323388049986e+00
  -3.71397429269795331663e+00+j2.24175112635576256892e+00
  -3.41911471342769690551e+00+j2.28682958046175155431e+00
  -3.14992939077218547794e+00+j2.30619909381749277344e+00
  -2.89048754076224279075e+00+j2.31517434460922455486e+00
  -2.65603025433768058505e+00+j2.30680879790009374375e+00
  -2.43122331426808990784e+00+j2.29120681701171857725e+00
  -2.22747129433749169181e+00+j2.26160666494375561797e+00
  -2.03202750813379262596e+00+j2.22606591533471220856e+00
  -1.85733803618374082589e+00+j2.18381572492864073354e+00
  -1.69097899697795028828e+00+j2.13849243956235879338e+00
  -1.54143843987176443200e+00+j2.08784693356204842374e+00
  -1.39877842623111869891e+00+j2.03472296566438393128e+00
  -1.27110466710107572474e+00+j1.97848830788552776383e+00
  -1.14965871871409075489e+00+j1.92069888014856715586e+00
  -1.04163142757010107609e+00+j1.86321048231559904806e+00
  -9.39246044265168555931e-01+j1.80559955867897703463e+00
  -8.47785330301433770472e-01+j1.74773439008053643740e+00
  -7.61011944380100779917e-01+j1.68956377952991787517e+00
  -6.83861671541198923308e-01+j1.63290278611557893029e+00
  -6.10852438151009202727e-01+j1.57670244535769144001e+00
  -5.45921082385787737046e-01+j1.52229611174134560336e+00
  -4.84523526006594762450e-01+j1.46851095291546651644e+00
  -4.29642183279251299588e-01+j1.41688201803757785058e+00
  -3.77670106375520120423e-01+j1.36605275824516803063e+00
  -3.31523303208110853291e-01+j1.31689217477399056477e+00
  -2.88004669805379920344e-01+j1.26836165012621893133e+00
  -2.48954944427616564617e-01+j1.22174064022020845144e+00
  -2.11985477503038477476e-01+j1.17588542070010970697e+00
  -1.81672636649784446927e-01+j1.13416524062259838068e+00
  -1.54330983562151857758e-01+j1.09419722686893794439e+00
  -1.27242340315077029356e-01+j1.05417766517941502435e+00
  -1.00406555978419215203e-01+j1.01410670974501604391e+00
  -7.38234850824625171706e-02+j9.73984510736647490781e-01
  -5.34384793911205011052e-02+j9.38583179063027128741e-01
  -3.58661421331934252010e-02+j9.05244684720554082524e-01
  -1.84960727519964188148e-02+j8.71891426753798159943e-01
  -1.32817221834182711687e-03+j8.38523536688970283492e-01
  +1.56376541449473327461e-02+j8.05141144127756169802e-01
  +2.86347343432876190461e-02+j7.75873312029626949204e-01
  +3.97734441568159818869e-02+j7.48457730729346071286e-01
  +5.07569470364729671830e-02+j7.21046894151395667549e-01
  +6.15710634306073020805e-02+j6.93643559226385097993e-01
  +7.22155930834356141190e-02+j6.66248311795389569490e-01
  +8.02560977999992597454e-02+j6.42134078155738974303e-01
  +8.70407574980925635710e-02+j6.19538701436752714535e-01
  +9.36909108320736760955e-02+j5.96964427062050995154e-01
  +1.00207137379463268045e-01+j5.74410023972438676942e-01
  +1.06590458201599486143e-01+j5.51872672339415504261e-01
  +1.11175546553305623632e-01+j5.32148432740355947779e-01
  +1.14879934859104457234e-01+j5.13764511398922540941e-01
  +1.18490483381108402394e-01+j4.95413542577332499661e-01
  +1.22007308109548406883e-01+j4.77095501441960112565e-01
  +1.25430522374511854711e-01+j4.58810363381044639119e-01
  +1.27800276242168081575e-01+j4.42644226380833671897e-01
  +1.29631418809430909445e-01+j4.27510032658711180975e-01
  +1.31388925105979881280e-01+j4.12408971183809591743e-01
  +1.33072878766966495867e-01+j3.97341015256913399067e-01
  +1.34683361433306836297e-01+j3.82306138613806245630e-01
  +1.35622414218910580797e-01+j3.69013199991853724224e-01
  +1.36206930456546693176e-01+j3.56589310208563825544e-01
  +1.36732908899802163560e-01+j3.44194667159890443919e-01
  +1.37198766501115676508e-01+j3.31828028440927569331e-01
  +1.37606338942068251452e-01+j3.19491082933653913756e-01
  +1.37595634234995933820e-01+j3.08557755822993440287e-01
  +1.37356028559011272838e-01+j2.98342681918965568766e-01
  +1.37070398544370808391e-01+j2.88155583766880829533e-01
  +1.36738764214303865074e-01+j2.77996528703088108259e-01
  +1.36361145548564599572e-01+j2.67865584570727122138e-01
  +1.35718012993997966253e-01+j2.58769062686791395667e-01
  +1.34925344111989337081e-01+j2.50217255360908386042e-01
  +1.34097520583086132762e-01+j2.41693199688619325682e-01
  +1.33234579627375560040e-01+j2.33196949481502269208e-01
  +1.32336558470102561014e-01+j2.24728558750673296229e-01
  +1.31328521946010190469e-01+j2.17229629526548312368e-01
  +1.30252398438975708350e-01+j2.10250573644010396723e-01
  +1.29148485833714882220e-01+j2.03296420605509287061e-01
  +1.28016169182056438469e-01+j1.96367260390643560974e-01
  +1.26856642996104024279e-01+j1.89463099767349318903e-01
  +1.25602895773378020472e-01+j1.83213093959507633546e-01
  +1.24290597175337205749e-01+j1.77323305524301394476e-01
  +1.22956741937006480692e-01+j1.71455415883201817140e-01
  +1.21601354239737335927e-01+j1.65609451882831659741e-01
  +1.20224458265521666478e-01+j1.59785440617815049924e-01
  +1.18881485649054305376e-01+j1.54571705467976577841e-01
  +1.17551052889930701673e-01+j1.49700650227523629487e-01
  +1.16203591816597159858e-01+j1.44848922128841900436e-01
  +1.14839123649880178735e-01+j1.40016542527648280014e-01
  +1.13457669642081357408e-01+j1.35203532977000828730e-01
  +1.12091459587875530435e-01+j1.30822364444501959557e-01
  +1.10728732593820794472e-01+j1.26690488344233243012e-01
  +1.09351977693142699000e-01+j1.22576253370751231397e-01
  +1.07960549685195819625e-01+j1.18480476155461839083e-01
  +1.06555076475124188562e-01+j1.14402554450106275219e-01
  +1.05220690019764168133e-01+j1.10710353509543737993e-01
  +1.03923234431294392310e-01+j1.07244937886526933712e-01
  +1.02614519713286514446e-01+j1.03794950560568879916e-01
  +1.01294581386841248127e-01+j1.00360416692717710485e-01
  +9.99634550574530073019e-02+j9.69413613352013009417e-02
  +9.86643560244387235469e-02+j9.38567054292521879555e-02
  +9.73822333938131889930e-02+j9.09732373769875785063e-02
  +9.60927037299927067071e-02+j8.81029093246541994411e-02
  +9.47958232524970800803e-02+j8.52455250632840472180e-02
  +9.34915974668276000825e-02+j8.24010935265530874982e-02
  +9.22117525577467872511e-02+j7.98036159916624687760e-02
  +9.09448340658959297755e-02+j7.73580995483836575399e-02
  +8.96721604693490048632e-02+j7.49242937679367310144e-02
  +8.83937373841548051923e-02+j7.25022064710661856557e-02
  +8.71097816229426252788e-02+j7.00925333202726957849e-02
  +8.58959073267568512522e-02+j6.78308675524077336894e-02
  +8.47227212666360890436e-02+j6.56637984686067321949e-02
  +8.35439991257645453437e-02+j6.35081670164441419724e-02
  +8.23597688988183945780e-02+j6.13639829847704224020e-02
  +8.11700585902392635074e-02+j5.92312560660270617796e-02
  +8.00414197239508878878e-02+j5.73082453014989723350e-02
  +7.89498856722515157669e-02+j5.55192452131563068951e-02
  +7.78544087175180449245e-02+j5.37403758900437053536e-02
  +7.67552433582137233481e-02+j5.19718287380090127048e-02
  +7.56519329429333892145e-02+j5.02131939461173820716e-02
  +7.46042164143200514648e-02+j4.86162227046543354847e-02
  +7.35917312367847104015e-02+j4.71237739236963562584e-02
  +7.25767005637905082693e-02+j4.56385577113110132985e-02
  +7.15591232804333454709e-02+j4.41605767440067589757e-02
  +7.05389983200035153299e-02+j4.26898337994378318516e-02
  +6.95597221112733699044e-02+j4.13303351265003476867e-02
  +6.86071691976541248037e-02+j4.00453077214594568844e-02
  +6.76527219080957781250e-02+j3.87668127837165962801e-02
  +6.66962337699919666223e-02+j3.74948334946674927126e-02
  +6.57377042700764135930e-02+j3.62293729015537371851e-02
  +6.48190883958068425619e-02+j3.50447352608053014356e-02
  +6.39268110946227402502e-02+j3.39163026619262800154e-02
  +6.30331045636320363990e-02+j3.27947297198280876551e-02
  +6.21379834584296353306e-02+j3.16800130927266734848e-02
  +6.12415077339510324772e-02+j3.05721287358329957273e-02
  +6.03954119273038894655e-02+j2.95583318861175267656e-02
  +5.95830565028384884219e-02+j2.86100624291410927935e-02
  +5.87696788373113579440e-02+j2.76677670443282279489e-02
  +5.79552914055216569778e-02+j2.67314425748401487959e-02
  +5.71399066423101467671e-02+j2.58010858471911935785e-02
  +5.63508230426725265083e-02+j2.49255891114659421104e-02
  +5.55794887643592319670e-02+j2.40891287661773347006e-02
  +5.48069467334141233184e-02+j2.32576031785125605933e-02
  +5.40332464601254239267e-02+j2.24309593002024049158e-02
  +5.32585280411906059062e-02+j2.16090118047335237594e-02
  +5.25320394599157886040e-02+j2.08460778966934948131e-02
  +5.18395151845639501342e-02+j2.01258907113457431726e-02
  +5.11460282326870532832e-02+j1.94100793956496764370e-02
  +5.04515855049645911556e-02+j1.86986488833272290755e-02
  +4.97561939469625957866e-02+j1.79916040928898395002e-02
  +4.90981689598314618994e-02+j1.73342804256607051216e-02
  +4.84672875211193607270e-02+j1.67137663485960666354e-02
  +4.78359921665564846727e-02+j1.60972028191233192118e-02
  +4.72043175083781477164e-02+j1.54843797950337414698e-02
  +4.65722334494989426146e-02+j1.48755372780029985341e-02
  +4.59607817102373472640e-02+j1.43031133483266965911e-02
  +4.53645669910743773445e-02+j1.37583419662826045987e-02
  +4.47681169865819517106e-02+j1.32172355456975920696e-02
  +4.41714375463655023468e-02+j1.26797930009502953647e-02
  +4.35745345160808844609e-02+j1.21460132404781311066e-02
  +4.29973869991152890524e-02+j1.16477851920387433238e-02
  +4.24351732531706229978e-02+j1.11769664863850606840e-02
  +4.18728575891957194299e-02+j1.07093533037056765078e-02
  +4.13104729665541223205e-02+j1.02450445928051296629e-02
  +4.07480343108272205499e-02+j9.78407303172198344887e-03
  +4.02285788662800000703e-02+j9.36244516532108890516e-03
  +3.97421635234007225579e-02+j8.97140765863717846995e-03
  +3.92557454157020924157e-02+j8.58318671845182713798e-03
  +3.87693284414804412163e-02+j8.19778019508093751255e-03
  +3.82829164898801643790e-02+j7.81518594491385082401e-03
  +3.77942196829666940405e-02+j7.44753068426325277873e-03
  +3.73036243220093502448e-02+j7.09173735631148625946e-03
  +3.68128742971802133677e-02+j6.73815116638642932351e-03
  +3.63220211347908064625e-02+j6.38685130659579804180e-03
  +3.58310657602383189624e-02+j6.03785037326000535718e-03
  +3.53730184255519816694e-02+j5.72013955210409329871e-03
  +3.49413306886242336358e-02+j5.42764414073669456545e-03
  +3.45096114559386851761e-02+j5.13710886815142969003e-03
  +3.40778621885646365586e-02+j4.84854434728819189832e-03
  +3.36460844450096469016e-02+j4.56196119570040446028e-03
  +3.32246390765852661620e-02+j4.27549597362547606494e-03
  +3.28117394586555990998e-02+j3.98975049078860964646e-03
  +3.23989907673932486798e-02+j3.70633925002948529798e-03
  +3.19864290256511515920e-02+j3.42527629332148699295e-03
  +3.15740627850558119860e-02+j3.14655727353382571113e-03
  +3.11745117064300483745e-02+j2.88587966112339262478e-03
  +3.07857060680730501567e-02+j2.64046751203754351614e-03
  +3.03971562589078030114e-02+j2.39719256618878924156e-03
  +3.00088698462139709389e-02+j2.15605069382440728276e-03
  +2.96208543483005709573e-02+j1.91703773395457172275e-03
  +2.92572072524526632931e-02+j1.69919042683788767967e-03
  +2.89142948570289201604e-02+j1.49925648583730444091e-03
  +2.85716611956102137238e-02+j1.30094046999058182180e-03
  +2.82293264263573442929e-02+j1.10424637657281906819e-03
  +2.78872931966572222551e-02+j9.09172945795044037259e-04
  +2.75460876698302992160e-02+j7.38683198422029094025e-04
  +2.72057613787922043802e-02+j5.89628581462166745548e-04
  +2.68658984904981482100e-02+j4.42060831350021301005e-04
  +2.65265013650251707533e-02+j2.95978494821012687050e-04
  +2.61875723585708562735e-02+j1.51380114604839592770e-04
  +2.58725255983314195163e-02-j1.04551386802086477049e-05
  +2.55784347919879896660e-02-j1.87445911071358335253e-04
  +2.52845193907961472701e-02-j3.63049609321884451940e-04
  +2.49907988397662095270e-02-j5.37266291821615919397e-04
  +2.46972749074697642269e-02-j7.10096628474018607899e-04
  +2.44010291054048700232e-02-j8.66745330238090491357e-04
  +2.41024435938696213189e-02-j1.00869514752677312368e-03
  +2.38041866917547174920e-02-j1.14931944444351128234e-03
  +2.35062600446421209044e-02-j1.28861905254870146367e-03
  +2.32086652991590133843e-02-j1.42659480394609263637e-03
  +2.29300474736629823769e-02-j1.55211896367339770818e-03
  +2.26689662701154391600e-02-j1.66625863048035314368e-03
  +2.24082423146686089688e-02-j1.77932191897890073021e-03
  +2.21478978590939207249e-02-j1.89131422918322193889e-03
  +2.18879340566262188539e-02-j2.00223658570845538043e-03
  +2.16228451144667745132e-02-j2.11051059368000306499e-03
  +2.13529972806228672544e-02-j2.21621279081734385771e-03
  +2.10835779108314233521e-02-j2.32082234174700629062e-03
  +2.08145881564128984453e-02-j2.42434032464770464130e-03
  +2.05460291682719453643e-02-j2.52676781705427327268e-03
  +2.03030543409573362157e-02-j2.62187009895763602565e-03
  +2.00844933907808886886e-02-j2.71001533278796610110e-03
  +1.98661794803459031133e-02-j2.79721500383116414984e-03
  +1.96481169363044230747e-02-j2.88347037101680274060e-03
  +1.94303156227782075627e-02-j2.96878535697568408241e-03
  +1.92017972297669307913e-02-j3.04468814554402153472e-03
  +1.89629062015081416293e-02-j3.11133738266434816885e-03
  +1.87244205443312071446e-02-j3.17701326538155290335e-03
  +1.84863428437072006838e-02-j3.24171689595460083000e-03
  +1.82486756780806877454e-02-j3.30544938903299485508e-03
  +1.80285681400259995000e-02-j3.36547010921518004872e-03
  +1.78259665895704605409e-02-j3.42195214708878453491e-03
  +1.76237524720470814521e-02-j3.47768835741333725425e-03
  +1.74219191978339134341e-02-j3.53267463489465071216e-03
  +1.72204720362005327117e-02-j3.58691539864550677785e-03
  +1.70231709942843499606e-02-j3.64560551895793446414e-03
  +1.68300404438127861051e-02-j3.70883938142988010128e-03
  +1.66372412420726367710e-02-j3.77133165694936529563e-03
  +1.64447740629182666272e-02-j3.83308341437898093124e-03
  +1.62526395781917437633e-02-j3.89409572062360178485e-03
  +1.60722956832469211774e-02-j3.94570360323351961712e-03
  +1.59041389325849658043e-02-j3.98767780938944025465e-03
  +1.57362525796264189626e-02-j4.02905699513851460469e-03
  +1.55686380228107750651e-02-j4.06984149291342387628e-03
  +1.54012925479892360398e-02-j4.11002729121784371458e-03
  +1.52342196158085085855e-02-j4.14961682632652550246e-03
  +1.50674228495642683473e-02-j4.18861278908293482165e-03
  +1.49009036443692698126e-02-j4.22701554023639878427e-03
  +1.47346633946435125878e-02-j4.26482544755150960736e-03
  +1.45687034940373549841e-02-j4.30204288577569048807e-03
  +1.44038405765062309943e-02-j4.33963004465958996497e-03
  +1.42401571968708406252e-02-j4.37766523776536922719e-03
  +1.40767782046427331749e-02-j4.41510920847849527848e-03
  +1.39137046258299753448e-02-j4.45196281577055815587e-03
  +1.37509374831124853156e-02-j4.48822692109631000978e-03
  +1.35884765018938601794e-02-j4.52390042861446853989e-03
  +1.34263216002051682940e-02-j4.55898246306239447040e-03
  +1.32644763134118458259e-02-j4.59347767650860119848e-03
  +1.31029416499008361657e-02-j4.62738693994597417858e-03
  +1.29417186146776087841e-02-j4.66071112674242612334e-03
  +1.27925129259325569969e-02-j4.68770266437035666024e-03
  +1.26567818585571582879e-02-j4.70775415268919177753e-03
  +1.25213473235050790078e-02-j4.72737723558606069696e-03
  +1.23862098805200826490e-02-j4.74657265889871955722e-03
  +1.22513700872145993997e-02-j4.76534116919200348428e-03
  +1.21168284990839664889e-02-j4.78368351376182946583e-03
  +1.19825856694873496971e-02-j4.80160044061266576276e-03
  +1.18486405120540663760e-02-j4.81908900432655162849e-03
  +1.17149948336943195842e-02-j4.83615269870040810629e-03
  +1.15816496372398991532e-02-j4.85279329170637714619e-03
  +1.14552919074919594411e-02-j4.86659116275994004658e-03
  +1.13370543690634040246e-02-j4.87720089605685278716e-03
  +1.12190965677212619450e-02-j4.88748489726283704554e-03
  +1.11014187159478652789e-02-j4.89744383533844123563e-03
  +1.09840210248801101872e-02-j4.90707837824098588864e-03
  +1.08669037043273193632e-02-j4.91638919292969669983e-03
  +1.07500669627511053622e-02-j4.92537694533543013442e-03
  +1.06335110072973484940e-02-j4.93404230038151092597e-03
  +1.05172360437883350565e-02-j4.94238592196350867009e-03
  +1.04012412751754018680e-02-j4.95040478045581915784e-03
  +1.02838566095960984997e-02-j4.95922384704775617154e-03
  +1.01647034964013182473e-02-j4.96904077120129041706e-03
  +1.00458174841371906949e-02-j4.97847032985290934015e-03
  +9.92719943462716178373e-03-j4.98751334900410670664e-03
  +9.80885020525198991770e-03-j4.99617065766087744411e-03
  +9.69077064892437736732e-03-j5.00444308779164799550e-03
  +9.57296161409862227110e-03-j5.01233147432590241815e-03
  +9.45542394473759817419e-03-j5.01983665510203746346e-03
  +9.33815848031113553140e-03-j5.02695947085356371897e-03
  +9.22116605578307026170e-03-j5.03370076517909836172e-03
  +9.10816386421184863431e-03-j5.03832430983665573859e-03
  +9.00015773679473107816e-03-j5.04041412283626980712e-03
  +8.89242703552494372088e-03-j5.04220191847141573777e-03
  +8.78497215577422538302e-03-j5.04368871273855063492e-03
  +8.67779345545197783318e-03-j5.04487522410088790048e-03
  +8.57089128995129449773e-03-j5.04576217086400140993e-03
  +8.46426601215343257789e-03-j5.04635027116248982559e-03
  +8.35791797242915052157e-03-j5.04664024294000212317e-03
  +8.25184751864345596151e-03-j5.04663280393624711501e-03
  +8.14605499617937316159e-03-j5.04632867169787970724e-03
  +8.05010325538266062473e-03-j5.04337875259537864875e-03
  +7.96703967816773939159e-03-j5.03710134657723521828e-03
  +7.88419318981380470857e-03-j5.03063704649548033843e-03
  +7.80156390258834007978e-03-j5.02398493136405228932e-03
  +7.71915189433638408018e-03-j5.01714573840128692794e-03
  +7.63695721532997150865e-03-j5.01012089704936866563e-03
  +7.55497994024019632608e-03-j5.00291080859273894210e-03
  +7.47322014327315205934e-03-j4.99551587373674686743e-03
  +7.39167789819026796461e-03-j4.98793649262880157275e-03
  +7.31035327830102145408e-03-j4.98017306484393323940e-03
  +7.22940066887016365843e-03-j4.97297122983934598156e-03
  +7.14887999192864199982e-03-j4.96659874347923392668e-03
  +7.06857935657722712824e-03-j4.96002278681472764943e-03
  +6.98849906019102275201e-03-j4.95324397691181313175e-03
  +6.90863939747850437645e-03-j4.94626293106921032655e-03
  +6.82900066048848595340e-03-j4.93908026681532438124e-03
  +6.74958341802072564475e-03-j4.93169486192902416927e-03
  +6.67038769909156139398e-03-j4.92410902608289222093e-03
  +6.59141377531710127846e-03-j4.91632345637598323213e-03
  +6.51266192804846304892e-03-j4.90833877103681072429e-03
  +6.43535511513720469984e-03-j4.89853784991434431512e-03
  +6.36002240762608642838e-03-j4.88623754722918284682e-03
  +6.28490543704304967243e-03-j4.87377176728667673572e-03
  +6.21000439431692533715e-03-j4.86114094674069095736e-03
  +6.13531946910144711238e-03-j4.84834552252042666476e-03
  +6.06085084976641392390e-03-j4.83538593180422599654e-03
  +5.98659872340657518708e-03-j4.82226261203210285200e-03
  +5.91256327584281215354e-03-j4.80897600089783688881e-03
  +5.83874472105025583979e-03-j4.79552643599454909984e-03
  +5.76514359667119370700e-03-j4.78191316803223270826e-03
  +5.69642157283454294431e-03-j4.77101108694768030749e-03
  +5.63486708533113105080e-03-j4.76426774006534232281e-03
  +5.57348577121785388605e-03-j4.75738864731180960410e-03
  +5.51227767049513716485e-03-j4.75037426510001217078e-03
  +5.45124282189845925373e-03-j4.74322504883406201315e-03
  +5.39038126290642544136e-03-j4.73594145290708208595e-03
  +5.32969302974706238274e-03-j4.72852393069884188032e-03
  +5.26917815740592099250e-03-j4.72097293457368442915e-03
  +5.20883667963126673756e-03-j4.71328891587823040066e-03
  +5.14866862894212615198e-03-j4.70547232493934847186e-03
  +5.09011127975372932447e-03-j4.69575419507364810734e-03
  +5.03395289781195624801e-03-j4.68316142639711285173e-03
  +4.97794145321908514112e-03-j4.67046508019882192220e-03
  +4.92207670570866256954e-03-j4.65766620545719420288e-03
  +4.86635874606565141387e-03-j4.64476507759273900960e-03
  +4.81078771032660262169e-03-j4.63176186786719810973e-03
  +4.75536373435651946867e-03-j4.61865674815050992336e-03
  +4.70008695384418421354e-03-j4.60544989090870375559e-03
  +4.64495750430676378889e-03-j4.59214146922082809554e-03
  +4.58997552108287350942e-03-j4.57873165676013233610e-03
  +4.53608087259632728611e-03-j4.56352190111330296984e-03
  +4.48389194977542350495e-03-j4.54545595296981276567e-03
  +4.43189016364182487850e-03-j4.52730676759032467371e-03
  +4.38007544214887890865e-03-j4.50907485117126374807e-03
  +4.32844771175485906745e-03-j4.49076070828368072857e-03
  +4.27700710706272260730e-03-j4.47236448034544781943e-03
  +4.22575360185372447125e-03-j4.45388658937100837681e-03
  +4.17468685561755807611e-03-j4.43532799066946852723e-03
  +4.12380678894044318261e-03-j4.41668918225763748597e-03
  +4.07311332096804614572e-03-j4.39797066051700324962e-03
  +4.02398295338808175553e-03-j4.37792305248227951731e-03
  +3.97736389362771027706e-03-j4.35569298234883637427e-03
  +3.93090881327921078808e-03-j4.33341520274233785864e-03
  +3.88461761078865092447e-03-j4.31108997605183195956e-03
  +3.83849018444338413447e-03-j4.28871756392613327075e-03
  +3.79252643237611456947e-03-j4.26629822727297037394e-03
  +3.74672625256689548548e-03-j4.24383222626034239261e-03
  +3.70108954284524603942e-03-j4.22131982031757543861e-03
  +3.65561620089417541393e-03-j4.19876126813521332454e-03
  +3.61030642810277694471e-03-j4.17615640942500202654e-03
  +3.56421281533334617306e-03-j4.15541793268675140743e-03
  +3.51659659242037868354e-03-j4.13800534422689453989e-03
  +3.46913682498854129138e-03-j4.12051406308619385527e-03
  +3.42183356156095658251e-03-j4.10294442444831923555e-03
  +3.37468684960023435418e-03-j4.08529676320972499892e-03
  +3.32769673551273990203e-03-j4.06757141398137508220e-03
  +3.28086326465181800371e-03-j4.04976871108532737037e-03
  +3.23418648132004372259e-03-j4.03188898854375202957e-03
  +3.18766642877347074550e-03-j4.01393258008068444520e-03
  +3.14130314922475345138e-03-j3.99589981911734667269e-03
  +3.09808063907413824487e-03-j3.97802528918203297109e-03
  +3.06053559922206614222e-03-j3.96052865453650707744e-03
  +3.02312888415900548472e-03-j3.94298512245614980049e-03
  +2.98586069868052956730e-03-j3.92539474205321186479e-03
  +2.94873087910798399244e-03-j3.90775796665288575882e-03
  +2.91173922316416899578e-03-j3.89007528643731635698e-03
  +2.87488567626801617971e-03-j3.87234702756133553417e-03
  +2.83817018289259917138e-03-j3.85457351525628905131e-03
  +2.80159268657147230222e-03-j3.83675507382663606368e-03
  +2.76515312990577213220e-03-j3.81889202665984008045e-03
  +2.72743268004979784458e-03-j3.80217779069327984839e-03
  +2.68709281342860385397e-03-j3.78771941385670427027e-03
  +2.64687982536236827980e-03-j3.77319840797552593509e-03
  +2.60679370548791335821e-03-j3.75861500105043348438e-03
  +2.56683444303555663435e-03-j3.74396942069056158295e-03
  +2.52700202683371838788e-03-j3.72926189411813260519e-03
  +2.48729644530928202181e-03-j3.71449264817231032329e-03
  +2.44771778454350944637e-03-j3.69966182419795850192e-03
  +2.40826619980161584292e-03-j3.68476950642873495034e-03
  +2.36894141017056575685e-03-j3.66981615535444134074e-03
  +2.33381501110051453943e-03-j3.65464186449137792834e-03
  +2.30704888148207691231e-03-j3.63911097064636285259e-03
  +2.28037823679989133316e-03-j3.62356266354163601001e-03
  +2.25380298687101812694e-03-j3.60799707990533922997e-03
  +2.22732304153015672060e-03-j3.59241435598307758820e-03
  +2.20093831063079923421e-03-j3.57681462754443589558e-03
  +2.17464870404656751904e-03-j3.56119802987735732669e-03
  +2.14845413167215944922e-03-j3.54556469780002714298e-03
  +2.12235450342476532348e-03-j3.52991476565082517441e-03
  +2.09634972924517028192e-03-j3.51424836729478809808e-03
  +2.06826237974093093963e-03-j3.49787116773530573285e-03
  +2.03566071874903675026e-03-j3.47999053301823553161e-03
  +2.00317067275181028702e-03-j3.46207303203527371263e-03
  +1.97079221315834109476e-03-j3.44411887428946886583e-03
  +1.93852523569020256805e-03-j3.42612831982313072524e-03
  +1.90636976982585951493e-03-j3.40810153438933071540e-03
  +1.87432584467394150463e-03-j3.39003868380068767996e-03
  +1.84239348897593450786e-03-j3.37193993392759802999e-03
  +1.81057273110546315502e-03-j3.35380545069329698629e-03
  +1.77886359907002199014e-03-j3.33563540007313606706e-03
  +1.75005969119043408751e-03-j3.31610345598263309488e-03
  +1.72757337157836013755e-03-j3.29361905361691105834e-03
  +1.70519397470676454913e-03-j3.27114688247192361009e-03
  +1.68292131714401589290e-03-j3.24868706119411758404e-03
  +1.66075521584794724185e-03-j3.22623970761521348949e-03
  +1.63869548817119868589e-03-j3.20380493875654578928e-03
  +1.61674195185879717579e-03-j3.18138287083223007118e-03
  +1.59489458452725441952e-03-j3.15897352984678215018e-03
  +1.57315315636584593037e-03-j3.13657705849881883811e-03
  +1.55151737131205280651e-03-j3.11419363532538509207e-03
  +1.52798384034407721231e-03-j3.09433004864584706994e-03
  +1.49988217440588612536e-03-j3.08028935295457696741e-03
  +1.47187662211504242428e-03-j3.06621448466462467181e-03
  +1.44396719936227017553e-03-j3.05210558804873324096e-03
  +1.41615392173696438838e-03-j3.03796280741675537099e-03
  +1.38843680452513558443e-03-j3.02378628710999082518e-03
  +1.36081586271017481067e-03-j3.00957617150460167085e-03
  +1.33329111097529981640e-03-j2.99533260500596879017e-03
  +1.30586256369920566782e-03-j2.98105573205532242698e-03
  +1.27853023495917098723e-03-j2.96674569712087774984e-03
  +1.25379213676551134332e-03-j2.95036847006668531690e-03
  +1.23525201573143833880e-03-j2.92901332193818298572e-03
  +1.21679970890512076549e-03-j2.90766904735159084291e-03
  +1.19843525947258607717e-03-j2.88633571667415347178e-03
  +1.18015841875636243001e-03-j2.86501352295131378467e-03
  +1.16196911442715796262e-03-j2.84370258399809384270e-03
  +1.14386727400792769307e-03-j2.82240301733276219981e-03
  +1.12585282487215657642e-03-j2.80111494018339462694e-03
  +1.10792569424396770798e-03-j2.77983846948690700371e-03
  +1.09008580920300166689e-03-j2.75857372188675203928e-03
  +1.07341244971946255839e-03-j2.73918789520076781316e-03
  +1.05958040074176948302e-03-j2.72460549720979867613e-03
  +1.04580816891468590842e-03-j2.71003054866254464161e-03
  +1.03209567230955613464e-03-j2.69546309658098663664e-03
  +1.01844282920956282108e-03-j2.68090318774371737937e-03
  +1.00484955810681547000e-03-j2.66635086868589974568e-03
  +9.91315777703833181378e-04-j2.65180618570065584905e-03
  +9.77841406915030660410e-04-j2.63726918484058318881e-03
  +9.64426476141237764075e-04-j2.62273987506781358289e-03
  +9.51070873322503655516e-04-j2.60821831292671691208e-03
  +9.36644183576198336404e-04-j2.59398425272018865947e-03
  +9.19230517282895601486e-04-j2.58050320208564557684e-03
  +9.01884743161864119339e-04-j2.56701436515880407688e-03
  +8.84606831952288439648e-04-j2.55351784263890997650e-03
  +8.67396754215088699319e-04-j2.54001373503938594756e-03
  +8.50254480332717551411e-04-j2.52650214269012698964e-03
  +8.33179980512099111964e-04-j2.51298316573755030345e-03
  +8.16173224783893111987e-04-j2.49945690414124337131e-03
  +7.99234183005593547267e-04-j2.48592345767381043414e-03
  +7.82362824859913542387e-04-j2.47238292592560091401e-03
  +7.66563633622298996537e-04-j2.45699427313341963244e-03
  +7.53691377022523462288e-04-j2.43638626786078565586e-03
  +7.40893253107152596586e-04-j2.41580419091700325518e-03
  +7.28169118846443293690e-04-j2.39524815856247000681e-03
  +7.15518920272727762359e-04-j2.37471826610267640681e-03
  +7.02942492869454362177e-04-j2.35421463360981162577e-03
  +6.90439623538814705242e-04-j2.33373739113715500740e-03
  +6.78010169349449118292e-04-j2.31328665195673893046e-03
  +6.65653987400215293134e-04-j2.29286252860228618664e-03
  +6.53370934822671434877e-04-j2.27246513287078554313e-03
  +6.38636856832384709054e-04-j2.25399111211045753006e-03
  +6.16415860091729431690e-04-j2.24119128018253821119e-03
  +5.94271170896317770492e-04-j2.22836285954855148339e-03
  +5.72202811060790639437e-04-j2.21550595196293512168e-03
  +5.50210802214989294287e-04-j2.20262065923273672730e-03
  +5.28295165803681896800e-04-j2.18970708321980771921e-03
  +5.06455923085390299562e-04-j2.17676532583948667901e-03
  +4.84693095135405537487e-04-j2.16379548906086086046e-03
  +4.63006702844625671507e-04-j2.15079767490546254483e-03
  +4.41396766919182768820e-04-j2.13777198544934463748e-03
  +4.24013438475846066427e-04-j2.12305377499328326932e-03
  +4.19815228381296870301e-04-j2.10308707993009467302e-03
  +4.15667307234455368509e-04-j2.08316365500420697804e-03
  +4.11569537625607203245e-04-j2.06328354787956545768e-03
  +4.07521782331370519947e-04-j2.04344680570701800817e-03
  +4.03523904319845006048e-04-j2.02365347512018867518e-03
  +3.99575766752822579206e-04-j2.00390360223605531673e-03
  +3.95677232984055970641e-04-j1.98419723266251126284e-03
  +3.91828166564615280182e-04-j1.96453441149401809851e-03
  +3.88028431239376950159e-04-j1.94491518331886938456e-03
  +3.83364719421149630855e-04-j1.92640415671880595172e-03
  +3.75694805159257393459e-04-j1.91148175369915802012e-03
  +3.68070452447193281753e-04-j1.89657963187192741064e-03
  +3.60491579374351827237e-04-j1.88169780232812894859e-03
  +3.52958104299645476342e-04-j1.86683627599774286214e-03
  +3.45469945848545911121e-04-j1.85199506365648627546e-03
  +3.38027022912412548634e-04-j1.83717417592406612528e-03
  +3.30629300537629757656e-04-j1.82237362126739057579e-03
  +3.23276703834310928393e-04-j1.80759341000888461640e-03
  +3.15969099406002075937e-04-j1.79283355470971801637e-03
  +3.08599095280156381950e-04-j1.77720288060971348329e-03
  +3.00901433152865095417e-04-j1.75844164233082082133e-03
  +2.93260810084366768582e-04-j1.73970845720140365569e-03
  +2.85677156735734440185e-04-j1.72100336549596707146e-03
  +2.78150403841280144130e-04-j1.70232640737512548601e-03
  +2.70680482214379623026e-04-j1.68367762288179970143e-03
  +2.63267322743553696274e-04-j1.66505705194546806125e-03
  +2.55910856392308069199e-04-j1.64646473438115163723e-03
  +2.48611014203124118613e-04-j1.62790070988800823597e-03
  +2.41367727293230070664e-04-j1.60936501805475731287e-03
  +2.34216496155496768823e-04-j1.59101128087066616586e-03
  +2.27253371122404252552e-04-j1.57326336692995656305e-03
  +2.20343361737244339965e-04-j1.55554452439170677429e-03
  +2.13486386050583084369e-04-j1.53785478173226524898e-03
  +2.06682389407542558722e-04-j1.52019416811871479860e-03
  +1.99931308153408640680e-04-j1.50256271247106352150e-03
  +1.93233014103033124602e-04-j1.48496044137410567951e-03
  +1.86587425981544764416e-04-j1.46738738263088065727e-03
  +1.79994462681611527887e-04-j1.44984356388265316594e-03
  +1.73454043266715890069e-04-j1.43232901260306397240e-03
  +1.66636240639282190911e-04-j1.41593378601571830318e-03
  +1.58547710613068346423e-04-j1.40391287142551919945e-03
  +1.50502526647364014145e-04-j1.39190519117588450658e-03
  +1.42500606932279900345e-04-j1.37991079254401677670e-03
  +1.34541869795534301544e-04-j1.36792972246126327308e-03
  +1.26626233704621292018e-04-j1.35596202751340415109e-03
  +1.18753617263720557878e-04-j1.34400775394459830354e-03
  +1.10923939217488824955e-04-j1.33206694765880128035e-03
  +1.03137118452715056049e-04-j1.32013965421724104900e-03
  +9.53930739949210569932e-05-j1.30822591884623769427e-03
  +8.93216387141633944057e-05-j1.29496408906828574387e-03
  +9.02257101383135479882e-05-j1.27593654431254780943e-03
  +9.11604416790568551675e-05-j1.25695389790409645103e-03
  +9.21257420149614541073e-05-j1.23801610970716196095e-03
  +9.31215584027261902888e-05-j1.21912314472242839375e-03
  +9.41478437934161659301e-05-j1.20027496878977787270e-03
  +9.52045513285660038308e-05-j1.18147154789129040647e-03
  +9.62916343393742038418e-05-j1.16271284815231247881e-03
  +9.74090463456549362055e-05-j1.14399883584283658736e-03
  +9.85567410558895953690e-05-j1.12532947737438025933e-03
  +9.94999393369294242743e-05-j1.10984325271902203869e-03
  +9.93866157889523546033e-05-j1.10865749293978261419e-03
  +9.92718164059504037467e-05-j1.10747502861606060207e-03
  +9.91555377371332319217e-05-j1.10629585470304811490e-03
  +9.90377763407647123458e-05-j1.10511996616651951217e-03
  +9.89185287849050811759e-05-j1.10394735798141478168e-03
  +9.87977916465120390398e-05-j1.10277802513334571323e-03
  +9.86755615107340138502e-05-j1.10161196261895455266e-03
  +9.85518349731747880923e-05-j1.10044916544382496114e-03
  +9.84266103936356156296e-05-j1.09928962886964476549e-03
  +9.72426872712724328640e-05-j1.09598503247574806038e-03
  +9.09260807777072802482e-05-j1.08221550226705442305e-03
  +8.46496317796124533991e-05-j1.06846297264195986935e-03
  +7.84132917836000310893e-05-j1.05472746113572930608e-03
  +7.22170124089157900327e-05-j1.04100898521710901780e-03
  +6.60607453903032875537e-05-j1.02730756228738189309e-03
  +5.99444425783553870362e-05-j1.01362320968187056246e-03
  +5.38680559364944499417e-05-j9.99955944670394497945e-04
  +4.78315375431312737138e-05-j9.86305784457212984112e-04
  +4.18348395914086440832e-05-j9.72672746180887966456e-04
  +3.78639365029349538841e-05-j9.58579877200330912786e-04
  +4.43386842469173809165e-05-j9.42025930232511226475e-04
  +5.08388238239958616138e-05-j9.25528604253769530963e-04
  +5.73642857520416797374e-05-j9.09087933017315255081e-04
  +6.39150003933517334804e-05-j8.92703950139343729679e-04
  +7.04908979544023741410e-05-j8.76376689102949723784e-04
  +7.70919084848964533989e-05-j8.60106183254384345019e-04
  +8.37179618808479733636e-05-j8.43892465803696562032e-04
  +9.03690096574942883234e-05-j8.27735573131309462953e-04
  +9.70449644950788567607e-05-j8.11635535078755179436e-04
  +1.01183578658799747324e-04-j7.97360978835190198008e-04
  +9.08517193305491475679e-05-j7.93116695518899595188e-04
  +8.05561365508021250213e-05-j7.88865241543837587834e-04
  +7.02967758899631376193e-05-j7.84606698979969366045e-04
  +6.00735828729455191371e-05-j7.80341149422066450783e-04
  +4.98865029850222339121e-05-j7.76068673989645219612e-04
  +3.97354816725773102651e-05-j7.71789353328950888250e-04
  +2.96204643429084919879e-05-j7.67503267614437229699e-04
  +1.95413963694123708585e-05-j7.63210496550982358220e-04
  +9.49822309092967760700e-06-j7.58911119375290385905e-04
  +1.36714196808976769521e-06-j7.53811034969130086547e-04
  +4.76951644219260508770e-06-j7.43850845647669946421e-04
  +8.18224638932278712337e-06-j7.33917921888980573190e-04
  +1.16053047366440354729e-05-j7.24012268388525060715e-04
  +1.50386643882855937767e-05-j7.14133889821055205596e-04
  +1.84822982256207259371e-05-j7.04282790841806081127e-04
  +2.19361819040250574946e-05-j6.94458976832059912687e-04
  +2.54003017499625691178e-05-j6.84662455864135988982e-04
  +2.88746138464885881915e-05-j6.74893227963395858811e-04
  +3.23590909808084986761e-05-j6.65151297702388784143e-04
  +3.49717228166233085333e-05-j6.55095693022717949668e-04
  +3.17108914246230072769e-05-j6.42783903427138507067e-04
  +2.84816009980442157504e-05-j6.30492001102500435918e-04
  +2.52837770122561369512e-05-j6.18219988226281227071e-04
  +2.21173451961272421657e-05-j6.05967866795773836552e-04
  +1.89822315310589791713e-05-j5.93735638628873599494e-04
  +1.58783622522769960373e-05-j5.81523305365938395807e-04
  +1.28056638470219820875e-05-j5.69330868471401184069e-04
  +9.76406305564128499958e-06-j5.57158329233295554657e-04
  +6.75348686962478031329e-06-j5.45005688767002298770e-04
  +5.06935869482137080663e-06-j5.33281056128545529089e-04
  +1.28872699760762496763e-05-j5.24575227839146093593e-04
  +2.07032617607840160640e-05-j5.15906259702778708341e-04
  +2.85173134910182514748e-05-j5.07274117428740175390e-04
  +3.63294046746749044684e-05-j4.98678766841738341231e-04
  +4.41395158846323679451e-05-j4.90120174123938497079e-04
  +5.19476363753709199445e-05-j4.81598307414614562952e-04
  +5.97537349859846871514e-05-j4.73113130055635255737e-04
  +6.75577914831906775313e-05-j4.64664608333716728974e-04
  +7.53597856969261614083e-05-j4.56252708648980515038e-04
  +8.26208357054721416425e-05-j4.48105460713766473591e-04
  +8.55286065124033007467e-05-j4.41828813081671122921e-04
  +8.84411156807828128775e-05-j4.35572268963447064606e-04
  +9.13583475604950074082e-05-j4.29335813201298327566e-04
  +9.42802865513687999395e-05-j4.23119430691912322504e-04
  +9.72069171037106589820e-05-j4.16923106384831587082e-04
  +1.00138223717180979483e-04-j4.10746825283880162300e-04
  +1.03074190940974494066e-04-j4.04590572446778050202e-04
  +1.06014803373724077196e-04-j3.98454332984467653276e-04
  +1.08960045662873398695e-04-j3.92338092061886051665e-04
  +1.11501847410802406267e-04-j3.85465898985569562982e-04
  +1.10393200525906479094e-04-j3.71642137000513462976e-04
  +1.09313412416478072508e-04-j3.57845841434809063333e-04
  +1.08262428860134499176e-04-j3.44077013402477565728e-04
  +1.07240195778785500245e-04-j3.30335653951127150921e-04
  +1.06246663390592322460e-04-j3.16621764233735759897e-04
  +1.05281776025933316242e-04-j3.02935344969038143192e-04
  +1.04345477240886367774e-04-j2.89276396862659474982e-04
  +1.03437713533769768000e-04-j2.75644920700135996356e-04
  +1.02558431546454580075e-04-j2.62040917202804109383e-04
  +1.01296782132066307144e-04-j2.49862553346948666234e-04
  +9.59030391927670938833e-05-j2.51809909166019840841e-04
  +9.05166864482869105860e-05-j2.53742123988706289560e-04
  +8.51377262831950245561e-05-j2.55659215971404862790e-04
  +7.97661610659251591338e-05-j2.57561203209540187566e-04
  +7.44019931514433222183e-05-j2.59448103737820756111e-04
  +6.90452248798006945228e-05-j2.61319935530857517386e-04
  +6.36958585756390707538e-05-j2.63176716502225716953e-04
  +5.83538965505371002174e-05-j2.65018464505316808828e-04
  +5.30193411017769932955e-05-j2.66845197333518487255e-04
  +4.85129070510071654749e-05-j2.67617748147453381451e-04
  +5.34435512977171430405e-05-j2.56463423306923273947e-04
  +5.83847929909578331246e-05-j2.45341757733892227526e-04
  +6.33366015110171340667e-05-j2.34252717279124014760e-04
  +6.82989463922481542316e-05-j2.23196267895858731006e-04
  +7.32717999097888078542e-05-j2.12172375845251731750e-04
  +7.82551302073580270190e-05-j2.01181006914516956850e-04
  +8.32489061289909865237e-05-j1.90222127232168549326e-04
  +8.82530978201269411532e-05-j1.79295703161509484454e-04
  +9.32676755781907475306e-05-j1.68401701169396215150e-04
  +9.80570948731280574032e-05-j1.58152561740343259884e-04
  +9.97257303901649189886e-05-j1.56051247903779712447e-04
  +1.01394416756165668290e-04-j1.53958102368369388483e-04
  +1.03063146910717192317e-04-j1.51873120151305098131e-04
  +1.04731913808163480954e-04-j1.49796296276951404957e-04
  +1.06400710416125623232e-04-j1.47727625774794237012e-04
  +1.08069529716272742835e-04-j1.45667103681111723698e-04
  +1.09738364704208143322e-04-j1.43614725038162589126e-04
  +1.11407208389554512862e-04-j1.41570484894067269346e-04
  +1.13076053795156778142e-04-j1.39534378303479684015e-04
  +1.14707530649204656327e-04-j1.37246686113181616540e-04
  +1.15759422934689481795e-04-j1.30906702830978661101e-04
  +1.16821028255575977959e-04-j1.24582595775875500099e-04
  +1.17892325774154901170e-04-j1.18274357312692982827e-04
  +1.18973294722452972824e-04-j1.11981979815691185323e-04
  +1.20063915072025835821e-04-j1.05705455407052419580e-04
  +1.21164166655539324658e-04-j9.94447761980684849254e-05
  +1.22274027658918384024e-04-j9.31999350343878072995e-05
  +1.23393477591490703963e-04-j8.69709243278294892674e-05
  +1.24522496032623705914e-04-j8.07577365011058836714e-05
  +1.25675745185643611326e-04-j7.45299591577706547303e-05
  +1.27117630330476558131e-04-j6.77412210667920294902e-05
  +1.28569851560001558550e-04-j6.09688847722967717721e-05
  +1.30032393567042621431e-04-j5.42129447304795037072e-05
  +1.31505241085515289009e-04-j4.74733954238773959034e-05
  +1.32988378892447264498e-04-j4.07502313639186049808e-05
  +1.34481791805468592479e-04-j3.40434470891023656857e-05
  +1.35985464685404555500e-04-j2.73530371657181252518e-05
  +1.37499382433197325955e-04-j2.06789961878550911545e-05
  +1.39023529992210492009e-04-j1.40213187779913018693e-05
  +1.40671646505294349562e-04-j7.55924259544529624622e-06
  +1.45049116139845529760e-04-j5.40935698852829579815e-06
  +1.49421198180047816581e-04-j3.27290182128732943099e-06
  +1.53787890824125819894e-04-j1.14986192560546301116e-06
  +1.58149192278816003989e-04+j9.59777809264290983921e-07
  +1.62505100760897743667e-04+j3.05603243776934930769e-06
  +1.66855614928222776823e-04+j5.13891767001869569103e-06
  +1.71200732926935926450e-04+j7.20844835716649138033e-06
  +1.75540452665122904269e-04+j9.26463885047294285092e-06
  +1.79874772393383823175e-04+j1.13075039794828416888e-05
  +1.84269457171142041945e-04+j1.30905614522343308231e-05
  +1.90773291771467376748e-04+j6.90521624554392552173e-06
  +1.97252872832661969426e-04+j7.19694075727837590500e-07
  +2.03708219228019671125e-04-j5.46598902222455101881e-06
  +2.10139349782119069397e-04-j1.16518170640435671844e-05
  +2.16546283270635487542e-04-j1.78377741162403433129e-05
  +2.22929038421765599162e-04-j2.40238442957535193673e-05
  +2.29287633913791117453e-04-j3.02100117695639310738e-05
  +2.35622088376729167756e-04-j3.63962607546464806622e-05
  +2.41932420391848326813e-04-j4.25825755176118317651e-05
  +2.48012150571038855751e-04-j4.84969141075540936315e-05
  +2.43983798036448093233e-04-j4.10995649684718069791e-05
  +2.39978558974009208377e-04-j3.37100245690902187968e-05
  +2.35996412797975525094e-04-j2.63283044793343093241e-05
  +2.32037338971404508365e-04-j1.89544162399420923720e-05
  +2.28101317006773320019e-04-j1.15883713633025562181e-05
  +2.24188326467759024493e-04-j4.23018133335654635251e-06
  +2.20298347222553508873e-04+j3.12014265230568203842e-06
  +2.16431359184066334899e-04+j1.04625894902849302256e-05
  +2.12587341473926801430e-04+j1.77971472253346685722e-05
  +2.08812269392124417794e-04+j2.51600207781145191420e-05
  +2.09605895122933399760e-04+j3.60896792062742578170e-05
  +2.10416118896402976231e-04+j4.69973806404598906921e-05
  +2.11242930697240515522e-04+j5.78831361831260565991e-05
  +2.12086320559196024388e-04+j6.87469568404143374207e-05
  +2.12946278561495502346e-04+j7.95888535212969992598e-05
  +2.13822794831119257020e-04+j9.04088370374681520947e-05
  +2.14715859541604619674e-04+j1.01206918104961311657e-04
  +2.15625462912210730075e-04+j1.11983107341851080563e-04
  +2.16551595209744061898e-04+j1.22737415270249462665e-04
  +2.17494246745597737645e-04+j1.33469852314710446008e-04
</dep>
<dep S[2,2] frequency>
  +9.99798106159994204312e-01-j1.16404130998934100122e-02
  +9.99551021872861378270e-01-j2.27434710387923316732e-02
  +9.99181594409136453194e-01-j3.41910040480067900504e-02
  +9.98687685158936577778e-01-j4.56337202181961373859e-02
  +9.98047052430946268764e-01-j5.74168623219877549690e-02
  +9.97306285413394388861e-01-j6.86729437852377916363e-02
  +9.96427099400547411356e-01-j8.00906050553233384015e-02
  +9.95418927996651436985e-01-j9.14981967485543196128e-02
  +9.94281620836933943686e-01-j1.02893387752900022925e-01
  +9.92995290809705055679e-01-j1.14446456603687601872e-01
  +9.91522345533524918082e-01-j1.25891265713719419095e-01
  +9.90045879959190466835e-01-j1.37334405491067318428e-01
  +9.88311797745258235892e-01-j1.48741354598605046711e-01
  +9.86572825263566821619e-01-j1.60147200338075168524e-01
  +9.84545981385542279263e-01-j1.71680102054894340169e-01
  +9.82513157036226436603e-01-j1.83213933398049200196e-01
  +9.79681668684067918917e-01-j1.94497716706970802392e-01
  +9.76835803825554238600e-01-j2.05776776091976393301e-01
  +9.74248932556181390652e-01-j2.17271575941740402449e-01
  +9.71664205001461334099e-01-j2.28769282874691892715e-01
  +9.68773570772077152746e-01-j2.40369968521051996513e-01
  +9.65874588512896314896e-01-j2.51971764626369387763e-01
  +9.62707029503209854582e-01-j2.63503141926988704302e-01
  +9.59531262621839631244e-01-j2.75032075532772146698e-01
  +9.56038368209012112686e-01-j2.86646607669645447913e-01
  +9.52535504728571957855e-01-j2.98262162717083612051e-01
  +9.48733651060847171799e-01-j3.09872642888564753250e-01
  +9.44921601211630823869e-01-j3.21481940829671186677e-01
  +9.40807443952704547385e-01-j3.33077536511430072341e-01
  +9.36682352835514264733e-01-j3.44671640190777450741e-01
  +9.31703364103037334765e-01-j3.56116215620826181976e-01
  +9.26696328452517592567e-01-j3.67555008745117095526e-01
  +9.21866702930253412163e-01-j3.79230343750268206193e-01
  +9.17040155035027892971e-01-j3.90912003449217837492e-01
  +9.11861274301431823375e-01-j4.02625819507211213377e-01
  +9.06667729850295978089e-01-j4.14339406133780729924e-01
  +9.01114033045140594425e-01-j4.26072450289420701086e-01
  +8.95544612376046322844e-01-j4.37804795165194771123e-01
  +8.89079791291698895428e-01-j4.49361894715160414826e-01
  +8.82577917789046484387e-01-j4.60910631030445994138e-01
  +8.76151751374632192793e-01-j4.72764704859973461382e-01
  +8.69725948734801357354e-01-j4.84629596145289720521e-01
  +8.62868815346510276143e-01-j4.96539597964921142204e-01
  +8.55990486024078234273e-01-j5.08449842376096250440e-01
  +8.48713280055725771689e-01-j5.20315975214641457391e-01
  +8.41415394617371137365e-01-j5.32178345574946587426e-01
  +8.33167154959504552281e-01-j5.43812569585668592609e-01
  +8.24871394637623267521e-01-j5.55434015011438853016e-01
  +8.16523124144837852967e-01-j5.67399696638545947280e-01
  +8.08169460010565221530e-01-j5.79380359995203431112e-01
  +7.98904719465640678067e-01-j5.90991244834230267102e-01
  +7.89590270398972782218e-01-j6.02580808695314718015e-01
  +7.80228590788771936282e-01-j6.14424113544910333040e-01
  +7.70861567826999105613e-01-j6.26278825893973212224e-01
  +7.60428558186788006168e-01-j6.37878302424006227156e-01
  +7.49933075596918685690e-01-j6.49460954134858936548e-01
  +7.39285743996510369413e-01-j6.61322168018445788462e-01
  +7.28626720080388645684e-01-j6.73197064398441069599e-01
  +7.17002972583013153951e-01-j6.84599344269131271368e-01
  +7.05318116255841620621e-01-j6.95970218503649595831e-01
  +6.92889533256821343876e-01-j7.07355417128325725251e-01
  +6.80411507181430064151e-01-j7.18738515344301331922e-01
  +6.67288107293267596098e-01-j7.29974629222770121650e-01
  +6.54119995556059818931e-01-j7.41198015705436530354e-01
  +6.40171330055232412626e-01-j7.52332925728521728637e-01
  +6.26167386380417911873e-01-j7.63458501860941551875e-01
  +6.11364384641922220531e-01-j7.74435426805287652208e-01
  +5.96503051029288244855e-01-j7.85398410573947103330e-01
  +5.80761374615770820107e-01-j7.96195184119072529860e-01
  +5.64953710138149878262e-01-j8.06976170697935590859e-01
  +5.48315861256315373318e-01-j8.17472956228211700136e-01
  +5.31613776964037332284e-01-j8.27944587589925728999e-01
  +5.13935710097874087765e-01-j8.38142008660937132269e-01
  +4.96180383081039400039e-01-j8.48314106389203681502e-01
  +4.77365839619330878385e-01-j8.58157459046966053506e-01
  +4.58465275864258003935e-01-j8.67970252645854478679e-01
  +4.38565552962762839062e-01-j8.77314740868148201791e-01
  +4.18582323036670034266e-01-j8.86616292272561334897e-01
  +3.97036787546614644562e-01-j8.95018823502228277889e-01
  +3.75358613969812182631e-01-j9.03340892074303347670e-01
  +3.52575576367430087998e-01-j9.10988818079503714920e-01
  +3.29695675989673087081e-01-j9.18573180554536516951e-01
  +3.05501343703791283790e-01-j9.25419248627963320075e-01
  +2.81189238469838898027e-01-j9.32194146103302978545e-01
  +2.55505445200461644983e-01-j9.38076373252803574765e-01
  +2.29695798046417459792e-01-j9.43871335903997854544e-01
  +2.02227600341834595765e-01-j9.48120570952480479221e-01
  +1.74604023086254167563e-01-j9.52219274851687114136e-01
  +1.45444991330008654984e-01-j9.55036046886510447962e-01
  +1.16138630421977029350e-01-j9.57723428906522622484e-01
  +8.51954191414600464638e-02-j9.58374925020699430789e-01
  +5.40917204606016360779e-02-j9.58819994362057892445e-01
  +2.11776801826632499193e-02-j9.57432604045288959682e-01
  -1.19179958209142556474e-02-j9.55854037130011158219e-01
  -4.66164601093604427651e-02-j9.51572342117833258612e-01
  -8.14794692706924672532e-02-j9.47005576219094868939e-01
  -1.18128236504249375938e-01-j9.39291667019724441090e-01
  -1.54964890018720574671e-01-j9.31239340760947942321e-01
  -1.93291852631209487567e-01-j9.19545867779523740104e-01
  -2.31780158022896448644e-01-j9.07452918433637178985e-01
  -2.71828417005857359001e-01-j8.91037411396865985935e-01
  -3.12051705744599117143e-01-j8.74138115792543524130e-01
  -3.52872144872929283110e-01-j8.51389863155611159584e-01
  -3.93766862883737522871e-01-j8.27973298028862880749e-01
  -4.34790898917676083002e-01-j7.97885576846382615912e-01
  -4.75842493116195308644e-01-j7.67014209014243331097e-01
  -5.15800188421181915466e-01-j7.28821646449404503265e-01
  -5.55648376893639550644e-01-j6.89738526120713402179e-01
  -5.92159508220016950197e-01-j6.41578129343405634266e-01
  -6.28290679920592953778e-01-j5.92270870579313046811e-01
  -6.58089460046033081220e-01-j5.33329739186745865887e-01
  -6.87112691795095820169e-01-j4.73106147779906671680e-01
  -7.05406927797181393380e-01-j4.03455015222841884004e-01
  -7.22295589780672209201e-01-j3.32470347058202941870e-01
  -7.24302448367148854480e-01-j2.55005627604323992230e-01
  -7.24206539532720849905e-01-j1.76545441067913061461e-01
  -7.03772688824248482398e-01-j9.69016493092769298778e-02
  -6.80293205364465580764e-01-j1.70534106688734650448e-02
  -6.40503287347082839176e-01+j5.78710353069545185845e-02
  -5.88315852104145387003e-01+j1.25343130789413254034e-01
  -5.25865430809351774855e-01+j1.82296947856187802062e-01
  -4.55531713340133370682e-01+j2.26167136028713688933e-01
  -3.81029223184959464632e-01+j2.55329655397823040985e-01
  -3.06685786336201082758e-01+j2.69724117332361845722e-01
  -2.35970560956542174669e-01+j2.69966294869536216350e-01
  -1.71932874203130026114e-01+j2.58083404008517758310e-01
  -1.16861570469238590375e-01+j2.37310363657973366625e-01
  -7.17803648280877087950e-02+j2.10268170338235832473e-01
  -3.67676276389018868995e-02+j1.80180849102182905064e-01
  -1.11281781077368965155e-02+j1.49489449426757320394e-01
  +6.36973198071511502449e-03+j1.19694161719947525513e-01
  +1.71823725033370434956e-02+j9.24389713444478816617e-02
  +2.25894031873624147322e-02+j6.84568512671828166560e-02
  +2.42784271568518734974e-02+j4.82919837087086231686e-02
  +2.31474841769038451600e-02+j3.18244849503553153824e-02
  +2.03776990601184961049e-02+j1.90360590335040755217e-02
  +1.68024132037030322906e-02+j9.40783014320891418369e-03
  +1.30207059116044139568e-02+j2.60846390657887630682e-03
  +9.46187622625890498163e-03-j1.84512969703904783185e-03
  +6.48730448068021887942e-03-j4.34429477998859395887e-03
  +4.60303192566343354064e-03-j5.46774517884305623350e-03
  +3.52934837373700084281e-03-j5.57221972286775502070e-03
  +3.30319803655955337301e-03-j5.04609969790303057591e-03
  +3.89831786931820389527e-03-j4.30589462326699031619e-03
  +5.03471281244699270935e-03-j3.31118610541532255517e-03
  +6.68171381260440448713e-03-j2.42951510298080415248e-03
  +8.75341100678960794268e-03-j1.94856662244640918558e-03
  +1.09142637194061618150e-02-j1.58593627920613935815e-03
  +1.32657344658726004255e-02-j1.52299042497543645966e-03
  +1.54175912304732078140e-02-j1.79388786717692779067e-03
  +1.73758334276407633290e-02-j2.15871135078297016890e-03
  +1.91488635136927848324e-02-j2.73392893702055798585e-03
  +2.05561593728284044968e-02-j3.55718844907321500234e-03
  +2.16691186383211539801e-02-j4.30123478931728961405e-03
  +2.24223416301588332478e-02-j5.15731279114879734987e-03
  +2.26196279956311814552e-02-j5.82200188458306244071e-03
  +2.25448103910761560309e-02-j6.38931087481100015713e-03
  +2.19818898529360352845e-02-j6.70363533768520911127e-03
  +2.12164601397581559228e-02-j6.77226735686268371817e-03
  +2.02602557857406682940e-02-j6.47946604940770071873e-03
  +1.90497116059648620434e-02-j5.82163152136505861883e-03
  +1.75969914482826395030e-02-j4.78986631383613008922e-03
  +1.61828820847985527243e-02-j3.43592082150162049514e-03
  +1.47431922785803762310e-02-j1.54544833237438630769e-03
  +1.32793619686917257344e-02+j8.55818248114889362950e-04
  +1.19227872469219713797e-02+j3.55100760632852310156e-03
  +1.06422417200960680445e-02+j6.59868747281270283389e-03
  +9.67438823358254297580e-03+j1.00325175017392624610e-02
  +8.94656549593841887713e-03+j1.37981354385143754199e-02
  +8.56342871821447193526e-03+j1.79037860370188824100e-02
  +8.40686406184937284891e-03+j2.23793739891974645395e-02
  +8.72272376792445312821e-03+j2.70422627093766972106e-02
  +9.50681426745784118049e-03+j3.19310743827160362085e-02
  +1.06393428493706809768e-02+j3.67635683708845972806e-02
  +1.23538398653252352172e-02+j4.15966163802724553378e-02
  +1.44429685024285939937e-02+j4.62866608047574970564e-02
  +1.69350154551279399873e-02+j5.09752751663138728433e-02
  +1.98930934369566034259e-02+j5.53732975078323405582e-02
  +2.31390041064407463167e-02+j5.94236485245612094941e-02
  +2.66926348261028179021e-02+j6.32936980082474398568e-02
  +3.05215234855883248144e-02+j6.68577356450484328043e-02
  +3.44255096211057848299e-02+j7.00287719721695428587e-02
  +3.85064088853070973784e-02+j7.27186866393528669184e-02
  +4.27270780339135819448e-02+j7.50957364796360077319e-02
  +4.71594835826374542131e-02+j7.71544076683185059418e-02
  +5.15180009446015232943e-02+j7.86863827768804896534e-02
  +5.57926779892479393630e-02+j7.98239204902898152882e-02
  +6.02238155618211798425e-02+j8.06450960554052909135e-02
  +6.45003856135986791687e-02+j8.10662494844907460800e-02
  +6.85931130352648160686e-02+j8.10790272231363406963e-02
  +7.25186271860983888704e-02+j8.06179270578679524339e-02
  +7.62090299336787707629e-02+j7.97871962652384608683e-02
  +7.95665564833221011787e-02+j7.86040249812287594722e-02
  +8.26448313590501942860e-02+j7.73019986378865181509e-02
  +8.53852654843804265150e-02+j7.57104961782971014328e-02
  +8.78068232622861433168e-02+j7.40011174216391315328e-02
  +8.97230911971511474468e-02+j7.21348081592524531525e-02
  +9.13461953958131789300e-02+j7.02564918191837389783e-02
  +9.26390632848694689505e-02+j6.82689821288591097703e-02
  +9.35572573885294911378e-02+j6.62962096570243047955e-02
  +9.41206264958402982757e-02+j6.43597496961346715594e-02
  +9.43507026974844398293e-02+j6.25277382306432538694e-02
  +9.42885243621621182974e-02+j6.08523186000987162392e-02
  +9.39306201417010183663e-02+j5.94167343913448234294e-02
  +9.33775643740762245626e-02+j5.81077618164717105143e-02
  +9.26401450706965806647e-02+j5.69832488905135728374e-02
  +9.16509036989969078091e-02+j5.61181572351380775210e-02
  +9.05976553195992073686e-02+j5.55654071175833916274e-02
  +8.96218205042979831898e-02+j5.52638996941477791958e-02
  +8.85785805808647630499e-02+j5.50185960223135081537e-02
  +8.77179631078150584544e-02+j5.50151888460947077752e-02
  +8.69061346511614402077e-02+j5.51277702893142873553e-02
  +8.62761332663116858877e-02+j5.54156220092515902631e-02
  +8.57581778656674315053e-02+j5.58374896105933507529e-02
  +8.54348907286122533078e-02+j5.62690274090903927440e-02
  +8.52829759937911852097e-02+j5.65387902764765692964e-02
  +8.52009566820362690409e-02+j5.69258813342193581430e-02
  +8.52940848510117810566e-02+j5.69345412115149288046e-02
  +8.56832448636954679966e-02+j5.67427984372291249748e-02
  +8.63316085585031367522e-02+j5.65724517273493224256e-02
  +8.70394231937700324497e-02+j5.60739017967653574637e-02
  +8.78885429784758837046e-02+j5.52914677191226194841e-02
  +8.86319287913351627761e-02+j5.40500931705320611376e-02
  +8.97124388760422719624e-02+j5.23470147470143712387e-02
  +9.05973082894750980643e-02+j4.98188136529971806188e-02
  +9.14312212429558984761e-02+j4.67199291379282385939e-02
  +9.19700962205103611513e-02+j4.30208990779724353981e-02
  +9.22675578375321547853e-02+j3.84045764465489741779e-02
  +9.20971964399863729511e-02+j3.30808192939142167721e-02
  +9.12283931152068627846e-02+j2.69164893233169687237e-02
  +8.96353650051777139929e-02+j1.99347588660605083699e-02
  +8.70920987025186332797e-02+j1.21228367154220875723e-02
  +8.33975541726652558339e-02+j3.63173416870704590664e-03
  +7.84610339867901490640e-02-j5.63108726760747947682e-03
  +7.19333134811143692922e-02-j1.54300224362585794435e-02
  +6.35865957175222179520e-02-j2.55940756658906837240e-02
  +5.33389649100882989874e-02-j3.59964757278642966121e-02
  +4.10659953218192527724e-02-j4.64729715677197827151e-02
  +2.63879132880231979941e-02-j5.66155533811725925064e-02
  +9.36420187003616719124e-03-j6.62382847726014772904e-02
  -1.02682444046733479387e-02-j7.49260253288029365315e-02
  -3.24646256797488583223e-02-j8.20880678964803350839e-02
  -5.71645287281110220379e-02-j8.74753431917390522621e-02
  -8.43423723906251560090e-02-j9.05474891732820086343e-02
  -1.13770955837868281701e-01-j9.08448632599601901827e-02
  -1.45063051337292692189e-01-j8.78152056829973465257e-02
  -1.77877419953496568317e-01-j8.10626965854017861313e-02
  -2.11907385714377421992e-01-j7.02095740772819693065e-02
  -2.46275070080752778168e-01-j5.48648247236164232632e-02
  -2.80253518380821908806e-01-j3.48402539238144223765e-02
  -3.13275789505262414192e-01-j1.00999968554984741187e-02
  -3.44485577434486434090e-01+j1.92816523417510612970e-02
  -3.73453894183167767196e-01+j5.31725642392999811592e-02
  -3.98737507820285663751e-01+j9.10111924836218416646e-02
  -4.20187634772886065004e-01+j1.32444617340564230190e-01
  -4.37450726561494029898e-01+j1.76777599847090655105e-01
  -4.49963734051116559520e-01+j2.23205216523574362375e-01
  -4.57599707910627595542e-01+j2.71197413424331179588e-01
  -4.59817993086696796823e-01+j3.19641854083215048998e-01
  -4.57270078957507153383e-01+j3.67896119844063396176e-01
  -4.50056387528755097449e-01+j4.15575403981387925256e-01
  -4.38365466481833221390e-01+j4.61853727534670521759e-01
  -4.22460026605856020510e-01+j5.05969298848879200925e-01
  -4.03335407956829705700e-01+j5.48203937355960957412e-01
  -3.80869632010104264275e-01+j5.87496102214917992335e-01
  -3.55768921406770521898e-01+j6.24104634339615604866e-01
  -3.27909908559732843347e-01+j6.56693982173027990257e-01
  -2.99315649537877870312e-01+j6.88092195268249162687e-01
  -2.68918126236669940976e-01+j7.14963734347716317608e-01
  -2.37876791522609154494e-01+j7.40209265271460914448e-01
  -2.06042794301272313984e-01+j7.61723401867876681592e-01
  -1.73920703581485175393e-01+j7.81881464302365603025e-01
  -1.41703543814860999372e-01+j7.98325222221357599928e-01
  -1.09449559515104349883e-01+j8.13400970709805992698e-01
  -7.75756085264674155599e-02+j8.25249882590773586877e-01
  -4.58407972880822689454e-02+j8.35894949350654448139e-01
  -1.49306583486562248486e-02+j8.43857564858918829387e-01
  +1.56707336183752390935e-02+j8.50806957626192406074e-01
  +4.52799043086660329971e-02+j8.55661035696456240274e-01
  +7.45131589555691198345e-02+j8.59714248949172810121e-01
  +1.02695073500511269149e-01+j8.61887005151794172164e-01
  +1.30474028147636728070e-01+j8.63332121855020839796e-01
  +1.57160698320351982504e-01+j8.63453735898310981156e-01
  +1.83423512184430759220e-01+j8.63056988808023173299e-01
  +2.08530448534486545498e-01+j8.61150516748651617682e-01
  +2.33183343628044409401e-01+j8.58646011143209153538e-01
  +2.56810379869492899640e-01+j8.55504907295391414657e-01
  +2.80030016564007000479e-01+j8.52107865045063306297e-01
  +3.02090338896625676401e-01+j8.47488706235223210328e-01
  +3.23684746537754752804e-01+j8.42374778928524525767e-01
  +3.44308752451174482356e-01+j8.36875120203298683563e-01
  +3.64538563762004330648e-01+j8.31216542188348617159e-01
  +3.83787446914805541187e-01+j8.24894436156580312947e-01
  +4.02633570967801113216e-01+j8.18297516701704363840e-01
  +4.20738710210215860474e-01+j8.11425754026028012156e-01
  +4.38536490010647317384e-01+j8.04437806548442768673e-01
  +4.55408911333677390854e-01+j7.96939167255483194019e-01
  +4.71893424779155079563e-01+j7.89224466442743577410e-01
  +4.87679912269993576235e-01+j7.81376301288248531485e-01
  +5.03170752894424477830e-01+j7.73469674082435609819e-01
  +5.17481660291119527351e-01+j7.65221766853369622652e-01
  +5.31287826793505946199e-01+j7.56826198130147509424e-01
  +5.45093019260091238287e-01+j7.48427284312540130884e-01
  +5.58897250697938163810e-01+j7.40025033238717822037e-01
  +5.72700534161984076142e-01+j7.31619452735830844148e-01
  +5.85116591430248633721e-01+j7.23006233334659853540e-01
  +5.96924925412849249895e-01+j7.14300652561365545523e-01
  +6.08731844750252437670e-01+j7.05592147235717725984e-01
  +6.20537359438515290222e-01+j6.96880721121680091201e-01
  +6.32341479497602998450e-01+j6.88166377969419373883e-01
  +6.42943443987250340399e-01+j6.79389285242267160214e-01
  +6.53006116290199001284e-01+j6.70582828558709542754e-01
  +6.63067210554005193046e-01+j6.61773872705576415854e-01
  +6.73126723724028597218e-01+j6.52962407367328578900e-01
  +6.83184660007291388872e-01+j6.44148431636888063601e-01
  +6.92246002675681482152e-01+j6.35313545014748570772e-01
  +7.00849505944797002144e-01+j6.26468002347202901348e-01
  +7.09451255641501798976e-01+j6.17620291073237015489e-01
  +7.18051256616454969262e-01+j6.08770409916321919575e-01
  +7.26649514583271649570e-01+j5.99918357198278573428e-01
  +7.34485522284056835396e-01+j5.91204007675711351588e-01
  +7.41962925451448707115e-01+j5.82553346652571413244e-01
  +7.49438477903106137212e-01+j5.73900802208555216311e-01
  +7.56912184960544021095e-01+j5.65246374016055597167e-01
  +7.64384051948281295630e-01+j5.56590061739433150656e-01
  +7.71102295994752440222e-01+j5.47992945369111805753e-01
  +7.77457805663752443692e-01+j5.39423488242766313583e-01
  +7.83811433670206780810e-01+j5.30852416088809286876e-01
  +7.90163184228484194449e-01+j5.22279727936164284152e-01
  +7.96513061553757562017e-01+j5.13705422808119815947e-01
  +8.02294766735131115176e-01+j5.05332972164927007874e-01
  +8.07796547675152520895e-01+j4.97058998078408753596e-01
  +8.13296491653527353627e-01+j4.88783620803230955953e-01
  +8.18794601455180459659e-01+j4.80506838013000259213e-01
  +8.24290879952784716345e-01+j4.72228649477835271675e-01
  +8.29337479129029553349e-01+j4.64090673634639960810e-01
  +8.34157324678477696267e-01+j4.56022561867061415608e-01
  +8.38975356160553964457e-01+j4.47953212151773860761e-01
  +8.43791575928927728434e-01+j4.39882623067067046740e-01
  +8.48605986335752571215e-01+j4.31810793190017416787e-01
  +8.53021186942047648927e-01+j4.23898455218663594568e-01
  +8.57230482637332369400e-01+j4.16067560040117023767e-01
  +8.61438000002460735338e-01+j4.08235573337863533183e-01
  +8.65643740960371443904e-01+j4.00402493736288334070e-01
  +8.69847707432989114551e-01+j3.92568319858983494353e-01
  +8.73565256654526223201e-01+j3.84852524773981574668e-01
  +8.77026511437858480313e-01+j3.77198529948891247976e-01
  +8.80486005660021442409e-01+j3.69543618279973118401e-01
  +8.83943740652489373666e-01+j3.61887788230390250455e-01
  +8.87399718224271549794e-01+j3.54231038631184602661e-01
  +8.90690588262504245876e-01+j3.46768453446814450825e-01
  +8.93892043086947363228e-01+j3.39409753617760323596e-01
  +8.97091801129343280330e-01+j3.32050205066454107161e-01
  +9.00289863717681604349e-01+j3.24689806471003317156e-01
  +9.03486232178772885604e-01+j3.17328556509058445911e-01
  +9.06272256763479111541e-01+j3.10102169133328275930e-01
  +9.08832326054516692615e-01+j3.02949542908615310211e-01
  +9.11390728131178162741e-01+j2.95796218834347313109e-01
  +9.13947463990867681183e-01+j2.88642195600843254333e-01
  +9.16502534629889731299e-01+j2.81487471898195840136e-01
  +9.18831086411622921517e-01+j2.74453511488153001352e-01
  +9.21031870710211419961e-01+j2.67487056344357987392e-01
  +9.23231023229440617150e-01+j2.60519987142075748476e-01
  +9.25428544497998717411e-01+j2.53552302729987522056e-01
  +9.27624435505822964032e-01+j2.46584001842108324620e-01
  +9.29472303394674459476e-01+j2.39738250159045346299e-01
  +9.31119999954971522271e-01+j2.32962595028909452699e-01
  +9.32766092889983911007e-01+j2.26186457601934065575e-01
  +9.34410582733643080289e-01+j2.19409836689582471436e-01
  +9.36053470019087674459e-01+j2.12632731103447353282e-01
  +9.37645587465019691997e-01+j2.06033617148532077756e-01
  +9.39207357334166825780e-01+j1.99538579632188489699e-01
  +9.40767590414727017389e-01+j1.93043086485940762476e-01
  +9.42326287239446669375e-01+j1.86547136555495984833e-01
  +9.43883448308067807275e-01+j1.80050728718959968111e-01
  +9.45280687337925695779e-01+j1.73663769940157725058e-01
  +9.46581639224464588267e-01+j1.67342175222096989362e-01
  +9.47881089067502236034e-01+j1.61020187211540377614e-01
  +9.49179037253293222953e-01+j1.54697804846133907253e-01
  +9.50475484141472426458e-01+j1.48375027194705300104e-01
  +9.51626318037211871292e-01+j1.42168043251374942582e-01
  +9.52687586357275573157e-01+j1.36031738260195017576e-01
  +9.53747390575318876316e-01+j1.29895097182146063153e-01
  +9.54805730972103638976e-01+j1.23758119048578960064e-01
  +9.55862607827739352295e-01+j1.17620802891006515090e-01
  +9.56651928040054944091e-01+j1.11592389246352272081e-01
  +9.57273660823430572187e-01+j1.05631935451577410601e-01
  +9.57893957607335977400e-01+j9.96712528243982320841e-02
  +9.58512818535831256916e-01+j9.37103404878560225510e-02
  +9.59130243687797645613e-01+j8.77491974267708696456e-02
  +9.59631098800577397867e-01+j8.18804369561405148703e-02
  +9.60057121016425596416e-01+j7.60705471465052962543e-02
  +9.60481738065891987866e-01+j7.02604768700361842493e-02
  +9.60904950009273894906e-01+j6.44502252383710866335e-02
  +9.61326756906203949704e-01+j5.86397913633969897207e-02
  +9.61776562004724056010e-01+j5.29084300869447354820e-02
  +9.62244138099906276551e-01+j4.72284939397064756905e-02
  +9.62710343392308209864e-01+j4.15483662444343995745e-02
  +9.63175177935311155331e-01+j3.58680461500585773260e-02
  +9.63638641800360296052e-01+j3.01875328165968521976e-02
  +9.63870738122658443636e-01+j2.46376860514148435244e-02
  +9.63948547246879838823e-01+j1.91747484969324692716e-02
  +9.64025024912771755226e-01+j1.37117174723510037992e-02
  +9.64100171071030076497e-01+j8.24859222807558696566e-03
  +9.64173985678271394661e-01+j2.78537201424589302839e-03
  +9.64292397185985472596e-01-j2.60143825946415737857e-03
  +9.64440689824904273664e-01-j7.93640954704996105795e-03
  +9.64587685574028741442e-01-j1.32714921190358100395e-02
  +9.64733384407229555002e-01-j1.86066866864063665266e-02
  +9.64877786297873019095e-01-j2.39419939599002651320e-02
  +9.64810789929169798640e-01-j2.91957041463834637840e-02
  +9.64596867229467136440e-01-j3.43928105694909433399e-02
  +9.64381668979278239284e-01-j3.95899381039166858853e-02
  +9.64165195048022449775e-01-j4.47870874174499875031e-02
  +9.63947445318448004059e-01-j4.99842591888850495963e-02
  +9.63786108859530310511e-01-j5.51089876137541914702e-02
  +9.63664349979129086776e-01-j6.01824716550257085568e-02
  +9.63541349513275080518e-01-j6.52560000211358515187e-02
  +9.63417107356029256415e-01-j7.03295733405684408979e-02
  +9.63291623400996832594e-01-j7.54031922415118321945e-02
  +9.62968722827885481585e-01-j8.04054631752875031969e-02
  +9.62502875360976228869e-01-j8.53561341449900479184e-02
  +9.62035803969448211070e-01-j9.03067631238201468102e-02
  +9.61567508467517040316e-01-j9.52573507085232029645e-02
  +9.61097988650538748168e-01-j1.00207897452102179248e-01
  +9.60565037116141384743e-01-j1.05093246027308101498e-01
  +9.59985009282936063713e-01-j1.09930483173202808711e-01
  +9.59403781231768837401e-01-j1.14767649605714006089e-01
  +9.58821352743816301967e-01-j1.19604745862947114965e-01
  +9.58237723599865143242e-01-j1.24441772482660986676e-01
  +9.57727075818687323405e-01-j1.29194598454190678893e-01
  +9.57271091899771109368e-01-j1.33884057313521181998e-01
  +9.56813948803962865952e-01-j1.38573475524857686603e-01
  +9.56355646354172694856e-01-j1.43262853583077831576e-01
  +9.55896184372817314667e-01-j1.47952191989553505369e-01
  +9.55260145448368125365e-01-j1.52558980670827237791e-01
  +9.54488221541376247181e-01-j1.57102285089864845968e-01
  +9.53715163286165790169e-01-j1.61645467246855800703e-01
  +9.52940970434122069932e-01-j1.66188527589208462354e-01
  +9.52165642736300110727e-01-j1.70731466563982969831e-01
  +9.51343128137562277225e-01-j1.75208230328901953810e-01
  +9.50483398359033393454e-01-j1.79633072035419089074e-01
  +9.49622560512467406291e-01-j1.84057768391230891503e-01
  +9.48760614333398644149e-01-j1.88482319803977366179e-01
  +9.47897559553773527696e-01-j1.92906726687398610842e-01
  +9.46987603723053128491e-01-j1.97283269555744433799e-01
  +9.46039919849276600416e-01-j2.01621473915641724606e-01
  +9.45091145639233132236e-01-j2.05959510679400076283e-01
  +9.44141280811845451382e-01-j2.10297380231617481172e-01
  +9.43190325085733083377e-01-j2.14635082956527417641e-01
  +9.42314549092821640563e-01-j2.18954792157670941055e-01
  +9.41499956569838425402e-01-j2.23259808644767049346e-01
  +9.40684285406516162986e-01-j2.27564693925316086087e-01
  +9.39867535362191253157e-01-j2.31869448378972137226e-01
  +9.39049706194014288663e-01-j2.36174072386792249789e-01
  +9.38077577563488862467e-01-j2.40385339050746715817e-01
  +9.36976758884381477621e-01-j2.44518754409690397544e-01
  +9.35874894107982635560e-01-j2.48651961823205869262e-01
  +9.34771982941585144467e-01-j2.52784961609616998235e-01
  +9.33668025092248110575e-01-j2.56917754086899097210e-01
  +9.32532308724252856358e-01-j2.60984926298809649658e-01
  +9.31369462964079186662e-01-j2.64996275799020297725e-01
  +9.30205599096617374855e-01-j2.69007399761313437114e-01
  +9.29040716827851609239e-01-j2.73018298472681997247e-01
  +9.27874815862335888816e-01-j2.77028972220276614724e-01
  +9.26675478019390208573e-01-j2.80991849662515280617e-01
  +9.25447021292246096991e-01-j2.84913229781466770252e-01
  +9.24217565950616881665e-01-j2.88834366826421606866e-01
  +9.22987111694374640081e-01-j2.92755261058927185314e-01
  +9.21755658223188500955e-01-j2.96675912740180958149e-01
  +9.20487620672549744505e-01-j3.00565922531789819772e-01
  +9.19187103954615336576e-01-j3.04428774547028158093e-01
  +9.17885599698660792356e-01-j3.08291365216576240815e-01
  +9.16583107597012780587e-01-j3.12153694781986734696e-01
  +9.15279627340634949206e-01-j3.16015763484581491127e-01
  +9.13947410741732468864e-01-j3.19830294401091841383e-01
  +9.12589169535622191098e-01-j3.23601867387806607645e-01
  +9.11229960925586279785e-01-j3.27373163140405376570e-01
  +9.09869784600977116185e-01-j3.31144181875628385026e-01
  +9.08508640250971999386e-01-j3.34914923809864872872e-01
  +9.07121342697100874197e-01-j3.38638489515218799042e-01
  +9.05709894063903675487e-01-j3.42318564951681447717e-01
  +9.04297498445179259718e-01-j3.45998348283562739969e-01
  +9.02884155531430976360e-01-j3.49677839703760540147e-01
  +9.01469865011706339430e-01-j3.53357039404589901022e-01
  +9.00045334888818771013e-01-j3.56957313858591418487e-01
  +8.98611154128979738864e-01-j3.60483388871326249081e-01
  +8.97176064394425987203e-01-j3.64009162582337508773e-01
  +8.95740065387188533208e-01-j3.67534635152974631378e-01
  +8.94303156809161392538e-01-j3.71059806744253928290e-01
  +8.92818377438270416313e-01-j3.74602489728442511474e-01
  +8.91287651248335865972e-01-j3.78161933403508510043e-01
  +8.89756002111722787973e-01-j3.81721053513168984139e-01
  +8.88223429709500855722e-01-j3.85279850212396024478e-01
  +8.86689933722912826397e-01-j3.88838323655966267012e-01
  +8.85143475832077974985e-01-j3.92335095372809528058e-01
  +8.83584341539129902721e-01-j3.95771494463070139247e-01
  +8.82024314073833415328e-01-j3.99207560093291169423e-01
  +8.80463393126695081925e-01-j4.02643292392821261494e-01
  +8.78901578388105342299e-01-j4.06078691490669829722e-01
  +8.77322455497318132167e-01-j4.09468788747931022876e-01
  +8.75726074033604140467e-01-j4.12813665294692599961e-01
  +8.74128820593989219745e-01-j4.16158197098950910497e-01
  +8.72530694873623002827e-01-j4.19502384269568651121e-01
  +8.70931696568168156602e-01-j4.22846226915560563508e-01
  +8.69416081542035645846e-01-j4.26195795129917009980e-01
  +8.67985383520744391284e-01-j4.29551233470883919718e-01
  +8.66553814830456015095e-01-j4.32906373215748208061e-01
  +8.65121375192515751351e-01-j4.36261214493724958086e-01
  +8.63688064328148152882e-01-j4.39615757433727327719e-01
  +8.62125872169202001061e-01-j4.42878413734210718555e-01
  +8.60429864984979420051e-01-j4.46045575422638285179e-01
  +8.58733026235856233832e-01-j4.49212363008406556641e-01
  +8.57035355623490091581e-01-j4.52378776558752582204e-01
  +8.55336852849284290379e-01-j4.55544816140357133882e-01
  +8.53637517614852625591e-01-j4.58710481819921744862e-01
  +8.51937349621740835914e-01-j4.61875773663834254812e-01
  +8.50236348571321354228e-01-j4.65040691738034084324e-01
  +8.48534514164890230070e-01-j4.68205236108134636996e-01
  +8.46831846103673901993e-01-j4.71369406839428461975e-01
  +8.45093144165846021920e-01-j4.74476216462859090583e-01
  +8.43315569763239181178e-01-j4.77521017150511428717e-01
  +8.41537190133889834165e-01-j4.80565420520260466741e-01
  +8.39758004983506611829e-01-j4.83609426609384052131e-01
  +8.37978014017744188280e-01-j4.86653035454839011376e-01
  +8.36197216942157428576e-01-j4.89696247093166170394e-01
  +8.34415613462260230548e-01-j4.92739061560599767020e-01
  +8.32633203283648537507e-01-j4.95781478893327909319e-01
  +8.30849986111767857544e-01-j4.98823499127032832234e-01
  +8.29065961652009852934e-01-j5.01865122297077470570e-01
  +8.27254998637578453646e-01-j5.04843817589912369215e-01
  +8.25413841502846024056e-01-j5.07751720973379727653e-01
  +8.23571910207255508674e-01-j5.10659207723162311687e-01
  +8.21729204466162377329e-01-j5.13566277847843366544e-01
  +8.19885723994890236455e-01-j5.16472931355694497846e-01
  +8.18041468508731495213e-01-j5.19379168254678114103e-01
  +8.16196437722947809590e-01-j5.22284988552446649557e-01
  +8.14350631352721898715e-01-j5.25190392256172144947e-01
  +8.12504049113286774819e-01-j5.28095379373016982072e-01
  +8.10656690719816053203e-01-j5.30999949909751522981e-01
  +8.08782892848449952439e-01-j5.33849859980360164080e-01
  +8.06878269833234407216e-01-j5.36635779746338359431e-01
  +8.04972899898921512296e-01-j5.39421263697361985656e-01
  +8.03066782769613629611e-01-j5.42206311816299302286e-01
  +8.01159918169398133081e-01-j5.44990924085717143299e-01
  +7.99252305822352959730e-01-j5.47775100487880139966e-01
  +7.97343945452539282215e-01-j5.50558841004750498804e-01
  +7.95434836784004839494e-01-j5.53342145617988778739e-01
  +7.93524979540782160470e-01-j5.56125014308954002118e-01
  +7.91614373446878571983e-01-j5.58907447058548334518e-01
  +7.89676823496137991754e-01-j5.61642788924280766949e-01
  +7.87706585637627743068e-01-j5.64320761690438321700e-01
  +7.85735624396001530734e-01-j5.66998278979713887793e-01
  +7.83763939502838069551e-01-j5.69675340751342074164e-01
  +7.81791530689721070324e-01-j5.72351946964261171225e-01
  +7.79818397688236131238e-01-j5.75028097577112928818e-01
  +7.77844540229974068524e-01-j5.77703792548243000304e-01
  +7.75869958046527030682e-01-j5.80379031835702829945e-01
  +7.73894650869489941769e-01-j5.83053815397245767116e-01
  +7.71918618430458947088e-01-j5.85728143190330952095e-01
  +7.69928434366572655989e-01-j5.88344854384038051798e-01
  +7.67920492173782220924e-01-j5.90888480302619201190e-01
  +7.65911858516499899352e-01-j5.93431637482101703718e-01
  +7.63902533141624262569e-01-j5.95974325860074150008e-01
  +7.61892515796071534417e-01-j5.98516545373825925580e-01
  +7.59881806226781697511e-01-j6.01058295960367416910e-01
  +7.57870404180712498032e-01-j6.03599577556424238267e-01
  +7.55858309404841333112e-01-j6.06140390098438786026e-01
  +7.53845521646164362650e-01-j6.08680733522570682759e-01
  +7.51832040651697286471e-01-j6.11220607764699441766e-01
  +7.49794058228771542751e-01-j6.13721728286363177318e-01
  +7.47723894277722123114e-01-j6.16171706259850404663e-01
  +7.45653058999977247367e-01-j6.18621196549254737107e-01
  +7.43581552149983560085e-01-j6.21070199072077167024e-01
  +7.41509373482203026917e-01-j6.23518713745597641385e-01
  +7.39436522751125924202e-01-j6.25966740486843309377e-01
  +7.37362999711287159244e-01-j6.28414279212526016849e-01
  +7.35288804117254168879e-01-j6.30861329839080720028e-01
  +7.33213935723628917884e-01-j6.33307892282663931205e-01
  +7.31138394285044679322e-01-j6.35753966459154717938e-01
  +7.29055423901917021290e-01-j6.38146334780221091698e-01
  +7.26962491369806174113e-01-j6.40464844335430938393e-01
  +7.24868919621893925687e-01-j6.42782856629101950752e-01
  +7.22774708430262369241e-01-j6.45100371561586616309e-01
  +7.20679857567042225774e-01-j6.47417389032973744634e-01
  +7.18584366804413732233e-01-j6.49733908943089688570e-01
  +7.16488235914632842771e-01-j6.52049931191443610246e-01
  +7.14391464669947406918e-01-j6.54365455677387131139e-01
  +7.12294052842680436299e-01-j6.56680482299960122106e-01
  +7.10196000205204014399e-01-j6.58995010957935445361e-01
  +7.08046669255065541648e-01-j6.61240895060171696151e-01
  +7.05823982075781231060e-01-j6.63388354614526720709e-01
  +7.03600695678901932872e-01-j6.65535275983165197644e-01
  +7.01376809851983917810e-01-j6.67681659030988083892e-01
  +6.99152324382663503677e-01-j6.69827503622640429981e-01
  +6.96927239058657721493e-01-j6.71972809622512823324e-01
  +6.94701553667764093447e-01-j6.74117576894739500837e-01
  +6.92475267997857968361e-01-j6.76261805303199015071e-01
  +6.90248381836897739738e-01-j6.78405494711511791728e-01
  +6.88020894972942720358e-01-j6.80548644983015482701e-01
  +6.85809652144420578423e-01-j6.82686945761750041406e-01
  +6.83623036580613963054e-01-j6.84818260590886462857e-01
  +6.81435824078629903688e-01-j6.86949047322155004203e-01
  +6.79248014431760638310e-01-j6.89079305823627197292e-01
  +6.77059607433373789043e-01-j6.91209035963125772994e-01
  +6.74870602876910363754e-01-j6.93338237608227880848e-01
  +6.72681000555883312764e-01-j6.95466910626258649764e-01
  +6.70490800263878972132e-01-j6.97595054884296406073e-01
  +6.68300001794556064461e-01-j6.99722670249170008994e-01
  +6.66108604941645032760e-01-j7.01849756587460404944e-01
  +6.63907709277161806050e-01-j7.03937998788393470839e-01
  +6.61692335446932400345e-01-j7.05965874682452088074e-01
  +6.59476389479586755371e-01-j7.07993211498717078811e-01
  +6.57259871182661603584e-01-j7.10020009092078296931e-01
  +6.55042780363798371468e-01-j7.12046267317172132394e-01
  +6.52825116830724527794e-01-j7.14071986028390504053e-01
  +6.50606880391251252149e-01-j7.16097165079890296546e-01
  +6.48388070853274878225e-01-j7.18121804325589030427e-01
  +6.46168688024773785195e-01-j7.20145903619167970788e-01
  +6.43948731713812283495e-01-j7.22169462814068796597e-01
  +6.41706615805919478035e-01-j7.24168158440265274933e-01
  +6.39428774894027829312e-01-j7.26126679744459435639e-01
  +6.37150376147989638831e-01-j7.28084642364055345531e-01
  +6.34871419382530222109e-01-j7.30042046138306921499e-01
  +6.32591904412471262020e-01-j7.31998890906231380882e-01
  +6.30311831052741133874e-01-j7.33955176506606576936e-01
  +6.28031199118356031619e-01-j7.35910902777978437328e-01
  +6.25750008424414194685e-01-j7.37866069558671289208e-01
  +6.23468258786121887205e-01-j7.39820676686764211460e-01
  +6.21185950018781629645e-01-j7.41774724000102358978e-01
  +6.18907502838160983316e-01-j7.43684496325896504665e-01
  +6.16636034918952469219e-01-j7.45519392703213990004e-01
  +6.14364041234266133884e-01-j7.47353728349058776814e-01
  +6.12091521619277489918e-01-j7.49187503095159246236e-01
  +6.09818475909267743162e-01-j7.51020716773028174096e-01
  +6.07544903939622682465e-01-j7.52853369213959178197e-01
  +6.05270805545830792305e-01-j7.54685460249028383650e-01
  +6.02996180563487693682e-01-j7.56516989709097309458e-01
  +6.00721028828290704027e-01-j7.58347957424805985127e-01
  +5.98445350176054824409e-01-j7.60178363226574060896e-01
  +5.96156156544942805731e-01-j7.61981723684050371581e-01
  +5.93843395620349268071e-01-j7.63737505523519599748e-01
  +5.91530127098235714023e-01-j7.65492712321856672020e-01
  +5.89216350824649959250e-01-j7.67247343898948441776e-01
  +5.86902066645755726704e-01-j7.69001400074472818424e-01
  +5.84587274407829093903e-01-j7.70754880667894104462e-01
  +5.82271973957262156674e-01-j7.72507785498467658414e-01
  +5.79956165140561363813e-01-j7.74260114385239117674e-01
  +5.77639847804348072202e-01-j7.76011867147042955217e-01
  +5.75323021795356770447e-01-j7.77763043602503700846e-01
  +5.72998922143162503495e-01-j7.79484413074777227060e-01
  +5.70661785332258642001e-01-j7.81150998681906294507e-01
  +5.68324162688505274410e-01-j7.82816999277393232859e-01
  +5.65986054071681343736e-01-j7.84482414671986316712e-01
  +5.63647459341671153155e-01-j7.86147244676231871097e-01
  +5.61308378358486792514e-01-j7.87811489100481932013e-01
  +5.58968810982264807663e-01-j7.89475147754882811135e-01
  +5.56628757073266533517e-01-j7.91138220449381868171e-01
  +5.54288216491875873615e-01-j7.92800706993722736904e-01
  +5.51947189098599300117e-01-j7.94462607197454206975e-01
  +5.49609996189303062764e-01-j7.96089576904503215538e-01
  +5.47280711849293499682e-01-j7.97649393562184672035e-01
  +5.44950969690511599630e-01-j7.99208623840299337004e-01
  +5.42620769590761886647e-01-j8.00767267545585581523e-01
  +5.40290111427978669845e-01-j8.02325324484596480445e-01
  +5.37958995080224378071e-01-j8.03882794463699812404e-01
  +5.35627420425690004002e-01-j8.05439677289077726741e-01
  +5.33295387342699322986e-01-j8.06995972766727409642e-01
  +5.30962895709705895442e-01-j8.08551680702460195960e-01
  +5.28629945405278078852e-01-j8.10106800901903012502e-01
  +5.26259212917830065948e-01-j8.11612240567083365050e-01
  +5.23812383171324946751e-01-j8.13017543340052273315e-01
  +5.21365134014423081688e-01-j8.14422220685055320288e-01
  +5.18917465347130901776e-01-j8.15826272383815997991e-01
  +5.16469377069610158237e-01-j8.17229698217885047740e-01
  +5.14020869082178255560e-01-j8.18632497968638683794e-01
  +5.11571941285306808211e-01-j8.20034671417281368910e-01
  +5.09122593579623083926e-01-j8.21436218344845259232e-01
  +5.06672825865909559617e-01-j8.22837138532188427931e-01
  +5.04222638045102256044e-01-j8.24237431759995864411e-01
  +5.01797899108341938224e-01-j8.25635943845734687763e-01
  +4.99427633092625056221e-01-j8.27031395379370426468e-01
  +4.97056950084386051092e-01-j8.28426242650456168271e-01
  +4.94685849987795078775e-01-j8.29820485452227973866e-01
  +4.92314332707165069891e-01-j8.31214123577757146855e-01
  +4.89942398146954505300e-01-j8.32607156819948124316e-01
  +4.87570046211764918098e-01-j8.33999584971538698852e-01
  +4.85197276806340782596e-01-j8.35391407825100462681e-01
  +4.82824089835569625340e-01-j8.36782625173040472966e-01
  +4.80450485204481247958e-01-j8.38173236807597366038e-01
  +4.78056264750293447019e-01-j8.39549041243367932807e-01
  +4.75616742087172472697e-01-j8.40892662760447162640e-01
  +4.73176812895080289856e-01-j8.42235657622888989060e-01
  +4.70736477085689608568e-01-j8.43578025610497550524e-01
  +4.68295734570829680354e-01-j8.44919766502915337014e-01
  +4.65854585262483245067e-01-j8.46260880079619748351e-01
  +4.63413029072787252538e-01-j8.47601366119922872144e-01
  +4.60971065914037914091e-01-j8.48941224402974592422e-01
  +4.58528695698679822357e-01-j8.50280454707759036914e-01
  +4.56085918339311280345e-01-j8.51619056813098351810e-01
  +4.53626593497149732670e-01-j8.52903120580344786816e-01
  +4.51129287776018239597e-01-j8.54060932044002685259e-01
  +4.48631625776443443421e-01-j8.55218093787331268274e-01
  +4.46133607441078827716e-01-j8.56374605576901704040e-01
  +4.43635232712749849604e-01-j8.57530467179141497880e-01
  +4.41136501534456271223e-01-j8.58685678360337156789e-01
  +4.38637413849371993191e-01-j8.59840238886634744553e-01
  +4.36137969600843333762e-01-j8.60994148524039881742e-01
  +4.33638168732388973314e-01-j8.62147407038415636293e-01
  +4.31138011187703285021e-01-j8.63300014195485743151e-01
  +4.28656920551321152235e-01-j8.64455969848424765622e-01
  +4.26222959156763614441e-01-j8.65621066140603745431e-01
  +4.23788638712003895570e-01-j8.66785530439537099667e-01
  +4.21353959159663116196e-01-j8.67949362521706069273e-01
  +4.18918920442517606073e-01-j8.69112562163452895270e-01
  +4.16483522503510505963e-01-j8.70275129140980152620e-01
  +4.14047765285746771635e-01-j8.71437063230353858856e-01
  +4.11611648732493340397e-01-j8.72598364207500254430e-01
  +4.09175172787178687006e-01-j8.73759031848205913739e-01
  +4.06738337393394600028e-01-j8.74919065928120964770e-01
  +4.04297477417150996626e-01-j8.76059212628047756510e-01
  +4.01846859212420803864e-01-j8.77149281153177695636e-01
  +3.99395901283303877971e-01-j8.78238709686394058984e-01
  +3.96944603585365096698e-01-j8.79327498000237239850e-01
  +3.94492966074334205917e-01-j8.80415645867114182721e-01
  +3.92040988706110427042e-01-j8.81503153059305044614e-01
  +3.89588671436760014544e-01-j8.82590019348961973833e-01
  +3.87136014222516311456e-01-j8.83676244508105446229e-01
  +3.84683017019782580448e-01-j8.84761828308629927342e-01
  +3.82229679785126175151e-01-j8.85846770522297100037e-01
  +3.79777334802774368949e-01-j8.86910940174292061755e-01
  +3.77328261064509395961e-01-j8.87920114414990857554e-01
  +3.74878869339968889829e-01-j8.88928645829475949647e-01
  +3.72429159598753001248e-01-j8.89936534189791572658e-01
  +3.69979131810633132815e-01-j8.90943779267866609040e-01
  +3.67528785945550717784e-01-j8.91950380835509482047e-01
  +3.65078121973617275575e-01-j8.92956338664413817874e-01
  +3.62627139865114911377e-01-j8.93961652526153116582e-01
  +3.60175839590496260634e-01-j8.94966322192184859929e-01
  +3.57724221120384044958e-01-j8.95970347433847291718e-01
  +3.55274268968055750850e-01-j8.96954809192693547359e-01
  +3.52829652960688688879e-01-j8.97884853155209605724e-01
  +3.50384740450369214226e-01-j8.98814252358326015724e-01
  +3.47939531420378922455e-01-j8.99743006574559189836e-01
  +3.45494025854173880674e-01-j9.00671115576323288998e-01
  +3.43048223735379687049e-01-j9.01598579135920785710e-01
  +3.40602125047795245560e-01-j9.02525397025551123775e-01
  +3.38155729775391822312e-01-j9.03451569017306610476e-01
  +3.35709037902313489621e-01-j9.04377094883171417372e-01
  +3.33262049412876903975e-01-j9.05301974395027908571e-01
  +3.30809277796197509502e-01-j9.06211186673758217758e-01
  +3.28339782817336611753e-01-j9.07074745227796075397e-01
  +3.25870008500508734350e-01-j9.07937648671688579682e-01
  +3.23399954840871861617e-01-j9.08799896773889837043e-01
  +3.20929621833762834804e-01-j9.09661489302754810993e-01
  +3.18459009474696630448e-01-j9.10522426026542097688e-01
  +3.15988117759365472192e-01-j9.11382706713409707078e-01
  +3.13516946683640773674e-01-j9.12242331131420391976e-01
  +3.11045496243571140127e-01-j9.13101299048536096947e-01
  +3.08573766435383312068e-01-j9.13959610232621844084e-01
  +3.06092905768265421962e-01-j9.14775851541580142801e-01
  +3.03583804349043473447e-01-j9.15460457906027147423e-01
  +3.01074474291571747564e-01-j9.16144391648571643216e-01
  +2.98564915622207938117e-01-j9.16827652533844239535e-01
  +2.96055128367500530739e-01-j9.17510240326401271815e-01
  +2.93545112554187415110e-01-j9.18192154790727355085e-01
  +2.91034868209196162514e-01-j9.18873395691233496585e-01
  +2.88524395359644081349e-01-j9.19553962792254764302e-01
  +2.86013694032838716730e-01-j9.20233855858058058530e-01
  +2.83502764256276851285e-01-j9.20913074652832785993e-01
  +2.80995505694906444472e-01-j9.21602156436804986761e-01
  +2.78501048872997314376e-01-j9.22325799157570180853e-01
  +2.76006350317649640225e-01-j9.23048773062976612991e-01
  +2.73511410049067982264e-01-j9.23771077918646321692e-01
  +2.71016228087642307987e-01-j9.24492713490118411812e-01
  +2.68520804453948214174e-01-j9.25213679542853939530e-01
  +2.66025139168745872187e-01-j9.25933975842234469056e-01
  +2.63529232252982248408e-01-j9.26653602153563293875e-01
  +2.61033083727789105843e-01-j9.27372558242064215506e-01
  +2.58536693614482671055e-01-j9.28090843872881432475e-01
  +2.56036374382757558887e-01-j9.28795087401360075496e-01
  +2.53522767253293035417e-01-j9.29451309101575362526e-01
  +2.51008936528153481227e-01-j9.30106853156685176032e-01
  +2.48494882239967851412e-01-j9.30761719330268300077e-01
  +2.45980604421553256111e-01-j9.31415907385829466847e-01
  +2.43466103105918318938e-01-j9.32069417086808460482e-01
  +2.40951378326260096108e-01-j9.32722248196570680179e-01
  +2.38436430115965880550e-01-j9.33374400478412247217e-01
  +2.35921258508612896598e-01-j9.34025873695561448251e-01
  +2.33405863537967439569e-01-j9.34676667611173628281e-01
  +2.30888971511840707107e-01-j9.35289479387620303896e-01
  +2.28367103060639148326e-01-j9.35761456733080310144e-01
  +2.25845064983060367370e-01-j9.36232748358820088264e-01
  +2.23322857343445202449e-01-j9.36703354032756285719e-01
  +2.20800480206329946542e-01-j9.37173273522766359100e-01
  +2.18277933636445098387e-01-j9.37642506596680358477e-01
  +2.15755217698716195152e-01-j9.38111053022288920999e-01
  +2.13232332458263257324e-01-j9.38578912567336720585e-01
  +2.10709277980402648334e-01-j9.39046084999530017434e-01
  +2.08186054330643965926e-01-j9.39512570086528331359e-01
  +2.05668692279358161779e-01-j9.39987462152403363547e-01
  +2.03175245951669025679e-01-j9.40498005221988342406e-01
  +2.00681617476857143689e-01-j9.41007870350939024107e-01
  +1.98187806912513531099e-01-j9.41517057309960159195e-01
  +1.95693814316419023580e-01-j9.42025565869710979072e-01
  +1.93199639746543777585e-01-j9.42533395800802087372e-01
  +1.90705283261046520948e-01-j9.43040546873792906446e-01
  +1.88210744918276412507e-01-j9.43547018859199226881e-01
  +1.85716024776770294302e-01-j9.44052811527483437537e-01
  +1.83221122895255938978e-01-j9.44557924649064850620e-01
  +1.80733404687588167237e-01-j9.45049501488141485694e-01
  +1.78276878482525907854e-01-j9.45485662838820184461e-01
  +1.75820192094016392037e-01-j9.45921154324374846567e-01
  +1.73363345591027145920e-01-j9.46355975724084919065e-01
  +1.70906339042711685750e-01-j9.46790126817197319475e-01
  +1.68449172518407019883e-01-j9.47223607382920329556e-01
  +1.65991846087635647189e-01-j9.47656417200425149616e-01
  +1.63534359820104419070e-01-j9.48088556048847674873e-01
  +1.61076713785705011306e-01-j9.48520023707286163983e-01
  +1.58618908054513452210e-01-j9.48950819954801794154e-01
  +1.56162269519473817514e-01-j9.49370233915273087355e-01
  +1.53711519249378453233e-01-j9.49740243164239883455e-01
  +1.51260627765272132050e-01-j9.50109581396676450282e-01
  +1.48809595147244538849e-01-j9.50478248395362990131e-01
  +1.46358421475569544512e-01-j9.50846243943051505632e-01
  +1.43907106830705344702e-01-j9.51213567822469130419e-01
  +1.41455651293294765170e-01-j9.51580219816315242554e-01
  +1.39004054944164623375e-01-j9.51946199707258577938e-01
  +1.36552317864325978292e-01-j9.52311507277945668015e-01
  +1.34100440134974241424e-01-j9.52676142310993290252e-01
  +1.31647093667586256860e-01-j9.53030486859128611599e-01
  +1.29187139957761126796e-01-j9.53337255827961915777e-01
  +1.26727062985271948792e-01-j9.53643348138359603361e-01
  +1.24266862841544492579e-01-j9.53948763574378522101e-01
  +1.21806539618190892704e-01-j9.54253501920057423114e-01
  +1.19346093407009176679e-01-j9.54557562959417404969e-01
  +1.16885524299983195595e-01-j9.54860946476460692445e-01
  +1.14424832389282735146e-01-j9.55163652255171080618e-01
  +1.11964017767263696035e-01-j9.55465680079515378154e-01
  +1.09503080526467469480e-01-j9.55767029733440409700e-01
  +1.07036752045488972596e-01-j9.56041054940058421252e-01
  +1.04542702630744221981e-01-j9.56174668730942811656e-01
  +1.02048581439865934661e-01-j9.56307590722269451611e-01
  +9.95543885948931700502e-02-j9.56439820702224885451e-01
  +9.70601242180563761330e-02-j9.56571358459000986585e-01
  +9.45657884317773339555e-02-j9.56702203780798954291e-01
  +9.20713813586689217017e-02-j9.56832356455823984653e-01
  +8.95769031215353783715e-02-j9.56961816272292820074e-01
  +8.70823538433721650032e-02-j9.57090583018428087136e-01
  +8.45877336473656871174e-02-j9.57218656482459406831e-01
  +8.20966722006745142082e-02-j9.57353882028090130696e-01
  +7.96260742628826095890e-02-j9.57532824601911025653e-01
  +7.71553900546299437080e-02-j9.57711081565003619076e-01
  +7.46846196899422637427e-02-j9.57888652706265886216e-01
  +7.22137632830329445621e-02-j9.58065537814593803922e-01
  +6.97428209483023642257e-02-j9.58241736678884792333e-01
  +6.72717928003388615510e-02-j9.58417249088037270788e-01
  +6.48006789539179589577e-02-j9.58592074830949103514e-01
  +6.23294795240025706340e-02-j9.58766213696518487808e-01
  +5.98581946257429609037e-02-j9.58939665473645619365e-01
  +5.73863480765885933255e-02-j9.59104455657219023834e-01
  +5.49115038594364321400e-02-j9.59219629211117696954e-01
  +5.24365920640471744330e-02-j9.59334113064363003254e-01
  +4.99616128156655306403e-02-j9.59447907008912581617e-01
  +4.74865662397241788950e-02-j9.59561010836735950313e-01
  +4.50114524618436054326e-02-j9.59673424339808733841e-01
  +4.25362716078317992796e-02-j9.59785147310119879371e-01
  +4.00610238036845783816e-02-j9.59896179539663552127e-01
  +3.75857091755852912307e-02-j9.60006520820449349429e-01
  +3.51103278499052123829e-02-j9.60116170944492974826e-01
  +3.26344897996819760522e-02-j9.60203212132867633954e-01
  +3.01560067839752449226e-02-j9.60143049326935615895e-01
  +2.76775096854242584621e-02-j9.60082191404425300263e-01
  +2.51989986582399211335e-02-j9.60020638168947226809e-01
  +2.27204738568196722148e-02-j9.59958389424148350599e-01
  +2.02419354357472290606e-02-j9.59895444973708156233e-01
  +1.77633835497926773073e-02-j9.59831804621346096340e-01
  +1.52848183539124864855e-02-j9.59767468170813820016e-01
  +1.28062400032491145035e-02-j9.59702435425902056210e-01
  +1.03276486531316494949e-02-j9.59636706190435950781e-01
  +7.85145016259260371261e-03-j9.59576855015843777075e-01
  +5.39285137256634121428e-03-j9.59564470880802433683e-01
  +2.93422327779454660684e-03-j9.59551396623371966044e-01
  +4.75566024161240032131e-04-j9.59537632046543742526e-01
  -1.98312024226557966772e-03-j9.59523176953337664230e-01
  -4.44183537523424546573e-03-j9.59508031146799278410e-01
  -6.90057922830910989986e-03-j9.59492194430004774475e-01
  -9.35935165487086773162e-03-j9.59475666606058097408e-01
  -1.18181525081164345153e-02-j9.59458447478091280836e-01
  -1.42769816410589934358e-02-j9.59440536849266223385e-01
  -1.67282977531961023210e-02-j9.59416062041124395599e-01
  -1.91186859010548625137e-02-j9.59343446452450732131e-01
  -2.15090843737826553639e-02-j9.59270159398665001049e-01
  -2.38994930205777347809e-02-j9.59196200697765233301e-01
  -2.62899116904652084548e-02-j9.59121570167780435057e-01
  -2.86803402322976623562e-02-j9.59046267626779136428e-01
  -3.10707784947547235865e-02-j9.58970292892863729328e-01
  -3.34612263263435322225e-02-j9.58893645784173243030e-01
  -3.58516835753986129465e-02-j9.58816326118882789054e-01
  -3.82421500900816738189e-02-j9.58738333715205448549e-01
  -4.06340873798162124930e-02-j9.58654263314045684830e-01
  -4.30391648039453386665e-02-j9.58520925299541581843e-01
  -4.54442343714480390116e-02-j9.58386908792195013618e-01
  -4.78492959203499837462e-02-j9.58252213612454273317e-01
  -5.02543492885031833906e-02-j9.58116839580812729160e-01
  -5.26593943135859332560e-02-j9.57980786517808602376e-01
  -5.50644308331032714121e-02-j9.57844054244026854583e-01
  -5.74694586843863403081e-02-j9.57706642580095302009e-01
  -5.98744777045929349457e-02-j9.57568551346689056381e-01
  -6.22794877307072808348e-02-j9.57429780364526639147e-01
  -6.46817335921504865670e-02-j9.57275648168653181536e-01
  -6.70561166183982482192e-02-j9.56972559200521044609e-01
  -6.94304388834705715761e-02-j9.56668797886493949001e-01
  -7.18047002016577728956e-02-j9.56364364066417671495e-01
  -7.41789003870855501166e-02-j9.56059257580207044747e-01
  -7.65530392537148579590e-02-j9.55753478267845513194e-01
  -7.89271166153422826239e-02-j9.55447025969385910216e-01
  -8.13011322855998197490e-02-j9.55139900524949236882e-01
  -8.36750860779548188972e-02-j9.54832101774725106047e-01
  -8.60489778057106496911e-02-j9.54523629558974184839e-01
  -8.84216905268030983756e-02-j9.54219320491534683804e-01
  -9.07815222338568122984e-02-j9.53969902724798313187e-01
  -9.31413101169799584333e-02-j9.53719815918011137867e-01
  -9.55010539991221485412e-02-j9.53469059908257365876e-01
  -9.78607537030686119861e-02-j9.53217634532681823423e-01
  -1.00220409051440709214e-01-j9.52965539628490398982e-01
  -1.02580019866696153796e-01-j9.52712775032950376364e-01
  -1.04939585971128443442e-01-j9.52459340583389324486e-01
  -1.07299107186867040409e-01-j9.52205236117193209999e-01
  -1.09658583335877968246e-01-j9.51950461471812614533e-01
  -1.12019927924925766227e-01-j9.51691059770305880505e-01
  -1.14406615056462740432e-01-j9.51378471451237328615e-01
  -1.16793239070388368828e-01-j9.51065203382507884378e-01
  -1.19179799777030387409e-01-j9.50751255402943362682e-01
  -1.21566296986550484438e-01-j9.50436627351437191003e-01
  -1.23952730508944633514e-01-j9.50121319066953740062e-01
  -1.26339100154042954793e-01-j9.49805330388528767926e-01
  -1.28725405731510089691e-01-j9.49488661155268531822e-01
  -1.31111647050844576379e-01-j9.49171311206350232226e-01
  -1.33497823921379682455e-01-j9.48853280381021457757e-01
  -1.35880376740297736937e-01-j9.48525122725334401963e-01
  -1.38207133463577214183e-01-j9.48048466555168611869e-01
  -1.40533775217465434215e-01-j9.47571146679949349867e-01
  -1.42860301793377997281e-01-j9.47093162963658752318e-01
  -1.45186712982579957387e-01-j9.46614515270374101696e-01
  -1.47513008576184795340e-01-j9.46135203464258833783e-01
  -1.49839188365156195104e-01-j9.45655227409574528075e-01
  -1.52165252140305962136e-01-j9.45174586970668917374e-01
  -1.54491199692295633206e-01-j9.44693282011983881397e-01
  -1.56817030811636420884e-01-j9.44211312398054891659e-01
  -1.59143939509069548555e-01-j9.43731460391486587369e-01
  -1.61493406937397721013e-01-j9.43303749574761707386e-01
  -1.63842774983161826308e-01-j9.42875366456862318287e-01
  -1.66192043441882236765e-01-j9.42446310893450767132e-01
  -1.68541212108923338375e-01-j9.42016582740273111796e-01
  -1.70890280779493530794e-01-j9.41586181853164116973e-01
  -1.73239249248645005297e-01-j9.41155108088041258974e-01
  -1.75588117311274050092e-01-j9.40723361300909388660e-01
  -1.77936884762121244608e-01-j9.40290941347860731447e-01
  -1.80285551395770765604e-01-j9.39857848085070002320e-01
  -1.82632394234236217212e-01-j9.39422294033831262183e-01
  -1.84937824912755816031e-01-j9.38943221986642928556e-01
  -1.87243139804593672348e-01-j9.38463489584702936774e-01
  -1.89548338701729462974e-01-j9.37983096695410134558e-01
  -1.91853421395995593635e-01-j9.37502043186257183471e-01
  -1.94158387679075644661e-01-j9.37020328924824230654e-01
  -1.96463237342507368588e-01-j9.36537953778787235493e-01
  -1.98767970177679859090e-01-j9.36054917615910753170e-01
  -2.01072585975835049776e-01-j9.35571220304050377159e-01
  -2.03377084528067381131e-01-j9.35086861711153849441e-01
  -2.05679659203165582371e-01-j9.34600699024705217077e-01
  -2.07923762449398974450e-01-j9.34076975928385788706e-01
  -2.10167735533937416470e-01-j9.33552610031254559431e-01
  -2.12411578248361293531e-01-j9.33027601214168167409e-01
  -2.14655290384113905944e-01-j9.32501949358077952823e-01
  -2.16898871732501358212e-01-j9.31975654344030401965e-01
  -2.19142322084692947604e-01-j9.31448716053164371687e-01
  -2.21385641231720803335e-01-j9.30921134366716307440e-01
  -2.23628828964480469432e-01-j9.30392909166016912614e-01
  -2.25871885073730238602e-01-j9.29864040332488595020e-01
  -2.28115227008187371194e-01-j9.29333400066206349877e-01
  -2.30378872193469141916e-01-j9.28746912465992169317e-01
  -2.32642367334831068337e-01-j9.28159774100856704848e-01
  -2.34905712212359091273e-01-j9.27571984855937503589e-01
  -2.37168906606001927972e-01-j9.26983544616471810684e-01
  -2.39431950295572376630e-01-j9.26394453267804229846e-01
  -2.41694843060746539232e-01-j9.25804710695381283259e-01
  -2.43957584681063655019e-01-j9.25214316784754520206e-01
  -2.46220174935927405002e-01-j9.24623271421580072982e-01
  -2.48482613604604746227e-01-j9.24031574491619100975e-01
  -2.50744289983333423777e-01-j9.23437719658409372769e-01
  -2.52945413438930455374e-01-j9.22694257373847581682e-01
  -2.55146336840913201538e-01-j9.21950162468236245061e-01
  -2.57347059954705859042e-01-j9.21205434853752835878e-01
  -2.59547582545614829996e-01-j9.20460074442699727193e-01
  -2.61747904378826168337e-01-j9.19714081147498752067e-01
  -2.63948025219406856579e-01-j9.18967454880692646846e-01
  -2.66147944832305471952e-01-j9.18220195554947493655e-01
  -2.68347662982351187200e-01-j9.17472303083050944039e-01
  -2.70547179434254270181e-01-j9.16723777377910886699e-01
  -2.72746493952606916533e-01-j9.15974618352561331669e-01
</dep>
